--
-- PostgreSQL database dump
--

SET statement_timeout = 0;
SET lock_timeout = 0;
SET client_encoding = 'UTF8';
SET standard_conforming_strings = on;
SET check_function_bodies = false;
SET client_min_messages = warning;

--
-- Name: plpgsql; Type: EXTENSION; Schema: -; Owner: 
--

CREATE EXTENSION IF NOT EXISTS plpgsql WITH SCHEMA pg_catalog;


--
-- Name: EXTENSION plpgsql; Type: COMMENT; Schema: -; Owner: 
--

COMMENT ON EXTENSION plpgsql IS 'PL/pgSQL procedural language';


SET search_path = public, pg_catalog;

--
-- Name: dm_user_role; Type: TYPE; Schema: public; Owner: postgres
--

CREATE TYPE dm_user_role AS ENUM (
    'dm_admin',
    'dm_captain',
    'dm_user',
    'dm_super_admin'
);


ALTER TYPE public.dm_user_role OWNER TO postgres;

SET default_tablespace = '';

SET default_with_oids = false;

--
-- Name: dm_game_properties; Type: TABLE; Schema: public; Owner: postgres; Tablespace: 
--

CREATE TABLE dm_game_properties (
    game_id uuid,
    key character varying(100),
    value bytea,
    create_ts timestamp without time zone DEFAULT now()
);


ALTER TABLE public.dm_game_properties OWNER TO postgres;

--
-- Name: dm_games; Type: TABLE; Schema: public; Owner: postgres; Tablespace: 
--

CREATE TABLE dm_games (
    game_id uuid NOT NULL,
    game_name character varying(100) NOT NULL,
    game_started boolean DEFAULT false,
    game_password character varying(100) DEFAULT NULL::character varying,
    create_ts timestamp without time zone DEFAULT now()
);


ALTER TABLE public.dm_games OWNER TO postgres;

--
-- Name: dm_kill_timers; Type: TABLE; Schema: public; Owner: postgres; Tablespace: 
--

CREATE TABLE dm_kill_timers (
    game_id uuid,
    create_ts timestamp without time zone DEFAULT now(),
    execute_ts timestamp without time zone DEFAULT now()
);


ALTER TABLE public.dm_kill_timers OWNER TO postgres;

--
-- Name: dm_teams; Type: TABLE; Schema: public; Owner: postgres; Tablespace: 
--

CREATE TABLE dm_teams (
    team_id uuid NOT NULL,
    game_id uuid NOT NULL,
    team_name character varying(100),
    create_ts timestamp without time zone DEFAULT now()
);


ALTER TABLE public.dm_teams OWNER TO postgres;

--
-- Name: dm_user_game_mapping; Type: TABLE; Schema: public; Owner: postgres; Tablespace: 
--

CREATE TABLE dm_user_game_mapping (
    user_id uuid NOT NULL,
    game_id uuid NOT NULL,
    alive boolean DEFAULT true,
    kills integer DEFAULT 0,
    user_role dm_user_role DEFAULT 'dm_user'::dm_user_role NOT NULL,
    team_id uuid,
    secret character varying(100) DEFAULT ''::character varying NOT NULL,
    create_ts timestamp without time zone DEFAULT now()
);


ALTER TABLE public.dm_user_game_mapping OWNER TO postgres;

--
-- Name: dm_user_properties; Type: TABLE; Schema: public; Owner: postgres; Tablespace: 
--

CREATE TABLE dm_user_properties (
    user_id uuid NOT NULL,
    key character varying(100) NOT NULL,
    value bytea,
    create_ts timestamp without time zone DEFAULT now()
);


ALTER TABLE public.dm_user_properties OWNER TO postgres;

--
-- Name: dm_user_targets; Type: TABLE; Schema: public; Owner: postgres; Tablespace: 
--

CREATE TABLE dm_user_targets (
    user_id uuid NOT NULL,
    target_id uuid NOT NULL,
    game_id uuid NOT NULL,
    create_ts timestamp without time zone DEFAULT now()
);


ALTER TABLE public.dm_user_targets OWNER TO postgres;

--
-- Name: dm_users; Type: TABLE; Schema: public; Owner: postgres; Tablespace: 
--

CREATE TABLE dm_users (
    user_id uuid NOT NULL,
    username character varying(256) NOT NULL,
    email character varying(256) DEFAULT ''::character varying NOT NULL,
    facebook_id bigint NOT NULL,
    facebook_token character varying,
    create_ts timestamp without time zone DEFAULT now()
);


ALTER TABLE public.dm_users OWNER TO postgres;

--
-- Data for Name: dm_game_properties; Type: TABLE DATA; Schema: public; Owner: postgres
--

COPY dm_game_properties (game_id, key, value, create_ts) FROM stdin;
b3bfee96-3f8b-4402-8b81-39ff8a8424ad	teams_enabled	\\x74727565	2017-02-07 22:32:12.485716
b3bfee96-3f8b-4402-8b81-39ff8a8424ad	timezone	\\x416d65726963612f4e65775f596f726b	2017-02-07 22:28:36.691907
b3bfee96-3f8b-4402-8b81-39ff8a8424ad	rules	\\x2323436f6d706c6574696e6720596f7572204d697373696f6e0a0a546f20636f6d706c65746520796f7572206d697373696f6e2c20706572666f726d2074686520666f6c6c6f77696e672073746570733a0a0a312e2046696e6420596f75722061737369676e6564206167656e742e0a322e20436f76657220796f75722074617267657420696e2073696c6c7920737472696e672e0a322e2041736b2074686520636f6d70726f6d69736564206167656e7420666f72206869732f686572207365637265740a332e20456e746572206869732f68657220736563726574206f6e2074686520776562736974652e0a342e205265636569766520796f7572206e6577206d697373696f6e2e0a0a496620616e6f74686572206167656e7420636f6d70726f6d6973657320796f752c20796f75206d757374206769766520757020796f7572207365637265742e20596f752077696c6c206f6e6c7920636f6d706c65746520796f7572206d697373696f6e20696620796f75207573652073696c6c7920737472696e67206f6e20796f75722061737369676e6564206167656e742e0a0a2323446566656e73650a546f20646566656e6420796f75722073656c662066726f6d2067657474696e6720636f6d70726f6d6973656420627920616e6f74686572206167656e742c20796f75206d617920636f76657220746865206167656e7420776974682073696c6c7920737472696e672e20546869732077696c6c206772616e7420796f75203330206d696e75746573206f6620696d6d756e6974792e0a0a232353616665205a6f6e65730a5768696c6520696e20636c6173732f636c617373726f6f6d206275696c64696e67732c204c69627261726965732c2044616e6365204d61726174686f6e206576656e74732f6d656574696e67732c20476f7665726e6d656e74206275696c64696e6773206f7220696e73696465205546204865616c7468205368616e647320616e6420616c6c20686f73706974616c206275696c64696e67732c206e6f206167656e7473206f6620616e79206b696e642061726520616c6c6f77656420746f20656e6761676520696e206d697373696f6e732e0a0a5475726c696e67746f6e20506c617a6120697320616c736f20612073616665205a6f6e6520647572696e67205765646e657364617927732044616e6365204d61726174686f6e20436865636b2d696e732e0a0a486f77657665722c20536f726f726974792f4672617465726e69747920686f7573696e6720617265206e6f742073616665207a6f6e65732e20486f77657665722c206d616b65207375726520746f20636c65616e20757020616674657220796f757273656c662e20446f206e6f74206c65617665207468652073696c6c7920737472696e6720696e207075626c6963207370616365732e200a0a232357696e6e6572730a5468652077696e6e6572732077696c6c20626520746865206c617374206167656e7473207374616e64696e6720616e6420746865206167656e74207769746820746865206d6f737420636f6d706c65746564206d697373696f6e732e0a496e20746865206576656e74206f6620612064726177206f72206d756c7469706c652077696e6e6572732c2074686520646973747269627574696f6e206f66207072697a65732077696c6c2062652064657465726d696e6564206279207468652061646d696e2e0a0a23235061757365730a5468652067616d65206d617920626520706175736564206174207468652061646d696e27732064697363726574696f6e2e20596f752077696c6c206265206e6f746966696564206f66207468697320627920656d61696c2e0a0a2323506c6f74205477697374730a0a54686572652077696c6c206265207365766572616c20706c6f742074776973747320746861742077696c6c206368616e6765207468652067616d652064796e616d69632e20596f752077696c6c206265206e6f746966696564206f6620746865736520627920656d61696c2e0a0a23234368656174696e670a4966206120706c6179657220697320636175676874206368656174696e6720746865792077696c6c20626520636f6d706c6574656c792072656d6f7665642066726f6d207468652067616d652e0a496620736f6d656f6e65207265667573657320746f2067697665207570207468656972207365637265742c20796f752063616e20636f6e74616374207468652061646d696e20617420746d6f72656e6f40666c6f72696461646d2e6f72672e0a	2017-02-07 22:28:36.985492
b3bfee96-3f8b-4402-8b81-39ff8a8424ad	kill_mode	\\x737563636573736976655f6b696c6c73	2017-02-13 06:08:08.885049
\.


--
-- Data for Name: dm_games; Type: TABLE DATA; Schema: public; Owner: postgres
--

COPY dm_games (game_id, game_name, game_started, game_password, create_ts) FROM stdin;
b3bfee96-3f8b-4402-8b81-39ff8a8424ad	DM	t	m1dm1et7ac	2017-02-07 22:28:36.684922
\.


--
-- Data for Name: dm_kill_timers; Type: TABLE DATA; Schema: public; Owner: postgres
--

COPY dm_kill_timers (game_id, create_ts, execute_ts) FROM stdin;
\.


--
-- Data for Name: dm_teams; Type: TABLE DATA; Schema: public; Owner: postgres
--

COPY dm_teams (team_id, game_id, team_name, create_ts) FROM stdin;
3794c24a-6644-4840-bbc4-f4beff5ce635	b3bfee96-3f8b-4402-8b81-39ff8a8424ad	Creative Development	2017-02-07 22:32:26.316309
a8ba9d06-eae8-431a-993c-9c1da1ed1649	b3bfee96-3f8b-4402-8b81-39ff8a8424ad	Community Events	2017-02-07 22:32:30.907245
1d06761b-3b95-4048-8ef2-a1c1ab86f7c0	b3bfee96-3f8b-4402-8b81-39ff8a8424ad	Dancer Relations	2017-02-07 22:33:45.323039
5e08eca6-5eeb-45a2-bbc1-504b1bcf0115	b3bfee96-3f8b-4402-8b81-39ff8a8424ad	Family Relations	2017-02-07 22:33:51.325073
1b558500-75ae-4b91-b5ba-3d015fe2d21d	b3bfee96-3f8b-4402-8b81-39ff8a8424ad	Fundraising	2017-02-07 22:34:02.403043
ddd9d65b-e594-4a61-aedc-53a024789944	b3bfee96-3f8b-4402-8b81-39ff8a8424ad	Hospitality	2017-02-07 22:34:11.281364
93834a35-6a07-4399-a2f7-011e651e0195	b3bfee96-3f8b-4402-8b81-39ff8a8424ad	Managers	2017-02-07 22:34:17.928041
c8146e59-49a6-4d2a-8884-cb3c7d85e9e5	b3bfee96-3f8b-4402-8b81-39ff8a8424ad	Marathon Relations	2017-02-07 22:34:29.416265
9540f530-ab6f-40d4-97ad-c3f1f4752605	b3bfee96-3f8b-4402-8b81-39ff8a8424ad	Merchandise	2017-02-07 22:34:37.119346
500ecd41-b585-4025-8510-9f66c4b9802c	b3bfee96-3f8b-4402-8b81-39ff8a8424ad	Morale	2017-02-07 22:34:44.632134
7646f865-a00f-40d9-8196-db327ef645c7	b3bfee96-3f8b-4402-8b81-39ff8a8424ad	Multimedia	2017-02-07 22:34:48.452744
86da5a01-7f58-43a5-a753-86a2df20adeb	b3bfee96-3f8b-4402-8b81-39ff8a8424ad	Productions	2017-02-07 22:34:56.612101
a09ad6fa-8545-4910-9736-87c6df5e37ce	b3bfee96-3f8b-4402-8b81-39ff8a8424ad	Public Relations	2017-02-07 22:35:03.073812
b2186366-d712-4589-95db-119bf9def7ac	b3bfee96-3f8b-4402-8b81-39ff8a8424ad	Recruitment	2017-02-07 22:35:08.351406
d5c6ee36-b8e4-4233-b93a-587da3f5451b	b3bfee96-3f8b-4402-8b81-39ff8a8424ad	Sponsorship	2017-02-07 22:35:14.026749
dd8d79ec-ab65-45d4-b39a-14b3407c3f4c	b3bfee96-3f8b-4402-8b81-39ff8a8424ad	Delegates	2017-02-07 22:35:28.133712
c8dca160-75c3-43e6-9414-7da91eea1dec	b3bfee96-3f8b-4402-8b81-39ff8a8424ad	ELP Unit 10-2	2017-02-08 22:02:45.665901
3c800e75-6c7c-4dd2-8867-2ec917e65c32	b3bfee96-3f8b-4402-8b81-39ff8a8424ad	ELP Unit 10-4	2017-02-08 22:02:36.481685
e8337cf2-1dc5-4937-8c45-f0f494c15ab4	b3bfee96-3f8b-4402-8b81-39ff8a8424ad	ELP Unit 41	2017-02-08 22:03:01.414256
bcaaf35d-54c0-4944-9d01-fe50bb43f137	b3bfee96-3f8b-4402-8b81-39ff8a8424ad	ELP Unit 42	2017-02-08 22:02:17.66083
4d8425d7-d522-4b49-b736-c19c71d5ebd7	b3bfee96-3f8b-4402-8b81-39ff8a8424ad	ELP Unit 44	2017-02-08 22:02:25.304873
885d4696-401f-417b-a64e-bb00cea3eb91	b3bfee96-3f8b-4402-8b81-39ff8a8424ad	ELP Unit 45	2017-02-08 22:00:27.778323
d75c36c8-66b2-4b8c-a238-4b3d2e260d05	b3bfee96-3f8b-4402-8b81-39ff8a8424ad	ELP Pediatric Surgery	2017-02-08 22:02:54.945209
e02edd73-0a82-41fd-b861-f4093bdc15e5	b3bfee96-3f8b-4402-8b81-39ff8a8424ad	ELP NICU	2017-02-08 22:03:07.960585
\.


--
-- Data for Name: dm_user_game_mapping; Type: TABLE DATA; Schema: public; Owner: postgres
--

COPY dm_user_game_mapping (user_id, game_id, alive, kills, user_role, team_id, secret, create_ts) FROM stdin;
4afa504f-abb5-4d19-b044-08b06e22ebc7	b3bfee96-3f8b-4402-8b81-39ff8a8424ad	t	0	dm_admin	3794c24a-6644-4840-bbc4-f4beff5ce635	SusanJimmyTrimble	2017-02-07 22:28:36.684922
c993b196-2da5-4dae-b1be-baad2513f18a	b3bfee96-3f8b-4402-8b81-39ff8a8424ad	t	0	dm_user	dd8d79ec-ab65-45d4-b39a-14b3407c3f4c	LilySamJanice	2017-02-08 08:57:27.979216
7d7eee15-e0c2-41cf-b116-af250e7eb5e2	b3bfee96-3f8b-4402-8b81-39ff8a8424ad	t	0	dm_user	d75c36c8-66b2-4b8c-a238-4b3d2e260d05	CrouchJaredJamie	2017-02-08 09:17:30.033006
72338ab3-aa9a-4205-8e62-2ae682cca18a	b3bfee96-3f8b-4402-8b81-39ff8a8424ad	f	1	dm_user	500ecd41-b585-4025-8510-9f66c4b9802c	HecklesMonicaAly	2017-02-08 09:04:46.582814
ab179b46-b08c-4546-99fd-e27c05c26cd1	b3bfee96-3f8b-4402-8b81-39ff8a8424ad	t	0	dm_user	b2186366-d712-4589-95db-119bf9def7ac	SkeeterMartinezZac	2017-02-08 08:58:29.793684
96948853-343c-43f4-8fec-84c830d5b263	b3bfee96-3f8b-4402-8b81-39ff8a8424ad	f	0	dm_user	d5c6ee36-b8e4-4233-b93a-587da3f5451b	DobbyRegulusPeter	2017-02-08 09:41:07.993714
0c08a714-6fab-4abb-bf11-4dc1bbfac5eb	b3bfee96-3f8b-4402-8b81-39ff8a8424ad	f	1	dm_user	1d06761b-3b95-4048-8ef2-a1c1ab86f7c0	PercyHarryStewart	2017-02-08 08:58:09.217406
037c6800-6589-4d58-b9b8-d34324d93f1c	b3bfee96-3f8b-4402-8b81-39ff8a8424ad	f	0	dm_user	1b558500-75ae-4b91-b5ba-3d015fe2d21d	SydneyLudoCapone	2017-02-08 09:06:50.90277
494a4a04-3e44-481b-b059-705c9f732514	b3bfee96-3f8b-4402-8b81-39ff8a8424ad	f	2	dm_user	500ecd41-b585-4025-8510-9f66c4b9802c	SprattDursleyGryffindor	2017-02-08 09:15:19.099877
7da7379a-1e84-4ded-9342-8637ea9c8845	b3bfee96-3f8b-4402-8b81-39ff8a8424ad	t	0	dm_user	5e08eca6-5eeb-45a2-bbc1-504b1bcf0115	FluffyUrsulaJimmy	2017-02-08 08:59:42.336022
a1546597-13b3-47d2-8d98-1c8ffea592dc	b3bfee96-3f8b-4402-8b81-39ff8a8424ad	f	0	dm_user	500ecd41-b585-4025-8510-9f66c4b9802c	RossHufflepuffSlytherin	2017-02-08 09:00:18.84882
9b5fba47-efc1-406b-a38d-0092d6f0d052	b3bfee96-3f8b-4402-8b81-39ff8a8424ad	f	0	dm_user	7646f865-a00f-40d9-8196-db327ef645c7	HoochLupinPotter	2017-02-08 09:00:44.6188
2121a7c2-9051-4510-92fe-fd0f59de7f55	b3bfee96-3f8b-4402-8b81-39ff8a8424ad	f	0	dm_user	bcaaf35d-54c0-4944-9d01-fe50bb43f137	BrandonBarryMadison	2017-02-08 09:20:29.283938
179f457a-9e6e-4c84-9af2-8326d40a573a	b3bfee96-3f8b-4402-8b81-39ff8a8424ad	t	0	dm_user	dd8d79ec-ab65-45d4-b39a-14b3407c3f4c	MollyJamesTaylor	2017-02-08 09:01:18.721104
55521ee2-b8bf-4ed2-a2a1-28cc6ba17891	b3bfee96-3f8b-4402-8b81-39ff8a8424ad	f	0	dm_user	a09ad6fa-8545-4910-9736-87c6df5e37ce	GinnySlytherinJanice	2017-02-08 09:36:18.405527
c14a2d76-1236-4752-8131-8da6b619a0fe	b3bfee96-3f8b-4402-8b81-39ff8a8424ad	f	0	dm_user	1b558500-75ae-4b91-b5ba-3d015fe2d21d	JustinSlytherinGoyle	2017-02-08 09:33:08.950865
fc595ded-0daf-4ad6-958e-239f64c1ce56	b3bfee96-3f8b-4402-8b81-39ff8a8424ad	f	1	dm_user	5e08eca6-5eeb-45a2-bbc1-504b1bcf0115	GinnyCarolPikachu	2017-02-08 09:05:55.262181
76e917fd-1eed-4b88-b0bc-fc08864dcc15	b3bfee96-3f8b-4402-8b81-39ff8a8424ad	t	1	dm_user	3794c24a-6644-4840-bbc4-f4beff5ce635	JimmyJimmyMadison	2017-02-08 08:58:48.830506
0807166d-2953-4160-abc6-f2566fa38597	b3bfee96-3f8b-4402-8b81-39ff8a8424ad	t	1	dm_user	7646f865-a00f-40d9-8196-db327ef645c7	JimmyBenSprout	2017-02-08 09:49:06.543535
29139203-f81c-4b69-be19-4e63080b0fa0	b3bfee96-3f8b-4402-8b81-39ff8a8424ad	t	0	dm_user	b2186366-d712-4589-95db-119bf9def7ac	FredJimmyGriffin	2017-02-08 09:06:36.928833
cbd1ab92-e6be-4df9-89a8-d933e17f8d2b	b3bfee96-3f8b-4402-8b81-39ff8a8424ad	f	1	dm_user	500ecd41-b585-4025-8510-9f66c4b9802c	NicoleCharlieJanice	2017-02-08 08:59:28.683347
76a5ebf6-0c62-45e0-a6b4-1e37ecea1261	b3bfee96-3f8b-4402-8b81-39ff8a8424ad	t	1	dm_user	1d06761b-3b95-4048-8ef2-a1c1ab86f7c0	DuckMarcelBobby	2017-02-08 09:29:09.924878
0e182938-3c83-4a58-8547-9ff148419ad6	b3bfee96-3f8b-4402-8b81-39ff8a8424ad	t	0	dm_user	c8146e59-49a6-4d2a-8884-cb3c7d85e9e5	PhoebeGreybackRoss	2017-02-08 09:09:38.573923
1b859ee8-8ba1-4248-8819-fff218673018	b3bfee96-3f8b-4402-8b81-39ff8a8424ad	t	0	dm_user	a8ba9d06-eae8-431a-993c-9c1da1ed1649	DracoZacGeller	2017-02-08 09:10:37.901978
9a83df87-bc2d-4187-8a3e-442bda01e284	b3bfee96-3f8b-4402-8b81-39ff8a8424ad	t	1	dm_user	1d06761b-3b95-4048-8ef2-a1c1ab86f7c0	AlyBarryJames	2017-02-08 09:03:26.622382
be42bc9b-c579-4e2c-bcb3-2422684c7324	b3bfee96-3f8b-4402-8b81-39ff8a8424ad	t	0	dm_user	1d06761b-3b95-4048-8ef2-a1c1ab86f7c0	ChandlerFudgeUrsula	2017-02-08 09:12:37.525658
0f090ef3-a214-46ef-b6de-53f000f87d7c	b3bfee96-3f8b-4402-8b81-39ff8a8424ad	t	0	dm_user	7646f865-a00f-40d9-8196-db327ef645c7	HarryMarcelGoyle	2017-02-08 09:13:04.424135
88e2ef9c-d355-4d9a-919b-655a6104ec67	b3bfee96-3f8b-4402-8b81-39ff8a8424ad	t	1	dm_user	c8146e59-49a6-4d2a-8884-cb3c7d85e9e5	ChandlerPeterPaul	2017-02-08 09:16:54.228444
c1df7fad-7bee-492b-83e4-5c158057e927	b3bfee96-3f8b-4402-8b81-39ff8a8424ad	f	0	dm_user	500ecd41-b585-4025-8510-9f66c4b9802c	SiriusWeasleyZac	2017-02-08 09:15:33.597112
413c1e4c-d4cd-4de3-9469-d586f1d256be	b3bfee96-3f8b-4402-8b81-39ff8a8424ad	f	0	dm_user	ddd9d65b-e594-4a61-aedc-53a024789944	GoyleTrimblePhoebe	2017-02-08 09:26:24.229894
f0ffaa16-4f54-4ffa-83eb-57f2a87c850c	b3bfee96-3f8b-4402-8b81-39ff8a8424ad	f	0	dm_user	5e08eca6-5eeb-45a2-bbc1-504b1bcf0115	LongbottomMonicaDaly	2017-02-08 09:16:59.843145
a4728d43-84c7-4c59-9b82-19826608d2f5	b3bfee96-3f8b-4402-8b81-39ff8a8424ad	f	0	dm_user	b2186366-d712-4589-95db-119bf9def7ac	LupinKatieMoody	2017-02-08 09:33:17.994148
c0f4e6b2-bdcd-4538-bafb-75d8729a8ca9	b3bfee96-3f8b-4402-8b81-39ff8a8424ad	t	3	dm_user	1d06761b-3b95-4048-8ef2-a1c1ab86f7c0	MadisonZelnerPotter	2017-02-08 08:59:01.178714
2b9f8ffc-b3ff-429c-a1ca-6fe160b0cc0d	b3bfee96-3f8b-4402-8b81-39ff8a8424ad	t	0	dm_user	a8ba9d06-eae8-431a-993c-9c1da1ed1649	LongbottomFlitwickPete	2017-02-08 09:17:28.690062
394f9809-075f-400f-a35c-6164f6e4a2ed	b3bfee96-3f8b-4402-8b81-39ff8a8424ad	t	1	dm_user	b2186366-d712-4589-95db-119bf9def7ac	CrouchGrangerNeville	2017-02-08 09:48:48.55794
05c89d06-d75f-4574-b5ce-63aa094f6c10	b3bfee96-3f8b-4402-8b81-39ff8a8424ad	t	0	dm_user	1d06761b-3b95-4048-8ef2-a1c1ab86f7c0	HecklesBagmanJack	2017-02-08 09:18:02.248452
c237fce7-fd0d-4bca-a84a-277177a0e0e4	b3bfee96-3f8b-4402-8b81-39ff8a8424ad	t	1	dm_user	500ecd41-b585-4025-8510-9f66c4b9802c	BingJorgePeter	2017-02-08 09:10:55.189614
244ae30b-4391-4b89-912a-17f0e1ea3498	b3bfee96-3f8b-4402-8b81-39ff8a8424ad	t	2	dm_user	1d06761b-3b95-4048-8ef2-a1c1ab86f7c0	CitronRossBarry	2017-02-08 09:27:20.538206
0824cf44-3b70-4aef-a34b-a1143bcebc73	b3bfee96-3f8b-4402-8b81-39ff8a8424ad	t	0	dm_user	d75c36c8-66b2-4b8c-a238-4b3d2e260d05	BonesRachelCarol	2017-02-08 08:57:34.725351
eb491e9f-1155-45a0-b100-bc3d3d887037	b3bfee96-3f8b-4402-8b81-39ff8a8424ad	t	0	dm_user	d5c6ee36-b8e4-4233-b93a-587da3f5451b	SproutTrimbleSpratt	2017-02-08 09:25:11.45004
092a9f97-2fec-4b64-84f4-6680de909523	b3bfee96-3f8b-4402-8b81-39ff8a8424ad	f	1	dm_user	5e08eca6-5eeb-45a2-bbc1-504b1bcf0115	FudgeNevilleJared	2017-02-08 09:29:47.755438
87f55db1-ba54-4719-84e8-81deb3540414	b3bfee96-3f8b-4402-8b81-39ff8a8424ad	t	0	dm_user	b2186366-d712-4589-95db-119bf9def7ac	FluffyHermioneFudge	2017-02-08 09:26:49.485219
befe286d-fd6a-4cc5-8549-aeec99c3b647	b3bfee96-3f8b-4402-8b81-39ff8a8424ad	t	1	dm_user	7646f865-a00f-40d9-8196-db327ef645c7	AlyJimmyMoody	2017-02-08 09:34:11.81477
18b77e08-2150-4d4d-b460-0791ff2d56b7	b3bfee96-3f8b-4402-8b81-39ff8a8424ad	t	0	dm_user	d75c36c8-66b2-4b8c-a238-4b3d2e260d05	BillFlitwickMalfoy	2017-02-08 09:20:45.012764
d28e1e2e-5a47-4366-8c54-9aea271c2e57	b3bfee96-3f8b-4402-8b81-39ff8a8424ad	t	0	dm_user	d5c6ee36-b8e4-4233-b93a-587da3f5451b	PercyTrimbleCitron	2017-02-08 09:28:33.18485
8014993c-deae-4dc4-a5db-69b98c5615b5	b3bfee96-3f8b-4402-8b81-39ff8a8424ad	f	1	dm_user	a09ad6fa-8545-4910-9736-87c6df5e37ce	RossLongbottomDuck	2017-02-08 08:59:46.072446
ee07d476-dc31-4232-bf7c-4ff27d7c47d5	b3bfee96-3f8b-4402-8b81-39ff8a8424ad	t	0	dm_user	d75c36c8-66b2-4b8c-a238-4b3d2e260d05	CorsentinoDracoBen	2017-02-08 09:28:00.501808
e3940141-da84-438b-b3ad-9286b3f5f006	b3bfee96-3f8b-4402-8b81-39ff8a8424ad	t	0	dm_user	c8dca160-75c3-43e6-9414-7da91eea1dec	LupinArthurHooch	2017-02-08 08:58:32.777605
22cafc2f-384e-463c-82a1-263c4e916285	b3bfee96-3f8b-4402-8b81-39ff8a8424ad	f	1	dm_user	5e08eca6-5eeb-45a2-bbc1-504b1bcf0115	GrangerFilchFun	2017-02-08 09:39:25.092721
c1f5a537-691c-40f6-bfe2-16a7fba534f4	b3bfee96-3f8b-4402-8b81-39ff8a8424ad	t	1	dm_user	500ecd41-b585-4025-8510-9f66c4b9802c	LilyTylerMatt	2017-02-08 09:06:08.286362
d382dcce-f6cb-457b-ae32-549ec153be50	b3bfee96-3f8b-4402-8b81-39ff8a8424ad	f	1	dm_user	1d06761b-3b95-4048-8ef2-a1c1ab86f7c0	GryffindorCreeveyArthur	2017-02-08 09:46:38.552093
912926d0-fc39-457c-a44b-368a8475f191	b3bfee96-3f8b-4402-8b81-39ff8a8424ad	f	0	dm_user	b2186366-d712-4589-95db-119bf9def7ac	PeterTrimbleGranger	2017-02-08 09:18:16.647805
4d1a38cb-4b07-462e-8f45-75eb868422ba	b3bfee96-3f8b-4402-8b81-39ff8a8424ad	t	0	dm_user	1b558500-75ae-4b91-b5ba-3d015fe2d21d	JimmyFrankGreyback	2017-02-08 09:34:01.790708
bfa8b351-95d1-4b3e-a5de-c04dd637dc6e	b3bfee96-3f8b-4402-8b81-39ff8a8424ad	f	1	dm_user	c8dca160-75c3-43e6-9414-7da91eea1dec	PercyGellerUrsula	2017-02-08 09:29:28.129594
7cf28996-37fc-4470-bfe1-58323985d8e1	b3bfee96-3f8b-4402-8b81-39ff8a8424ad	f	0	dm_user	885d4696-401f-417b-a64e-bb00cea3eb91	FluffyCarolLudo	2017-02-08 09:29:26.107438
a2708c0a-676c-42b8-94ed-65d5f1d3877c	b3bfee96-3f8b-4402-8b81-39ff8a8424ad	t	0	dm_user	d75c36c8-66b2-4b8c-a238-4b3d2e260d05	EmmaMarathonBen	2017-02-08 09:47:34.518351
ac751be3-242e-4647-9518-0aaa6157b87a	b3bfee96-3f8b-4402-8b81-39ff8a8424ad	f	0	dm_user	5e08eca6-5eeb-45a2-bbc1-504b1bcf0115	BillZelnerPotter	2017-02-08 09:07:27.976953
128b2d6b-e60b-46e4-bfdd-955bc7487d5a	b3bfee96-3f8b-4402-8b81-39ff8a8424ad	t	0	dm_user	500ecd41-b585-4025-8510-9f66c4b9802c	MikeJimmyAlice	2017-02-08 09:40:42.427251
e4e88163-9b34-48a7-a0de-501fc92c9e97	b3bfee96-3f8b-4402-8b81-39ff8a8424ad	f	1	dm_user	500ecd41-b585-4025-8510-9f66c4b9802c	JamieCrouchBill	2017-02-08 09:13:10.998647
5576a7dd-9981-4a0c-81bd-ee14fda48673	b3bfee96-3f8b-4402-8b81-39ff8a8424ad	t	0	dm_user	7646f865-a00f-40d9-8196-db327ef645c7	NevilleJaredFluffy	2017-02-08 09:46:30.909766
84f8924a-9320-4cd1-ac22-658ef7fd1379	b3bfee96-3f8b-4402-8b81-39ff8a8424ad	f	0	dm_user	1b558500-75ae-4b91-b5ba-3d015fe2d21d	FlitwickFredHufflepuff	2017-02-08 09:33:12.281768
a282295c-5e34-45a4-993e-b05ef4d2c546	b3bfee96-3f8b-4402-8b81-39ff8a8424ad	t	1	dm_user	1d06761b-3b95-4048-8ef2-a1c1ab86f7c0	ChandlerBingPeter	2017-02-08 09:49:03.827763
f77087b9-297f-4b51-b23b-ff4d9fe1c292	b3bfee96-3f8b-4402-8b81-39ff8a8424ad	t	1	dm_user	5e08eca6-5eeb-45a2-bbc1-504b1bcf0115	SproutGinnyFred	2017-02-08 09:08:59.159382
aa861649-227b-407b-9694-4af23579cdda	b3bfee96-3f8b-4402-8b81-39ff8a8424ad	t	1	dm_user	5e08eca6-5eeb-45a2-bbc1-504b1bcf0115	CreeveyStevenGeorge	2017-02-08 09:14:54.626118
4d9b7480-61cc-4906-9839-3877862d0e5b	b3bfee96-3f8b-4402-8b81-39ff8a8424ad	t	7	dm_user	5e08eca6-5eeb-45a2-bbc1-504b1bcf0115	PeterBarryBing	2017-02-08 09:03:07.530098
7d5eccb3-9562-4291-bf90-905c7be5ffb2	b3bfee96-3f8b-4402-8b81-39ff8a8424ad	t	0	dm_user	86da5a01-7f58-43a5-a753-86a2df20adeb	JimmyGeorgePercy	2017-02-08 10:12:07.134675
3f0fe21b-5fd3-4814-a77b-f3568996fa9f	b3bfee96-3f8b-4402-8b81-39ff8a8424ad	t	0	dm_user	bcaaf35d-54c0-4944-9d01-fe50bb43f137	MikePotterBill	2017-02-08 09:52:41.069101
eca2dbea-4820-4ec3-9c8e-2c4615557c79	b3bfee96-3f8b-4402-8b81-39ff8a8424ad	f	0	dm_user	a09ad6fa-8545-4910-9736-87c6df5e37ce	SiriusMonicaBill	2017-02-08 10:09:39.10004
f681eb1c-ac1a-4f73-bcd6-1e95abb0659f	b3bfee96-3f8b-4402-8b81-39ff8a8424ad	f	0	dm_user	4d8425d7-d522-4b49-b736-c19c71d5ebd7	BarrySproutLudo	2017-02-08 10:01:29.868074
43a26053-1613-4f3b-af2d-c7443d511f56	b3bfee96-3f8b-4402-8b81-39ff8a8424ad	f	1	dm_user	b2186366-d712-4589-95db-119bf9def7ac	BrandonSprattJoey	2017-02-08 10:02:13.621217
01355066-336a-4822-9fd6-4b07e9b75c14	b3bfee96-3f8b-4402-8b81-39ff8a8424ad	f	0	dm_user	b2186366-d712-4589-95db-119bf9def7ac	GoyleBagshotStewart	2017-02-08 10:03:15.536281
f2899a0e-2b82-47ec-b046-5936ce163a7a	b3bfee96-3f8b-4402-8b81-39ff8a8424ad	t	0	dm_user	1d06761b-3b95-4048-8ef2-a1c1ab86f7c0	FlitwickLongbottomLawless	2017-02-08 09:56:08.969365
0970d571-074a-4ac6-b2df-1271193ffe54	b3bfee96-3f8b-4402-8b81-39ff8a8424ad	t	0	dm_user	1d06761b-3b95-4048-8ef2-a1c1ab86f7c0	StewartJaredRon	2017-02-08 09:56:38.313203
72ef8ab8-9ac8-46b9-8985-5c6b788447ed	b3bfee96-3f8b-4402-8b81-39ff8a8424ad	f	0	dm_user	9540f530-ab6f-40d4-97ad-c3f1f4752605	HecklesMarcelZac	2017-02-08 10:31:31.073219
902a3ca2-80c6-4360-8f0e-af4c71769d8f	b3bfee96-3f8b-4402-8b81-39ff8a8424ad	t	0	dm_user	ddd9d65b-e594-4a61-aedc-53a024789944	TonksMalfoyGeorge	2017-02-08 10:03:45.70345
0c9d8d87-c12b-4b7b-ba98-6d78c55380d7	b3bfee96-3f8b-4402-8b81-39ff8a8424ad	f	0	dm_user	7646f865-a00f-40d9-8196-db327ef645c7	MarcelZelnerCreevey	2017-02-08 10:46:58.674689
8aa70049-8566-40ac-96de-bfc9a994d266	b3bfee96-3f8b-4402-8b81-39ff8a8424ad	f	0	dm_user	d75c36c8-66b2-4b8c-a238-4b3d2e260d05	SkeeterCharlieDursley	2017-02-08 10:54:10.002702
7514e056-09e1-4d13-beee-d87f30d8896b	b3bfee96-3f8b-4402-8b81-39ff8a8424ad	t	0	dm_user	c8146e59-49a6-4d2a-8884-cb3c7d85e9e5	SprattDanceMalfoy	2017-02-08 10:08:18.041311
b26f105b-3f36-4ce6-9ce9-bbeba5a51424	b3bfee96-3f8b-4402-8b81-39ff8a8424ad	t	0	dm_user	5e08eca6-5eeb-45a2-bbc1-504b1bcf0115	SiriusFluffyBing	2017-02-08 10:11:01.054374
81589201-f177-4e1d-ac51-c3466e3eeff5	b3bfee96-3f8b-4402-8b81-39ff8a8424ad	t	0	dm_user	3794c24a-6644-4840-bbc4-f4beff5ce635	TagJimmyWormtail	2017-02-08 10:15:34.875085
3c6aa4b9-6aa4-4483-8522-0ca0b0dbd1e8	b3bfee96-3f8b-4402-8b81-39ff8a8424ad	t	1	dm_user	b2186366-d712-4589-95db-119bf9def7ac	SydneyHagridGoyle	2017-02-08 10:52:13.794295
4725ad02-b46d-4ca6-ad81-6e51cfb0b748	b3bfee96-3f8b-4402-8b81-39ff8a8424ad	t	1	dm_user	500ecd41-b585-4025-8510-9f66c4b9802c	DobbyNevilleNicole	2017-02-08 11:35:54.741993
75b30434-813c-4196-8ed5-138df4794377	b3bfee96-3f8b-4402-8b81-39ff8a8424ad	t	0	dm_user	885d4696-401f-417b-a64e-bb00cea3eb91	RossLawlessAngela	2017-02-08 11:43:17.645841
278c0b57-22db-4159-99a0-721b3c41000e	b3bfee96-3f8b-4402-8b81-39ff8a8424ad	t	2	dm_user	dd8d79ec-ab65-45d4-b39a-14b3407c3f4c	DanceBingJustin	2017-02-08 10:54:36.378593
16fb554b-84c7-448b-b8a6-c5dcbc10739f	b3bfee96-3f8b-4402-8b81-39ff8a8424ad	t	1	dm_user	1b558500-75ae-4b91-b5ba-3d015fe2d21d	HeekinAlyJorge	2017-02-08 10:20:12.155644
00430266-b81a-4640-afcb-e0b7d6c21802	b3bfee96-3f8b-4402-8b81-39ff8a8424ad	t	0	dm_user	bcaaf35d-54c0-4944-9d01-fe50bb43f137	CrouchBillKathy	2017-02-08 10:32:24.564084
1889ec57-365b-46b4-a695-b8ca5770b882	b3bfee96-3f8b-4402-8b81-39ff8a8424ad	f	1	dm_user	b2186366-d712-4589-95db-119bf9def7ac	WeasleySusanMatt	2017-02-08 11:08:08.945507
9bad7dbb-2bc8-4d1c-9210-e2aac20b6afb	b3bfee96-3f8b-4402-8b81-39ff8a8424ad	t	1	dm_user	e8337cf2-1dc5-4937-8c45-f0f494c15ab4	LawlessGellerMoody	2017-02-08 11:03:25.946915
1fe8af71-adf0-439d-9186-4aa5c364a3c3	b3bfee96-3f8b-4402-8b81-39ff8a8424ad	f	0	dm_user	d5c6ee36-b8e4-4233-b93a-587da3f5451b	WormtailMikeRegulus	2017-02-08 10:27:45.456986
70d004e6-b8fe-4221-9eef-5011531b4bda	b3bfee96-3f8b-4402-8b81-39ff8a8424ad	f	0	dm_user	d75c36c8-66b2-4b8c-a238-4b3d2e260d05	GauntStevenRichard	2017-02-08 11:25:33.458087
bc80f376-4bd1-489c-a7a2-e287e7d5ab75	b3bfee96-3f8b-4402-8b81-39ff8a8424ad	t	0	dm_user	3c800e75-6c7c-4dd2-8867-2ec917e65c32	GreybackAlyPotter	2017-02-08 10:30:00.994881
a37f3985-c980-4388-9c07-4a20fafc749e	b3bfee96-3f8b-4402-8b81-39ff8a8424ad	t	0	dm_user	5e08eca6-5eeb-45a2-bbc1-504b1bcf0115	SproutKatieHeekin	2017-02-08 10:42:31.108725
3d1a5ec9-8ef2-40e3-8938-2d06a2470347	b3bfee96-3f8b-4402-8b81-39ff8a8424ad	t	0	dm_user	b2186366-d712-4589-95db-119bf9def7ac	GrangerLilyGaunt	2017-02-08 10:45:07.121731
6db50e83-b5a7-4270-846f-a68e97b140c9	b3bfee96-3f8b-4402-8b81-39ff8a8424ad	f	0	dm_user	500ecd41-b585-4025-8510-9f66c4b9802c	RegulusHoochPhoebe	2017-02-08 10:23:36.487094
ae4493f4-b99a-47e9-abd7-385f545c13f2	b3bfee96-3f8b-4402-8b81-39ff8a8424ad	f	0	dm_user	1b558500-75ae-4b91-b5ba-3d015fe2d21d	TylerCitronPeter	2017-02-08 11:24:38.822603
67dd9f75-74aa-46ac-88f7-1d42ed6dbe77	b3bfee96-3f8b-4402-8b81-39ff8a8424ad	t	1	dm_user	5e08eca6-5eeb-45a2-bbc1-504b1bcf0115	FilchBarryJoey	2017-02-08 10:37:21.713762
14d9321c-ec6f-4696-a362-e13b81b9d773	b3bfee96-3f8b-4402-8b81-39ff8a8424ad	t	0	dm_user	b2186366-d712-4589-95db-119bf9def7ac	GreenLongbottomJared	2017-02-08 10:48:13.841593
685fba41-719d-45fb-97e1-84fb3873f63a	b3bfee96-3f8b-4402-8b81-39ff8a8424ad	t	2	dm_user	d5c6ee36-b8e4-4233-b93a-587da3f5451b	JimmyJamesBagshot	2017-02-08 10:49:02.458689
6d5f8147-8c4a-4909-a825-ae264ee64b87	b3bfee96-3f8b-4402-8b81-39ff8a8424ad	f	0	dm_user	93834a35-6a07-4399-a2f7-011e651e0195	RossMattCorsentino	2017-02-08 12:08:18.105216
dc57da69-bd8f-4632-b92c-28a5318b1cd7	b3bfee96-3f8b-4402-8b81-39ff8a8424ad	f	0	dm_user	c8dca160-75c3-43e6-9414-7da91eea1dec	RossRemusDaly	2017-02-08 11:02:01.526339
2263343d-30ea-4bf5-8863-ab4fd8db42ab	b3bfee96-3f8b-4402-8b81-39ff8a8424ad	f	1	dm_user	b2186366-d712-4589-95db-119bf9def7ac	PeteEmmaBobby	2017-02-08 10:05:44.040305
99aabe50-e1c0-4bc4-9770-ec723dc24732	b3bfee96-3f8b-4402-8b81-39ff8a8424ad	t	0	dm_user	a09ad6fa-8545-4910-9736-87c6df5e37ce	FunZelnerBrandon	2017-02-08 11:01:41.033872
e6d42734-c55b-4e7c-8f87-ccf6952e6edb	b3bfee96-3f8b-4402-8b81-39ff8a8424ad	t	0	dm_user	86da5a01-7f58-43a5-a753-86a2df20adeb	GellerJorgeHarry	2017-02-08 11:01:47.012445
3cba51e7-6038-4d91-8bf5-acd0c490e09e	b3bfee96-3f8b-4402-8b81-39ff8a8424ad	t	0	dm_user	c8dca160-75c3-43e6-9414-7da91eea1dec	JimmyGreybackDuck	2017-02-08 10:39:48.051732
7b84f684-a2db-4eb6-968a-be6980ba7d18	b3bfee96-3f8b-4402-8b81-39ff8a8424ad	f	0	dm_user	d5c6ee36-b8e4-4233-b93a-587da3f5451b	CreeveyEmmaPikachu	2017-02-08 09:58:35.575609
e5e27050-a465-4a43-ba91-f7ecdd62d352	b3bfee96-3f8b-4402-8b81-39ff8a8424ad	f	0	dm_user	e8337cf2-1dc5-4937-8c45-f0f494c15ab4	JimmyJustinDursley	2017-02-08 10:08:16.427078
9760a699-ee8e-47fb-8015-52fd935308ab	b3bfee96-3f8b-4402-8b81-39ff8a8424ad	t	0	dm_user	86da5a01-7f58-43a5-a753-86a2df20adeb	MalfoyBingHagrid	2017-02-08 11:12:59.204283
c6e99b77-f089-436b-b49b-b949c5b74c65	b3bfee96-3f8b-4402-8b81-39ff8a8424ad	f	0	dm_user	3794c24a-6644-4840-bbc4-f4beff5ce635	TylerGauntChip	2017-02-08 11:30:11.610032
047a54dc-8cdc-4057-a1a0-0537c49f363b	b3bfee96-3f8b-4402-8b81-39ff8a8424ad	t	0	dm_user	ddd9d65b-e594-4a61-aedc-53a024789944	GauntFluffyRemus	2017-02-08 11:24:30.445326
5e1dc988-b37e-42f0-9d05-820c36110b99	b3bfee96-3f8b-4402-8b81-39ff8a8424ad	f	0	dm_user	c8146e59-49a6-4d2a-8884-cb3c7d85e9e5	FluffyTagNeville	2017-02-08 11:29:23.68798
5e5e3a33-521c-483a-99ea-8c8ad98db817	b3bfee96-3f8b-4402-8b81-39ff8a8424ad	t	0	dm_user	a8ba9d06-eae8-431a-993c-9c1da1ed1649	ZelnerChipMarcel	2017-02-08 11:25:33.119187
0701a351-4cf2-4494-b2ab-03d429bb2ec5	b3bfee96-3f8b-4402-8b81-39ff8a8424ad	f	1	dm_user	b2186366-d712-4589-95db-119bf9def7ac	TonksGreybackJared	2017-02-08 12:12:59.091177
705ffdaf-2d88-407f-8e98-8e40833b2694	b3bfee96-3f8b-4402-8b81-39ff8a8424ad	f	0	dm_user	ddd9d65b-e594-4a61-aedc-53a024789944	DanceTagPeter	2017-02-08 11:35:46.124761
527a5915-bc20-454f-ba0d-a0a954292ba5	b3bfee96-3f8b-4402-8b81-39ff8a8424ad	t	0	dm_user	7646f865-a00f-40d9-8196-db327ef645c7	PercyCharlieLupin	2017-02-08 11:30:03.586445
722de95e-7aa0-4a30-bb65-d843e68da141	b3bfee96-3f8b-4402-8b81-39ff8a8424ad	t	0	dm_user	1b558500-75ae-4b91-b5ba-3d015fe2d21d	ChipRonGarrett	2017-02-08 11:32:37.676247
e8049419-7102-4092-9a38-4f51353f1d6d	b3bfee96-3f8b-4402-8b81-39ff8a8424ad	t	1	dm_user	dd8d79ec-ab65-45d4-b39a-14b3407c3f4c	TrimbleHoochBobby	2017-02-08 11:14:54.847902
2eeb13aa-d0f1-411d-ba4c-95ce44270243	b3bfee96-3f8b-4402-8b81-39ff8a8424ad	f	0	dm_user	e02edd73-0a82-41fd-b861-f4093bdc15e5	JustinHufflepuffGranger	2017-02-08 10:17:00.625022
00599e6f-de86-43ac-b30e-5f7697781409	b3bfee96-3f8b-4402-8b81-39ff8a8424ad	t	1	dm_user	b2186366-d712-4589-95db-119bf9def7ac	DobbyGoylePeter	2017-02-08 12:14:40.983393
f838ef7a-35bd-46f6-a442-3a92918b1ae2	b3bfee96-3f8b-4402-8b81-39ff8a8424ad	t	0	dm_user	dd8d79ec-ab65-45d4-b39a-14b3407c3f4c	BobbyJamesUrsula	2017-02-08 11:37:48.651467
9b1a5d54-ef14-4f84-9874-f5441f0545c9	b3bfee96-3f8b-4402-8b81-39ff8a8424ad	t	0	dm_user	b2186366-d712-4589-95db-119bf9def7ac	GarrettGauntMona	2017-02-08 11:38:47.60022
c3fa3ce4-07b0-4c84-b12d-4725c3e998aa	b3bfee96-3f8b-4402-8b81-39ff8a8424ad	t	0	dm_user	1d06761b-3b95-4048-8ef2-a1c1ab86f7c0	FunMattRichard	2017-02-08 11:42:00.729469
93bf3e26-4dc7-41ad-9e9c-09e1ad64cf68	b3bfee96-3f8b-4402-8b81-39ff8a8424ad	t	0	dm_user	885d4696-401f-417b-a64e-bb00cea3eb91	TomMalfoyJanice	2017-02-08 10:46:09.22215
7b4afef0-3774-4e7b-8046-b04a89fb496a	b3bfee96-3f8b-4402-8b81-39ff8a8424ad	t	0	dm_user	dd8d79ec-ab65-45d4-b39a-14b3407c3f4c	CorsentinoSusanCitron	2017-02-08 11:48:13.110508
247e25c3-186d-45c2-968b-b2335d7de262	b3bfee96-3f8b-4402-8b81-39ff8a8424ad	t	0	dm_user	7646f865-a00f-40d9-8196-db327ef645c7	GinnyHermionePotter	2017-02-08 11:48:53.657435
096062d9-5b4e-46b3-99c0-106f4161769b	b3bfee96-3f8b-4402-8b81-39ff8a8424ad	t	0	dm_user	dd8d79ec-ab65-45d4-b39a-14b3407c3f4c	JustinBrandonHeekin	2017-02-08 11:52:45.031798
14563c9f-53f0-4664-b329-e91e7e90f8ed	b3bfee96-3f8b-4402-8b81-39ff8a8424ad	f	0	dm_user	b2186366-d712-4589-95db-119bf9def7ac	MattStewartGreen	2017-02-08 11:34:25.665187
cc1cf9c6-f2fd-48f5-a6df-708ee1126a9d	b3bfee96-3f8b-4402-8b81-39ff8a8424ad	t	1	dm_user	b2186366-d712-4589-95db-119bf9def7ac	UrsulaHufflepuffFred	2017-02-08 10:47:45.58748
12775fb1-11df-480c-b433-dd0dea227636	b3bfee96-3f8b-4402-8b81-39ff8a8424ad	t	1	dm_user	b2186366-d712-4589-95db-119bf9def7ac	GellerFunFudge	2017-02-08 10:36:26.887045
1738b116-f61f-40c1-b770-6dcc2163d402	b3bfee96-3f8b-4402-8b81-39ff8a8424ad	t	0	dm_user	86da5a01-7f58-43a5-a753-86a2df20adeb	ChandlerRichardBill	2017-02-08 12:09:49.048209
07ff0908-8f8c-4984-8f01-ac0aedea2b9d	b3bfee96-3f8b-4402-8b81-39ff8a8424ad	f	0	dm_user	1d06761b-3b95-4048-8ef2-a1c1ab86f7c0	SusanRemusKathy	2017-02-08 12:05:31.555448
f35992ee-8e01-422f-b291-7ef7d7ac672a	b3bfee96-3f8b-4402-8b81-39ff8a8424ad	f	0	dm_user	d75c36c8-66b2-4b8c-a238-4b3d2e260d05	CrouchTagHagrid	2017-02-08 12:36:45.774069
6b54e54c-d93a-4d16-9a96-e2f39d83629f	b3bfee96-3f8b-4402-8b81-39ff8a8424ad	t	5	dm_user	3794c24a-6644-4840-bbc4-f4beff5ce635	FunSusanCharlie	2017-02-08 12:05:41.121825
f8299f1d-e9c7-4513-9977-9c4c25b10d41	b3bfee96-3f8b-4402-8b81-39ff8a8424ad	t	0	dm_user	1d06761b-3b95-4048-8ef2-a1c1ab86f7c0	BagmanBarryFun	2017-02-08 12:16:31.254312
d2d13112-7fa6-481c-9536-817c0725bb0e	b3bfee96-3f8b-4402-8b81-39ff8a8424ad	t	0	dm_user	885d4696-401f-417b-a64e-bb00cea3eb91	DracoKathyArthur	2017-02-08 10:22:56.5647
ced06b2c-1329-4549-94c9-92062e3fdf63	b3bfee96-3f8b-4402-8b81-39ff8a8424ad	t	0	dm_user	d75c36c8-66b2-4b8c-a238-4b3d2e260d05	TagCorsentinoChip	2017-02-08 10:52:40.121609
2aeda0c9-261d-4ef2-9127-8ef050a3e9a9	b3bfee96-3f8b-4402-8b81-39ff8a8424ad	t	1	dm_user	5e08eca6-5eeb-45a2-bbc1-504b1bcf0115	LupinJimmyRoss	2017-02-08 12:10:03.874118
2106f0ec-ca4d-4f32-bae3-19caae3ff69e	b3bfee96-3f8b-4402-8b81-39ff8a8424ad	t	1	dm_user	d5c6ee36-b8e4-4233-b93a-587da3f5451b	FudgeJamieMonica	2017-02-08 20:31:18.586718
b5e9c4cb-3d36-4959-b355-63a35b3b9fbb	b3bfee96-3f8b-4402-8b81-39ff8a8424ad	t	3	dm_user	3794c24a-6644-4840-bbc4-f4beff5ce635	DumbledoreBrandonGreen	2017-02-08 15:33:59.245283
2f632299-9a13-47e3-901a-9b2ece7979af	b3bfee96-3f8b-4402-8b81-39ff8a8424ad	t	1	dm_user	500ecd41-b585-4025-8510-9f66c4b9802c	RiddleLawlessPete	2017-02-09 08:44:49.694634
312bb888-d6a2-49aa-80f0-a5f167958465	b3bfee96-3f8b-4402-8b81-39ff8a8424ad	t	1	dm_user	1b558500-75ae-4b91-b5ba-3d015fe2d21d	WeasleyGreybackGaunt	2017-02-08 14:42:28.269865
fe6d3acf-bbbf-4c96-af82-a78eee9cc0fc	b3bfee96-3f8b-4402-8b81-39ff8a8424ad	t	0	dm_user	a8ba9d06-eae8-431a-993c-9c1da1ed1649	TomHufflepuffMalfoy	2017-02-08 22:39:10.790947
5fc8c2fb-49dd-45f7-bf95-34ab3d9c2423	b3bfee96-3f8b-4402-8b81-39ff8a8424ad	f	1	dm_user	885d4696-401f-417b-a64e-bb00cea3eb91	MarcelHufflepuffSirius	2017-02-09 09:09:53.667767
a1c9ad72-be97-44a2-a263-f22a8e25f08a	b3bfee96-3f8b-4402-8b81-39ff8a8424ad	f	0	dm_user	93834a35-6a07-4399-a2f7-011e651e0195	AngelaMattHermione	2017-02-08 14:49:36.635037
d8bcf1d4-cc2f-4e65-a1ef-3db1a864d1e5	b3bfee96-3f8b-4402-8b81-39ff8a8424ad	t	0	dm_user	c8146e59-49a6-4d2a-8884-cb3c7d85e9e5	DumbledoreFunJames	2017-02-08 13:11:32.651169
b61c57c9-6051-498c-811b-852dd6ef4ae6	b3bfee96-3f8b-4402-8b81-39ff8a8424ad	t	0	dm_user	3794c24a-6644-4840-bbc4-f4beff5ce635	BobbyLilyGreen	2017-02-08 22:53:47.944422
baaabefa-010f-4656-881d-f951dd245db9	b3bfee96-3f8b-4402-8b81-39ff8a8424ad	t	0	dm_user	c8146e59-49a6-4d2a-8884-cb3c7d85e9e5	BrandonJaredMarathon	2017-02-08 13:16:13.309942
25c4532f-b113-439a-8ff5-5e05d66ea33f	b3bfee96-3f8b-4402-8b81-39ff8a8424ad	f	0	dm_user	500ecd41-b585-4025-8510-9f66c4b9802c	BarryHarryGryffindor	2017-02-08 19:10:16.149974
1cbc2a10-7b8c-4197-a0f4-fb5e40e95ba6	b3bfee96-3f8b-4402-8b81-39ff8a8424ad	f	1	dm_user	d5c6ee36-b8e4-4233-b93a-587da3f5451b	GryffindorFunHufflepuff	2017-02-08 12:51:24.956427
e2e50bf7-914a-4dfb-bd57-2d88f6d18f9e	b3bfee96-3f8b-4402-8b81-39ff8a8424ad	t	0	dm_user	86da5a01-7f58-43a5-a753-86a2df20adeb	HufflepuffCaponeSpratt	2017-02-08 14:03:55.070668
40e3e37c-21ae-4532-aac2-1fc73f4d896a	b3bfee96-3f8b-4402-8b81-39ff8a8424ad	t	0	dm_user	c8146e59-49a6-4d2a-8884-cb3c7d85e9e5	PeterBagshotBobby	2017-02-08 14:05:24.997241
9994cfcc-e3a1-4e56-a490-221305c455fd	b3bfee96-3f8b-4402-8b81-39ff8a8424ad	t	0	dm_user	c8146e59-49a6-4d2a-8884-cb3c7d85e9e5	MoodyUmbridgeMonica	2017-02-08 14:07:20.395561
07f05cc9-d4b5-4fb8-9dd2-e929e7b35dd8	b3bfee96-3f8b-4402-8b81-39ff8a8424ad	f	0	dm_user	1d06761b-3b95-4048-8ef2-a1c1ab86f7c0	CharlieKatieMona	2017-02-08 21:47:24.430638
a2145206-ceb7-480d-b4d7-68e44ccfa803	b3bfee96-3f8b-4402-8b81-39ff8a8424ad	f	0	dm_user	7646f865-a00f-40d9-8196-db327ef645c7	ZelnerWormtailCreevey	2017-02-08 22:59:48.820527
90ff79f2-252f-47aa-9dbc-8d433103e772	b3bfee96-3f8b-4402-8b81-39ff8a8424ad	f	0	dm_user	1d06761b-3b95-4048-8ef2-a1c1ab86f7c0	BonesCreeveyMike	2017-02-08 12:54:02.999505
5d2cedc2-bb6c-4f29-a535-6d38ad7b77e0	b3bfee96-3f8b-4402-8b81-39ff8a8424ad	f	0	dm_user	b2186366-d712-4589-95db-119bf9def7ac	PotterGrangerFilch	2017-02-08 23:50:31.992457
4b491bbc-e94f-44fc-aa88-ad52ffeb7a91	b3bfee96-3f8b-4402-8b81-39ff8a8424ad	t	2	dm_user	1d06761b-3b95-4048-8ef2-a1c1ab86f7c0	HufflepuffTrimbleGreyback	2017-02-08 13:29:37.877495
9ca22649-2f29-45a4-801f-3fd278b4c1c0	b3bfee96-3f8b-4402-8b81-39ff8a8424ad	t	1	dm_user	b2186366-d712-4589-95db-119bf9def7ac	FlitwickMollyRemus	2017-02-08 14:34:17.295658
6f5fb503-f209-41f4-815a-3a57c97208d0	b3bfee96-3f8b-4402-8b81-39ff8a8424ad	f	0	dm_user	500ecd41-b585-4025-8510-9f66c4b9802c	TrimbleHecklesGarrett	2017-02-09 08:29:13.583362
e9a42fe5-bf14-4900-aad5-141fee2e0387	b3bfee96-3f8b-4402-8b81-39ff8a8424ad	t	0	dm_user	a8ba9d06-eae8-431a-993c-9c1da1ed1649	CarolHarryGriffin	2017-02-08 14:54:31.645834
ddcd8a7d-eda6-4e0b-9f71-f4c5e9a71970	b3bfee96-3f8b-4402-8b81-39ff8a8424ad	f	0	dm_user	d5c6ee36-b8e4-4233-b93a-587da3f5451b	JustinFrankFudge	2017-02-08 15:05:23.554626
9423406c-de4b-4193-bdc8-9c9b00db7604	b3bfee96-3f8b-4402-8b81-39ff8a8424ad	f	0	dm_user	1d06761b-3b95-4048-8ef2-a1c1ab86f7c0	WormtailLilyRichard	2017-02-08 12:50:43.893186
0786d6d3-c70b-4abb-a6ad-21c0fc487b9a	b3bfee96-3f8b-4402-8b81-39ff8a8424ad	t	1	dm_user	3794c24a-6644-4840-bbc4-f4beff5ce635	NevilleJamesMatt	2017-02-08 13:09:49.449798
55d85251-51db-4732-ad30-44d8c5042243	b3bfee96-3f8b-4402-8b81-39ff8a8424ad	t	0	dm_user	a8ba9d06-eae8-431a-993c-9c1da1ed1649	RonJaredBing	2017-02-08 15:08:33.371904
3a5ae02f-6193-4c73-9c5b-e76ac0ca996b	b3bfee96-3f8b-4402-8b81-39ff8a8424ad	f	0	dm_user	5e08eca6-5eeb-45a2-bbc1-504b1bcf0115	MoodyAliceBagman	2017-02-08 20:35:01.199259
6d3c8d08-025a-4e29-9c2e-d05dd910d3b2	b3bfee96-3f8b-4402-8b81-39ff8a8424ad	t	0	dm_user	d5c6ee36-b8e4-4233-b93a-587da3f5451b	GauntAngelaFlitwick	2017-02-08 15:31:45.237586
83bd986a-bc65-4092-8ece-ed37223ddcb3	b3bfee96-3f8b-4402-8b81-39ff8a8424ad	f	0	dm_user	b2186366-d712-4589-95db-119bf9def7ac	LongbottomSamPeter	2017-02-08 22:33:10.284193
63b244c6-4bea-470e-9675-4f402f1a02ac	b3bfee96-3f8b-4402-8b81-39ff8a8424ad	f	0	dm_user	d5c6ee36-b8e4-4233-b93a-587da3f5451b	JorgeGauntGryffindor	2017-02-08 12:57:02.657353
5acc17ab-6c7a-499d-bbd2-5a275f78382b	b3bfee96-3f8b-4402-8b81-39ff8a8424ad	t	0	dm_user	b2186366-d712-4589-95db-119bf9def7ac	MattLongbottomPete	2017-02-08 18:14:10.323874
63a60da6-b08c-4b57-9344-8cb41a14caa5	b3bfee96-3f8b-4402-8b81-39ff8a8424ad	f	0	dm_user	a8ba9d06-eae8-431a-993c-9c1da1ed1649	JoeyJamesJimmy	2017-02-08 14:17:10.012009
8f646e2e-6d1d-464b-b831-384c41f5a174	b3bfee96-3f8b-4402-8b81-39ff8a8424ad	f	0	dm_user	3c800e75-6c7c-4dd2-8867-2ec917e65c32	HermioneTylerPaul	2017-02-08 13:03:11.851579
293262a5-1834-4910-a1cf-a3b1fb667141	b3bfee96-3f8b-4402-8b81-39ff8a8424ad	t	0	dm_user	c8146e59-49a6-4d2a-8884-cb3c7d85e9e5	LudoSiriusRichard	2017-02-08 19:38:38.223
6cbfb64c-aa72-403c-af29-2d33424b11cc	b3bfee96-3f8b-4402-8b81-39ff8a8424ad	t	2	dm_user	b2186366-d712-4589-95db-119bf9def7ac	FredDursleyAngela	2017-02-08 18:48:21.940449
0e3328a4-1f2b-4a66-a270-af7fd6929cda	b3bfee96-3f8b-4402-8b81-39ff8a8424ad	f	0	dm_user	c8146e59-49a6-4d2a-8884-cb3c7d85e9e5	MollyFudgeRichard	2017-02-08 21:33:44.622862
f2adc628-13a0-4748-9516-42e364f0b7fc	b3bfee96-3f8b-4402-8b81-39ff8a8424ad	f	0	dm_user	dd8d79ec-ab65-45d4-b39a-14b3407c3f4c	MoodyGriffinMarcel	2017-02-09 00:17:25.073102
0dc60f0c-6087-4544-8231-7b10fd78faf5	b3bfee96-3f8b-4402-8b81-39ff8a8424ad	t	0	dm_user	9540f530-ab6f-40d4-97ad-c3f1f4752605	BarryGuntherGoyle	2017-02-08 21:14:12.813822
78da03d6-7f9c-47d3-bcab-12c7a2940b8b	b3bfee96-3f8b-4402-8b81-39ff8a8424ad	f	0	dm_user	3794c24a-6644-4840-bbc4-f4beff5ce635	ChandlerTylerGranger	2017-02-08 22:58:12.853212
07a86a61-7de8-411b-b138-64d4aace9811	b3bfee96-3f8b-4402-8b81-39ff8a8424ad	t	3	dm_user	b2186366-d712-4589-95db-119bf9def7ac	PaulSanchezFrank	2017-02-08 23:02:04.670265
439c5f59-6e1d-4c06-aeaa-a3db85bee0d8	b3bfee96-3f8b-4402-8b81-39ff8a8424ad	f	1	dm_user	d75c36c8-66b2-4b8c-a238-4b3d2e260d05	JaniceDumbledoreDraco	2017-02-08 13:15:12.565656
85dda92a-6bd8-45ef-b300-c5037fe9d43b	b3bfee96-3f8b-4402-8b81-39ff8a8424ad	t	0	dm_user	e02edd73-0a82-41fd-b861-f4093bdc15e5	SydneyTylerJanice	2017-02-08 15:15:45.30263
b554c5d8-191d-4a1f-9b5a-df3482b17d8f	b3bfee96-3f8b-4402-8b81-39ff8a8424ad	t	0	dm_user	d75c36c8-66b2-4b8c-a238-4b3d2e260d05	TomBarryKatie	2017-02-08 14:44:23.235088
ad28c7a6-4230-4e53-80c6-4ba5dbf39007	b3bfee96-3f8b-4402-8b81-39ff8a8424ad	f	0	dm_user	1d06761b-3b95-4048-8ef2-a1c1ab86f7c0	PeteCreeveyHooch	2017-02-08 18:51:18.639376
2b540b9d-4cd0-4b39-8170-8b714cea311d	b3bfee96-3f8b-4402-8b81-39ff8a8424ad	t	0	dm_user	d75c36c8-66b2-4b8c-a238-4b3d2e260d05	RichardGreenDance	2017-02-08 14:58:02.628582
aa51a2e0-9f74-460c-8b1b-e8294d5301ce	b3bfee96-3f8b-4402-8b81-39ff8a8424ad	t	0	dm_user	d75c36c8-66b2-4b8c-a238-4b3d2e260d05	DursleyCaponeAlice	2017-02-08 14:39:33.887936
2ec3766a-deaf-4231-b6ed-b05755ad9a5b	b3bfee96-3f8b-4402-8b81-39ff8a8424ad	t	0	dm_user	c8dca160-75c3-43e6-9414-7da91eea1dec	HecklesDracoFluffy	2017-02-08 12:48:14.904982
e8526afb-55fd-42d2-a892-186958de9bc7	b3bfee96-3f8b-4402-8b81-39ff8a8424ad	f	0	dm_user	1d06761b-3b95-4048-8ef2-a1c1ab86f7c0	CorsentinoMattDuck	2017-02-08 17:41:22.515181
7259e5d8-be01-4b84-a663-8fada2af0825	b3bfee96-3f8b-4402-8b81-39ff8a8424ad	t	0	dm_user	c8dca160-75c3-43e6-9414-7da91eea1dec	BarryGuntherCorsentino	2017-02-08 13:11:02.023857
ebffae00-4db8-470e-8cd3-d1115e7bf716	b3bfee96-3f8b-4402-8b81-39ff8a8424ad	t	1	dm_user	b2186366-d712-4589-95db-119bf9def7ac	MonicaCorsentinoAngela	2017-02-08 13:19:17.447499
661af839-f34b-4d85-ab6d-dd7aeb6c8c62	b3bfee96-3f8b-4402-8b81-39ff8a8424ad	t	0	dm_user	4d8425d7-d522-4b49-b736-c19c71d5ebd7	PercyRonPikachu	2017-02-08 15:09:59.1085
5ba3287b-ba6b-4722-87d1-fa3ae317b1b2	b3bfee96-3f8b-4402-8b81-39ff8a8424ad	t	1	dm_user	d75c36c8-66b2-4b8c-a238-4b3d2e260d05	MollyJaniceDumbledore	2017-02-08 09:38:07.191811
b30e5a76-c6a0-426d-8cd6-07a1e15b8ee6	b3bfee96-3f8b-4402-8b81-39ff8a8424ad	f	1	dm_user	86da5a01-7f58-43a5-a753-86a2df20adeb	MartinezDursleyDaly	2017-02-08 23:36:16.129039
fe03af15-debc-431d-b0fa-0015ee1448f2	b3bfee96-3f8b-4402-8b81-39ff8a8424ad	t	0	dm_user	a8ba9d06-eae8-431a-993c-9c1da1ed1649	SkeeterGoyleNeville	2017-02-08 23:49:59.298121
f9d9e97d-b3d5-4955-a63e-456099a01ab7	b3bfee96-3f8b-4402-8b81-39ff8a8424ad	t	1	dm_user	c8146e59-49a6-4d2a-8884-cb3c7d85e9e5	JackMalfoyBill	2017-02-08 13:09:33.42602
febee2be-4c07-43f5-b57e-c4ec21cd3a30	b3bfee96-3f8b-4402-8b81-39ff8a8424ad	f	0	dm_user	d75c36c8-66b2-4b8c-a238-4b3d2e260d05	LudoAngelaBill	2017-02-08 14:24:06.667631
342b6e50-99fd-4ba9-87be-57f12168c89c	b3bfee96-3f8b-4402-8b81-39ff8a8424ad	f	0	dm_user	b2186366-d712-4589-95db-119bf9def7ac	PeterRichardHufflepuff	2017-02-08 14:24:37.563982
6081748a-1434-4361-96b8-613aa5a6f9ed	b3bfee96-3f8b-4402-8b81-39ff8a8424ad	f	0	dm_user	5e08eca6-5eeb-45a2-bbc1-504b1bcf0115	GriffinSanchezSkeeter	2017-02-08 21:03:26.850367
b79e039f-ba72-47f9-bec7-29ce24df6650	b3bfee96-3f8b-4402-8b81-39ff8a8424ad	t	0	dm_user	3c800e75-6c7c-4dd2-8867-2ec917e65c32	LawlessGriffinJustin	2017-02-09 01:44:11.957487
eebbedbb-eb62-4f11-901e-966d3a11cd7a	b3bfee96-3f8b-4402-8b81-39ff8a8424ad	f	0	dm_user	93834a35-6a07-4399-a2f7-011e651e0195	MikeChandlerCorsentino	2017-02-08 21:32:41.392047
1c160c9a-3843-42da-bb2a-2f479a3dc898	b3bfee96-3f8b-4402-8b81-39ff8a8424ad	f	0	dm_user	e8337cf2-1dc5-4937-8c45-f0f494c15ab4	StevenChipSkeeter	2017-02-09 00:24:44.326138
ca268aef-8997-4636-bce4-9152784a9e33	b3bfee96-3f8b-4402-8b81-39ff8a8424ad	t	2	dm_user	5e08eca6-5eeb-45a2-bbc1-504b1bcf0115	TonksGryffindorGriffin	2017-02-08 15:02:30.233569
37caae88-f0a7-4a5f-b1ba-800976549b00	b3bfee96-3f8b-4402-8b81-39ff8a8424ad	f	0	dm_user	3794c24a-6644-4840-bbc4-f4beff5ce635	HarryBenChip	2017-02-09 00:45:01.461761
\.


--
-- Data for Name: dm_user_properties; Type: TABLE DATA; Schema: public; Owner: postgres
--

COPY dm_user_properties (user_id, key, value, create_ts) FROM stdin;
76e917fd-1eed-4b88-b0bc-fc08864dcc15	facebook	\\x68747470733a2f2f66616365626f6f6b2e636f6d2f393939363733343536383034303531	2017-02-06 23:00:44.878293
76e917fd-1eed-4b88-b0bc-fc08864dcc15	first_name	\\x4564	2017-02-06 23:00:44.893084
76e917fd-1eed-4b88-b0bc-fc08864dcc15	last_name	\\x54697363686c6572	2017-02-06 23:00:44.894998
76e917fd-1eed-4b88-b0bc-fc08864dcc15	allow_posts	\\x74727565	2017-02-06 23:00:44.898296
78da03d6-7f9c-47d3-bcab-12c7a2940b8b	facebook	\\x68747470733a2f2f66616365626f6f6b2e636f6d2f31333633313836353033373232383734	2017-02-06 23:51:41.012679
78da03d6-7f9c-47d3-bcab-12c7a2940b8b	photo	\\x68747470733a2f2f67726170682e66616365626f6f6b2e636f6d2f313336333138363530333732323837342f706963747572653f77696474683d31303030	2017-02-06 23:51:41.015908
78da03d6-7f9c-47d3-bcab-12c7a2940b8b	photo_thumb	\\x68747470733a2f2f67726170682e66616365626f6f6b2e636f6d2f313336333138363530333732323837342f706963747572653f77696474683d333030266865696768743d333030	2017-02-06 23:51:41.017482
78da03d6-7f9c-47d3-bcab-12c7a2940b8b	first_name	\\x416c6578616e646572	2017-02-06 23:51:41.019197
78da03d6-7f9c-47d3-bcab-12c7a2940b8b	last_name	\\x526f626175	2017-02-06 23:51:41.020897
78da03d6-7f9c-47d3-bcab-12c7a2940b8b	allow_email	\\x74727565	2017-02-06 23:51:41.022527
78da03d6-7f9c-47d3-bcab-12c7a2940b8b	allow_posts	\\x74727565	2017-02-06 23:51:41.024244
44e43142-518f-43ad-8606-453cc83d420b	facebook	\\x68747470733a2f2f66616365626f6f6b2e636f6d2f3130323036333937363838343230363439	2017-02-07 09:24:16.887289
44e43142-518f-43ad-8606-453cc83d420b	photo	\\x68747470733a2f2f67726170682e66616365626f6f6b2e636f6d2f31303230363339373638383432303634392f706963747572653f77696474683d31303030	2017-02-07 09:24:16.893368
44e43142-518f-43ad-8606-453cc83d420b	photo_thumb	\\x68747470733a2f2f67726170682e66616365626f6f6b2e636f6d2f31303230363339373638383432303634392f706963747572653f77696474683d333030266865696768743d333030	2017-02-07 09:24:16.897459
44e43142-518f-43ad-8606-453cc83d420b	first_name	\\x52656265636361	2017-02-07 09:24:16.9014
44e43142-518f-43ad-8606-453cc83d420b	last_name	\\x5368616c6c6f776179	2017-02-07 09:24:16.905099
44e43142-518f-43ad-8606-453cc83d420b	allow_email	\\x74727565	2017-02-07 09:24:16.90868
44e43142-518f-43ad-8606-453cc83d420b	allow_posts	\\x74727565	2017-02-07 09:24:16.912185
0807166d-2953-4160-abc6-f2566fa38597	facebook	\\x68747470733a2f2f66616365626f6f6b2e636f6d2f3130323132323133303633333838313532	2017-02-07 10:23:09.637272
0807166d-2953-4160-abc6-f2566fa38597	first_name	\\x4b656c636965	2017-02-07 10:23:09.642201
0807166d-2953-4160-abc6-f2566fa38597	last_name	\\x526f73636f65	2017-02-07 10:23:09.643831
0807166d-2953-4160-abc6-f2566fa38597	allow_posts	\\x74727565	2017-02-07 10:23:09.646906
63a4fe20-1f16-4acf-af41-3f3f218599fc	facebook	\\x68747470733a2f2f66616365626f6f6b2e636f6d2f31333234393735313937353233303138	2017-02-07 13:51:13.656429
63a4fe20-1f16-4acf-af41-3f3f218599fc	photo	\\x68747470733a2f2f67726170682e66616365626f6f6b2e636f6d2f313332343937353139373532333031382f706963747572653f77696474683d31303030	2017-02-07 13:51:13.661732
63a4fe20-1f16-4acf-af41-3f3f218599fc	photo_thumb	\\x68747470733a2f2f67726170682e66616365626f6f6b2e636f6d2f313332343937353139373532333031382f706963747572653f77696474683d333030266865696768743d333030	2017-02-07 13:51:13.665565
63a4fe20-1f16-4acf-af41-3f3f218599fc	first_name	\\x427279616e	2017-02-07 13:51:13.672211
63a4fe20-1f16-4acf-af41-3f3f218599fc	last_name	\\x526976657261	2017-02-07 13:51:13.67543
63a4fe20-1f16-4acf-af41-3f3f218599fc	allow_email	\\x74727565	2017-02-07 13:51:13.681065
63a4fe20-1f16-4acf-af41-3f3f218599fc	allow_posts	\\x74727565	2017-02-07 13:51:13.685838
37caae88-f0a7-4a5f-b1ba-800976549b00	facebook	\\x68747470733a2f2f66616365626f6f6b2e636f6d2f31353630353235343137323937363335	2017-02-07 20:31:54.840526
37caae88-f0a7-4a5f-b1ba-800976549b00	photo	\\x68747470733a2f2f67726170682e66616365626f6f6b2e636f6d2f313536303532353431373239373633352f706963747572653f77696474683d31303030	2017-02-07 20:31:54.847819
37caae88-f0a7-4a5f-b1ba-800976549b00	photo_thumb	\\x68747470733a2f2f67726170682e66616365626f6f6b2e636f6d2f313536303532353431373239373633352f706963747572653f77696474683d333030266865696768743d333030	2017-02-07 20:31:54.851973
37caae88-f0a7-4a5f-b1ba-800976549b00	first_name	\\x436f6e6e6f72	2017-02-07 20:31:54.856566
37caae88-f0a7-4a5f-b1ba-800976549b00	last_name	\\x456c6b696e	2017-02-07 20:31:54.860965
37caae88-f0a7-4a5f-b1ba-800976549b00	allow_email	\\x74727565	2017-02-07 20:31:54.86644
37caae88-f0a7-4a5f-b1ba-800976549b00	allow_posts	\\x74727565	2017-02-07 20:31:54.870639
4afa504f-abb5-4d19-b044-08b06e22ebc7	facebook	\\x68747470733a2f2f66616365626f6f6b2e636f6d2f3130313537383937303332303230343137	2017-02-07 22:10:48.503014
4afa504f-abb5-4d19-b044-08b06e22ebc7	first_name	\\x54616d69	2017-02-07 22:10:48.509719
4afa504f-abb5-4d19-b044-08b06e22ebc7	last_name	\\x4d6f72656e6f	2017-02-07 22:10:48.511557
4afa504f-abb5-4d19-b044-08b06e22ebc7	allow_posts	\\x74727565	2017-02-07 22:10:48.514264
f838ef7a-35bd-46f6-a442-3a92918b1ae2	facebook	\\x68747470733a2f2f66616365626f6f6b2e636f6d2f31303639383130323933313331343430	2017-02-08 08:51:30.222846
f838ef7a-35bd-46f6-a442-3a92918b1ae2	photo	\\x68747470733a2f2f67726170682e66616365626f6f6b2e636f6d2f313036393831303239333133313434302f706963747572653f77696474683d31303030	2017-02-08 08:51:30.22667
f838ef7a-35bd-46f6-a442-3a92918b1ae2	photo_thumb	\\x68747470733a2f2f67726170682e66616365626f6f6b2e636f6d2f313036393831303239333133313434302f706963747572653f77696474683d333030266865696768743d333030	2017-02-08 08:51:30.228489
f838ef7a-35bd-46f6-a442-3a92918b1ae2	first_name	\\x4b61726c79	2017-02-08 08:51:30.22991
f838ef7a-35bd-46f6-a442-3a92918b1ae2	last_name	\\x506172736f6e73	2017-02-08 08:51:30.231677
f838ef7a-35bd-46f6-a442-3a92918b1ae2	allow_email	\\x74727565	2017-02-08 08:51:30.233326
f838ef7a-35bd-46f6-a442-3a92918b1ae2	allow_posts	\\x74727565	2017-02-08 08:51:30.235001
179f457a-9e6e-4c84-9af2-8326d40a573a	facebook	\\x68747470733a2f2f66616365626f6f6b2e636f6d2f363839383237363331313432343535	2017-02-08 08:52:10.272552
179f457a-9e6e-4c84-9af2-8326d40a573a	photo	\\x68747470733a2f2f67726170682e66616365626f6f6b2e636f6d2f3638393832373633313134323435352f706963747572653f77696474683d31303030	2017-02-08 08:52:10.274422
179f457a-9e6e-4c84-9af2-8326d40a573a	photo_thumb	\\x68747470733a2f2f67726170682e66616365626f6f6b2e636f6d2f3638393832373633313134323435352f706963747572653f77696474683d333030266865696768743d333030	2017-02-08 08:52:10.275695
179f457a-9e6e-4c84-9af2-8326d40a573a	first_name	\\x416d616e6461	2017-02-08 08:52:10.27716
179f457a-9e6e-4c84-9af2-8326d40a573a	last_name	\\x4d617274696e657a	2017-02-08 08:52:10.278478
179f457a-9e6e-4c84-9af2-8326d40a573a	allow_email	\\x74727565	2017-02-08 08:52:10.279881
179f457a-9e6e-4c84-9af2-8326d40a573a	allow_posts	\\x74727565	2017-02-08 08:52:10.28118
ae4493f4-b99a-47e9-abd7-385f545c13f2	facebook	\\x68747470733a2f2f66616365626f6f6b2e636f6d2f3130323038373134353035363835343435	2017-02-08 08:52:39.340429
ae4493f4-b99a-47e9-abd7-385f545c13f2	photo	\\x68747470733a2f2f67726170682e66616365626f6f6b2e636f6d2f31303230383731343530353638353434352f706963747572653f77696474683d31303030	2017-02-08 08:52:39.346614
ae4493f4-b99a-47e9-abd7-385f545c13f2	photo_thumb	\\x68747470733a2f2f67726170682e66616365626f6f6b2e636f6d2f31303230383731343530353638353434352f706963747572653f77696474683d333030266865696768743d333030	2017-02-08 08:52:39.350979
ae4493f4-b99a-47e9-abd7-385f545c13f2	first_name	\\x5a616368	2017-02-08 08:52:39.356584
ae4493f4-b99a-47e9-abd7-385f545c13f2	last_name	\\x47696e7362757267	2017-02-08 08:52:39.361869
ae4493f4-b99a-47e9-abd7-385f545c13f2	allow_email	\\x74727565	2017-02-08 08:52:39.367256
ae4493f4-b99a-47e9-abd7-385f545c13f2	allow_posts	\\x74727565	2017-02-08 08:52:39.371183
05c89d06-d75f-4574-b5ce-63aa094f6c10	facebook	\\x68747470733a2f2f66616365626f6f6b2e636f6d2f3130323130313431323936353031373030	2017-02-08 08:52:51.701858
05c89d06-d75f-4574-b5ce-63aa094f6c10	photo	\\x68747470733a2f2f67726170682e66616365626f6f6b2e636f6d2f31303231303134313239363530313730302f706963747572653f77696474683d31303030	2017-02-08 08:52:51.705296
05c89d06-d75f-4574-b5ce-63aa094f6c10	photo_thumb	\\x68747470733a2f2f67726170682e66616365626f6f6b2e636f6d2f31303231303134313239363530313730302f706963747572653f77696474683d333030266865696768743d333030	2017-02-08 08:52:51.708797
05c89d06-d75f-4574-b5ce-63aa094f6c10	first_name	\\x416c65786973	2017-02-08 08:52:51.712146
05c89d06-d75f-4574-b5ce-63aa094f6c10	last_name	\\x43617374726f	2017-02-08 08:52:51.718421
05c89d06-d75f-4574-b5ce-63aa094f6c10	allow_email	\\x74727565	2017-02-08 08:52:51.723219
05c89d06-d75f-4574-b5ce-63aa094f6c10	allow_posts	\\x74727565	2017-02-08 08:52:51.726634
9b5fba47-efc1-406b-a38d-0092d6f0d052	facebook	\\x68747470733a2f2f66616365626f6f6b2e636f6d2f3130323130323534343737363536313333	2017-02-08 08:52:52.576952
9b5fba47-efc1-406b-a38d-0092d6f0d052	photo	\\x68747470733a2f2f67726170682e66616365626f6f6b2e636f6d2f31303231303235343437373635363133332f706963747572653f77696474683d31303030	2017-02-08 08:52:52.579257
9b5fba47-efc1-406b-a38d-0092d6f0d052	photo_thumb	\\x68747470733a2f2f67726170682e66616365626f6f6b2e636f6d2f31303231303235343437373635363133332f706963747572653f77696474683d333030266865696768743d333030	2017-02-08 08:52:52.580814
9b5fba47-efc1-406b-a38d-0092d6f0d052	first_name	\\x4361726c79	2017-02-08 08:52:52.582376
9b5fba47-efc1-406b-a38d-0092d6f0d052	last_name	\\x427265697462617274	2017-02-08 08:52:52.584255
9b5fba47-efc1-406b-a38d-0092d6f0d052	allow_email	\\x74727565	2017-02-08 08:52:52.585812
9b5fba47-efc1-406b-a38d-0092d6f0d052	allow_posts	\\x74727565	2017-02-08 08:52:52.587471
29139203-f81c-4b69-be19-4e63080b0fa0	facebook	\\x68747470733a2f2f66616365626f6f6b2e636f6d2f3130323038313737313737303538323436	2017-02-08 08:53:13.870133
0e182938-3c83-4a58-8547-9ff148419ad6	last_name	\\x4d696c6573	2017-02-08 09:09:08.351648
76e917fd-1eed-4b88-b0bc-fc08864dcc15	photo	\\x68747470733a2f2f67726170682e66616365626f6f6b2e636f6d2f3939393637333435363830343035312f706963747572653f77696474683d31303030	2017-02-06 23:00:44.885382
76e917fd-1eed-4b88-b0bc-fc08864dcc15	photo_thumb	\\x68747470733a2f2f67726170682e66616365626f6f6b2e636f6d2f3939393637333435363830343035312f706963747572653f77696474683d333030266865696768743d333030	2017-02-06 23:00:44.890184
4afa504f-abb5-4d19-b044-08b06e22ebc7	photo	\\x68747470733a2f2f67726170682e66616365626f6f6b2e636f6d2f31303135373839373033323032303431372f706963747572653f77696474683d31303030	2017-02-07 22:10:48.505982
4afa504f-abb5-4d19-b044-08b06e22ebc7	photo_thumb	\\x68747470733a2f2f67726170682e66616365626f6f6b2e636f6d2f31303135373839373033323032303431372f706963747572653f77696474683d333030266865696768743d333030	2017-02-07 22:10:48.507866
4afa504f-abb5-4d19-b044-08b06e22ebc7	allow_email	\\x74727565	2017-02-07 22:10:48.512943
29139203-f81c-4b69-be19-4e63080b0fa0	photo	\\x68747470733a2f2f67726170682e66616365626f6f6b2e636f6d2f31303230383137373137373035383234362f706963747572653f77696474683d31303030	2017-02-08 08:53:13.875505
29139203-f81c-4b69-be19-4e63080b0fa0	photo_thumb	\\x68747470733a2f2f67726170682e66616365626f6f6b2e636f6d2f31303230383137373137373035383234362f706963747572653f77696474683d333030266865696768743d333030	2017-02-08 08:53:13.880461
29139203-f81c-4b69-be19-4e63080b0fa0	first_name	\\x48616e6e6168	2017-02-08 08:53:13.88607
29139203-f81c-4b69-be19-4e63080b0fa0	last_name	\\x526165	2017-02-08 08:53:13.891327
29139203-f81c-4b69-be19-4e63080b0fa0	allow_email	\\x74727565	2017-02-08 08:53:13.89505
29139203-f81c-4b69-be19-4e63080b0fa0	allow_posts	\\x74727565	2017-02-08 08:53:13.899177
e3940141-da84-438b-b3ad-9286b3f5f006	facebook	\\x68747470733a2f2f66616365626f6f6b2e636f6d2f31323632383234303133383130383833	2017-02-08 08:53:20.277848
e3940141-da84-438b-b3ad-9286b3f5f006	first_name	\\x4a61636b	2017-02-08 08:53:20.283957
e3940141-da84-438b-b3ad-9286b3f5f006	last_name	\\x41757374696e	2017-02-08 08:53:20.28556
e3940141-da84-438b-b3ad-9286b3f5f006	allow_posts	\\x74727565	2017-02-08 08:53:20.288911
1b859ee8-8ba1-4248-8819-fff218673018	facebook	\\x68747470733a2f2f66616365626f6f6b2e636f6d2f3130323132303737303838343238333434	2017-02-08 08:53:40.292035
1b859ee8-8ba1-4248-8819-fff218673018	photo	\\x68747470733a2f2f67726170682e66616365626f6f6b2e636f6d2f31303231323037373038383432383334342f706963747572653f77696474683d31303030	2017-02-08 08:53:40.294557
1b859ee8-8ba1-4248-8819-fff218673018	photo_thumb	\\x68747470733a2f2f67726170682e66616365626f6f6b2e636f6d2f31303231323037373038383432383334342f706963747572653f77696474683d333030266865696768743d333030	2017-02-08 08:53:40.296535
1b859ee8-8ba1-4248-8819-fff218673018	first_name	\\x416e646965	2017-02-08 08:53:40.299014
1b859ee8-8ba1-4248-8819-fff218673018	last_name	\\x57616c646d616e	2017-02-08 08:53:40.301206
1b859ee8-8ba1-4248-8819-fff218673018	allow_email	\\x74727565	2017-02-08 08:53:40.30323
1b859ee8-8ba1-4248-8819-fff218673018	allow_posts	\\x74727565	2017-02-08 08:53:40.30566
9a83df87-bc2d-4187-8a3e-442bda01e284	facebook	\\x68747470733a2f2f66616365626f6f6b2e636f6d2f31353933323138333330363933363330	2017-02-08 08:53:50.482847
9a83df87-bc2d-4187-8a3e-442bda01e284	first_name	\\x4a756c6965	2017-02-08 08:53:50.489167
9a83df87-bc2d-4187-8a3e-442bda01e284	last_name	\\x536d697468	2017-02-08 08:53:50.490769
9a83df87-bc2d-4187-8a3e-442bda01e284	allow_posts	\\x74727565	2017-02-08 08:53:50.497489
0f090ef3-a214-46ef-b6de-53f000f87d7c	facebook	\\x68747470733a2f2f66616365626f6f6b2e636f6d2f3130323130303534353034363931373233	2017-02-08 08:54:09.414432
0f090ef3-a214-46ef-b6de-53f000f87d7c	first_name	\\x4361726c79	2017-02-08 08:54:09.419942
0f090ef3-a214-46ef-b6de-53f000f87d7c	last_name	\\x4d61636b6c6572	2017-02-08 08:54:09.421834
0f090ef3-a214-46ef-b6de-53f000f87d7c	allow_posts	\\x74727565	2017-02-08 08:54:09.425255
0824cf44-3b70-4aef-a34b-a1143bcebc73	facebook	\\x68747470733a2f2f66616365626f6f6b2e636f6d2f31363338383231353039343739393433	2017-02-08 08:54:10.882739
0824cf44-3b70-4aef-a34b-a1143bcebc73	photo	\\x68747470733a2f2f67726170682e66616365626f6f6b2e636f6d2f313633383832313530393437393934332f706963747572653f77696474683d31303030	2017-02-08 08:54:10.884489
0824cf44-3b70-4aef-a34b-a1143bcebc73	photo_thumb	\\x68747470733a2f2f67726170682e66616365626f6f6b2e636f6d2f313633383832313530393437393934332f706963747572653f77696474683d333030266865696768743d333030	2017-02-08 08:54:10.88591
0824cf44-3b70-4aef-a34b-a1143bcebc73	first_name	\\x48616e6e6168	2017-02-08 08:54:10.88796
0824cf44-3b70-4aef-a34b-a1143bcebc73	last_name	\\x48616c6c6d616e	2017-02-08 08:54:10.890548
0824cf44-3b70-4aef-a34b-a1143bcebc73	allow_email	\\x74727565	2017-02-08 08:54:10.892769
0824cf44-3b70-4aef-a34b-a1143bcebc73	allow_posts	\\x74727565	2017-02-08 08:54:10.895223
c1f5a537-691c-40f6-bfe2-16a7fba534f4	facebook	\\x68747470733a2f2f66616365626f6f6b2e636f6d2f31353335343437333239383138363137	2017-02-08 08:54:47.682461
c1f5a537-691c-40f6-bfe2-16a7fba534f4	photo	\\x68747470733a2f2f67726170682e66616365626f6f6b2e636f6d2f313533353434373332393831383631372f706963747572653f77696474683d31303030	2017-02-08 08:54:47.688093
c1f5a537-691c-40f6-bfe2-16a7fba534f4	photo_thumb	\\x68747470733a2f2f67726170682e66616365626f6f6b2e636f6d2f313533353434373332393831383631372f706963747572653f77696474683d333030266865696768743d333030	2017-02-08 08:54:47.692892
c1f5a537-691c-40f6-bfe2-16a7fba534f4	first_name	\\x4c75636173	2017-02-08 08:54:47.69883
c1f5a537-691c-40f6-bfe2-16a7fba534f4	last_name	\\x4c6f70657a	2017-02-08 08:54:47.701011
c1f5a537-691c-40f6-bfe2-16a7fba534f4	allow_email	\\x74727565	2017-02-08 08:54:47.705686
c1f5a537-691c-40f6-bfe2-16a7fba534f4	allow_posts	\\x74727565	2017-02-08 08:54:47.70778
ab179b46-b08c-4546-99fd-e27c05c26cd1	facebook	\\x68747470733a2f2f66616365626f6f6b2e636f6d2f31333032343735323433313331363737	2017-02-08 08:55:30.613096
ab179b46-b08c-4546-99fd-e27c05c26cd1	first_name	\\x4c6179746f6e	2017-02-08 08:55:30.634058
ab179b46-b08c-4546-99fd-e27c05c26cd1	last_name	\\x5769656d6572	2017-02-08 08:55:30.636269
ab179b46-b08c-4546-99fd-e27c05c26cd1	allow_posts	\\x74727565	2017-02-08 08:55:30.64134
d8bcf1d4-cc2f-4e65-a1ef-3db1a864d1e5	facebook	\\x68747470733a2f2f66616365626f6f6b2e636f6d2f3130323132353335323530343832303735	2017-02-08 08:55:47.688395
d8bcf1d4-cc2f-4e65-a1ef-3db1a864d1e5	photo	\\x68747470733a2f2f67726170682e66616365626f6f6b2e636f6d2f31303231323533353235303438323037352f706963747572653f77696474683d31303030	2017-02-08 08:55:47.690622
d8bcf1d4-cc2f-4e65-a1ef-3db1a864d1e5	photo_thumb	\\x68747470733a2f2f67726170682e66616365626f6f6b2e636f6d2f31303231323533353235303438323037352f706963747572653f77696474683d333030266865696768743d333030	2017-02-08 08:55:47.692507
d8bcf1d4-cc2f-4e65-a1ef-3db1a864d1e5	first_name	\\x5061747269636961	2017-02-08 08:55:47.694189
d8bcf1d4-cc2f-4e65-a1ef-3db1a864d1e5	last_name	\\x466572726572	2017-02-08 08:55:47.69598
d8bcf1d4-cc2f-4e65-a1ef-3db1a864d1e5	allow_email	\\x74727565	2017-02-08 08:55:47.69767
d8bcf1d4-cc2f-4e65-a1ef-3db1a864d1e5	allow_posts	\\x74727565	2017-02-08 08:55:47.699389
c993b196-2da5-4dae-b1be-baad2513f18a	facebook	\\x68747470733a2f2f66616365626f6f6b2e636f6d2f3130323033323537363432353537373539	2017-02-08 08:56:12.363948
c993b196-2da5-4dae-b1be-baad2513f18a	photo	\\x68747470733a2f2f67726170682e66616365626f6f6b2e636f6d2f31303230333235373634323535373735392f706963747572653f77696474683d31303030	2017-02-08 08:56:12.366033
c993b196-2da5-4dae-b1be-baad2513f18a	photo_thumb	\\x68747470733a2f2f67726170682e66616365626f6f6b2e636f6d2f31303230333235373634323535373735392f706963747572653f77696474683d333030266865696768743d333030	2017-02-08 08:56:12.36766
c993b196-2da5-4dae-b1be-baad2513f18a	first_name	\\x4d61727261	2017-02-08 08:56:12.369854
c993b196-2da5-4dae-b1be-baad2513f18a	last_name	\\x53697269616e6e69	2017-02-08 08:56:12.372128
c993b196-2da5-4dae-b1be-baad2513f18a	allow_email	\\x74727565	2017-02-08 08:56:12.373833
c993b196-2da5-4dae-b1be-baad2513f18a	allow_posts	\\x74727565	2017-02-08 08:56:12.375709
0c08a714-6fab-4abb-bf11-4dc1bbfac5eb	facebook	\\x68747470733a2f2f66616365626f6f6b2e636f6d2f3130323032383331333436333739393633	2017-02-08 08:57:40.916099
0c08a714-6fab-4abb-bf11-4dc1bbfac5eb	photo	\\x68747470733a2f2f67726170682e66616365626f6f6b2e636f6d2f31303230323833313334363337393936332f706963747572653f77696474683d31303030	2017-02-08 08:57:40.918708
0c08a714-6fab-4abb-bf11-4dc1bbfac5eb	photo_thumb	\\x68747470733a2f2f67726170682e66616365626f6f6b2e636f6d2f31303230323833313334363337393936332f706963747572653f77696474683d333030266865696768743d333030	2017-02-08 08:57:40.922334
0c08a714-6fab-4abb-bf11-4dc1bbfac5eb	first_name	\\x436f726579	2017-02-08 08:57:40.925687
0c08a714-6fab-4abb-bf11-4dc1bbfac5eb	last_name	\\x48756666	2017-02-08 08:57:40.927882
0c08a714-6fab-4abb-bf11-4dc1bbfac5eb	allow_email	\\x74727565	2017-02-08 08:57:40.929486
0c08a714-6fab-4abb-bf11-4dc1bbfac5eb	allow_posts	\\x74727565	2017-02-08 08:57:40.931139
c0f4e6b2-bdcd-4538-bafb-75d8729a8ca9	facebook	\\x68747470733a2f2f66616365626f6f6b2e636f6d2f3130323036393831383531343939323930	2017-02-08 08:58:31.913695
c0f4e6b2-bdcd-4538-bafb-75d8729a8ca9	first_name	\\x436169746c796e	2017-02-08 08:58:31.92011
c0f4e6b2-bdcd-4538-bafb-75d8729a8ca9	last_name	\\x4e6963686f6c736f6e	2017-02-08 08:58:31.921798
c0f4e6b2-bdcd-4538-bafb-75d8729a8ca9	allow_posts	\\x74727565	2017-02-08 08:58:31.925004
cbd1ab92-e6be-4df9-89a8-d933e17f8d2b	facebook	\\x68747470733a2f2f66616365626f6f6b2e636f6d2f3130323132323335373131323332323135	2017-02-08 08:58:54.084084
12775fb1-11df-480c-b433-dd0dea227636	last_name	\\x497261	2017-02-08 10:36:18.210551
12775fb1-11df-480c-b433-dd0dea227636	allow_posts	\\x74727565	2017-02-08 10:36:18.21359
67dd9f75-74aa-46ac-88f7-1d42ed6dbe77	facebook	\\x68747470733a2f2f66616365626f6f6b2e636f6d2f3130323131383330313137343931363430	2017-02-08 10:37:03.062542
c0f4e6b2-bdcd-4538-bafb-75d8729a8ca9	allow_email	\\x74727565	2017-02-08 08:58:31.923423
e3940141-da84-438b-b3ad-9286b3f5f006	allow_email	\\x66616c7365	2017-02-08 08:53:20.287176
ab179b46-b08c-4546-99fd-e27c05c26cd1	photo	\\x68747470733a2f2f67726170682e66616365626f6f6b2e636f6d2f313330323437353234333133313637372f706963747572653f77696474683d31303030	2017-02-08 08:55:30.629383
e3940141-da84-438b-b3ad-9286b3f5f006	photo	\\x68747470733a2f2f67726170682e66616365626f6f6b2e636f6d2f313236323832343031333831303838332f706963747572653f77696474683d31303030	2017-02-08 08:53:20.280486
12775fb1-11df-480c-b433-dd0dea227636	allow_email	\\x74727565	2017-02-08 10:36:18.212116
cbd1ab92-e6be-4df9-89a8-d933e17f8d2b	photo	\\x68747470733a2f2f67726170682e66616365626f6f6b2e636f6d2f31303231323233353731313233323231352f706963747572653f77696474683d31303030	2017-02-08 08:58:54.085818
e3940141-da84-438b-b3ad-9286b3f5f006	photo_thumb	\\x68747470733a2f2f67726170682e66616365626f6f6b2e636f6d2f313236323832343031333831303838332f706963747572653f77696474683d333030266865696768743d333030	2017-02-08 08:53:20.282199
ab179b46-b08c-4546-99fd-e27c05c26cd1	photo_thumb	\\x68747470733a2f2f67726170682e66616365626f6f6b2e636f6d2f313330323437353234333133313637372f706963747572653f77696474683d333030266865696768743d333030	2017-02-08 08:55:30.63214
9a83df87-bc2d-4187-8a3e-442bda01e284	photo	\\x68747470733a2f2f67726170682e66616365626f6f6b2e636f6d2f313539333231383333303639333633302f706963747572653f77696474683d31303030	2017-02-08 08:53:50.485331
9a83df87-bc2d-4187-8a3e-442bda01e284	photo_thumb	\\x68747470733a2f2f67726170682e66616365626f6f6b2e636f6d2f313539333231383333303639333633302f706963747572653f77696474683d333030266865696768743d333030	2017-02-08 08:53:50.487566
ab179b46-b08c-4546-99fd-e27c05c26cd1	allow_email	\\x74727565	2017-02-08 08:55:30.638506
cbd1ab92-e6be-4df9-89a8-d933e17f8d2b	first_name	\\x4e69636f6c65	2017-02-08 08:58:54.089817
cbd1ab92-e6be-4df9-89a8-d933e17f8d2b	last_name	\\x5061696765	2017-02-08 08:58:54.09178
cbd1ab92-e6be-4df9-89a8-d933e17f8d2b	allow_posts	\\x74727565	2017-02-08 08:58:54.095207
7da7379a-1e84-4ded-9342-8637ea9c8845	facebook	\\x68747470733a2f2f66616365626f6f6b2e636f6d2f31343636303533333130303732353434	2017-02-08 08:59:23.352902
7da7379a-1e84-4ded-9342-8637ea9c8845	photo	\\x68747470733a2f2f67726170682e66616365626f6f6b2e636f6d2f313436363035333331303037323534342f706963747572653f77696474683d31303030	2017-02-08 08:59:23.355895
7da7379a-1e84-4ded-9342-8637ea9c8845	photo_thumb	\\x68747470733a2f2f67726170682e66616365626f6f6b2e636f6d2f313436363035333331303037323534342f706963747572653f77696474683d333030266865696768743d333030	2017-02-08 08:59:23.357834
7da7379a-1e84-4ded-9342-8637ea9c8845	first_name	\\x4c616e646f6e	2017-02-08 08:59:23.360017
7da7379a-1e84-4ded-9342-8637ea9c8845	last_name	\\x4d79657273	2017-02-08 08:59:23.361641
7da7379a-1e84-4ded-9342-8637ea9c8845	allow_email	\\x74727565	2017-02-08 08:59:23.379113
7da7379a-1e84-4ded-9342-8637ea9c8845	allow_posts	\\x74727565	2017-02-08 08:59:23.381647
8014993c-deae-4dc4-a5db-69b98c5615b5	facebook	\\x68747470733a2f2f66616365626f6f6b2e636f6d2f31343439313338373135303936353438	2017-02-08 08:59:31.381792
8014993c-deae-4dc4-a5db-69b98c5615b5	photo	\\x68747470733a2f2f67726170682e66616365626f6f6b2e636f6d2f313434393133383731353039363534382f706963747572653f77696474683d31303030	2017-02-08 08:59:31.386948
8014993c-deae-4dc4-a5db-69b98c5615b5	photo_thumb	\\x68747470733a2f2f67726170682e66616365626f6f6b2e636f6d2f313434393133383731353039363534382f706963747572653f77696474683d333030266865696768743d333030	2017-02-08 08:59:31.395278
8014993c-deae-4dc4-a5db-69b98c5615b5	first_name	\\x4379646e6579	2017-02-08 08:59:31.400887
8014993c-deae-4dc4-a5db-69b98c5615b5	last_name	\\x476c6173736572	2017-02-08 08:59:31.404392
8014993c-deae-4dc4-a5db-69b98c5615b5	allow_posts	\\x74727565	2017-02-08 08:59:31.410291
a1546597-13b3-47d2-8d98-1c8ffea592dc	facebook	\\x68747470733a2f2f66616365626f6f6b2e636f6d2f31393137353539373735313437323438	2017-02-08 09:00:05.774171
a1546597-13b3-47d2-8d98-1c8ffea592dc	photo	\\x68747470733a2f2f67726170682e66616365626f6f6b2e636f6d2f313931373535393737353134373234382f706963747572653f77696474683d31303030	2017-02-08 09:00:05.777777
a1546597-13b3-47d2-8d98-1c8ffea592dc	photo_thumb	\\x68747470733a2f2f67726170682e66616365626f6f6b2e636f6d2f313931373535393737353134373234382f706963747572653f77696474683d333030266865696768743d333030	2017-02-08 09:00:05.784061
a1546597-13b3-47d2-8d98-1c8ffea592dc	first_name	\\x5061726973	2017-02-08 09:00:05.787676
a1546597-13b3-47d2-8d98-1c8ffea592dc	last_name	\\x417562696e	2017-02-08 09:00:05.790174
a1546597-13b3-47d2-8d98-1c8ffea592dc	allow_email	\\x74727565	2017-02-08 09:00:05.792561
a1546597-13b3-47d2-8d98-1c8ffea592dc	allow_posts	\\x74727565	2017-02-08 09:00:05.794758
4d9b7480-61cc-4906-9839-3877862d0e5b	facebook	\\x68747470733a2f2f66616365626f6f6b2e636f6d2f31363836353032383431333633343734	2017-02-08 09:02:43.42457
4d9b7480-61cc-4906-9839-3877862d0e5b	photo	\\x68747470733a2f2f67726170682e66616365626f6f6b2e636f6d2f313638363530323834313336333437342f706963747572653f77696474683d31303030	2017-02-08 09:02:43.427889
4d9b7480-61cc-4906-9839-3877862d0e5b	photo_thumb	\\x68747470733a2f2f67726170682e66616365626f6f6b2e636f6d2f313638363530323834313336333437342f706963747572653f77696474683d333030266865696768743d333030	2017-02-08 09:02:43.430194
4d9b7480-61cc-4906-9839-3877862d0e5b	first_name	\\x4a65737365	2017-02-08 09:02:43.433149
4d9b7480-61cc-4906-9839-3877862d0e5b	last_name	\\x5a696c6265726d616e	2017-02-08 09:02:43.435298
4d9b7480-61cc-4906-9839-3877862d0e5b	allow_email	\\x74727565	2017-02-08 09:02:43.43726
4d9b7480-61cc-4906-9839-3877862d0e5b	allow_posts	\\x74727565	2017-02-08 09:02:43.439124
a37f3985-c980-4388-9c07-4a20fafc749e	facebook	\\x68747470733a2f2f66616365626f6f6b2e636f6d2f3130323038333333383434313939353431	2017-02-08 09:03:20.35687
a37f3985-c980-4388-9c07-4a20fafc749e	first_name	\\x417269656c	2017-02-08 09:03:20.366613
a37f3985-c980-4388-9c07-4a20fafc749e	last_name	\\x486172726973	2017-02-08 09:03:20.368285
a37f3985-c980-4388-9c07-4a20fafc749e	allow_posts	\\x74727565	2017-02-08 09:03:20.371957
72338ab3-aa9a-4205-8e62-2ae682cca18a	facebook	\\x68747470733a2f2f66616365626f6f6b2e636f6d2f3130323036343137383732363034303637	2017-02-08 09:04:05.118782
72338ab3-aa9a-4205-8e62-2ae682cca18a	photo	\\x68747470733a2f2f67726170682e66616365626f6f6b2e636f6d2f31303230363431373837323630343036372f706963747572653f77696474683d31303030	2017-02-08 09:04:05.121513
72338ab3-aa9a-4205-8e62-2ae682cca18a	photo_thumb	\\x68747470733a2f2f67726170682e66616365626f6f6b2e636f6d2f31303230363431373837323630343036372f706963747572653f77696474683d333030266865696768743d333030	2017-02-08 09:04:05.123031
72338ab3-aa9a-4205-8e62-2ae682cca18a	first_name	\\x45696c65656e	2017-02-08 09:04:05.124795
72338ab3-aa9a-4205-8e62-2ae682cca18a	last_name	\\x43756c6c656e	2017-02-08 09:04:05.126685
72338ab3-aa9a-4205-8e62-2ae682cca18a	allow_email	\\x74727565	2017-02-08 09:04:05.128919
72338ab3-aa9a-4205-8e62-2ae682cca18a	allow_posts	\\x74727565	2017-02-08 09:04:05.130755
00430266-b81a-4640-afcb-e0b7d6c21802	facebook	\\x68747470733a2f2f66616365626f6f6b2e636f6d2f31383634323534393233373930373430	2017-02-08 09:04:49.366246
00430266-b81a-4640-afcb-e0b7d6c21802	first_name	\\x416c65786973	2017-02-08 09:04:49.379274
00430266-b81a-4640-afcb-e0b7d6c21802	last_name	\\x4572636961	2017-02-08 09:04:49.383177
00430266-b81a-4640-afcb-e0b7d6c21802	allow_posts	\\x74727565	2017-02-08 09:04:49.390746
fc595ded-0daf-4ad6-958e-239f64c1ce56	facebook	\\x68747470733a2f2f66616365626f6f6b2e636f6d2f3130323038383233363038393234343538	2017-02-08 09:05:35.51169
fc595ded-0daf-4ad6-958e-239f64c1ce56	photo	\\x68747470733a2f2f67726170682e66616365626f6f6b2e636f6d2f31303230383832333630383932343435382f706963747572653f77696474683d31303030	2017-02-08 09:05:35.513739
fc595ded-0daf-4ad6-958e-239f64c1ce56	photo_thumb	\\x68747470733a2f2f67726170682e66616365626f6f6b2e636f6d2f31303230383832333630383932343435382f706963747572653f77696474683d333030266865696768743d333030	2017-02-08 09:05:35.515613
fc595ded-0daf-4ad6-958e-239f64c1ce56	first_name	\\x416e6e61	2017-02-08 09:05:35.517297
fc595ded-0daf-4ad6-958e-239f64c1ce56	last_name	\\x4e6f72656d616e	2017-02-08 09:05:35.519204
fc595ded-0daf-4ad6-958e-239f64c1ce56	allow_email	\\x74727565	2017-02-08 09:05:35.521249
fc595ded-0daf-4ad6-958e-239f64c1ce56	allow_posts	\\x74727565	2017-02-08 09:05:35.523592
037c6800-6589-4d58-b9b8-d34324d93f1c	facebook	\\x68747470733a2f2f66616365626f6f6b2e636f6d2f3130323130393937393330323138333037	2017-02-08 09:06:21.470538
037c6800-6589-4d58-b9b8-d34324d93f1c	first_name	\\x4e69636f6c65	2017-02-08 09:06:21.484025
037c6800-6589-4d58-b9b8-d34324d93f1c	last_name	\\x5a61636b6f7769747a	2017-02-08 09:06:21.487983
037c6800-6589-4d58-b9b8-d34324d93f1c	allow_posts	\\x74727565	2017-02-08 09:06:21.497799
ac751be3-242e-4647-9518-0aaa6157b87a	facebook	\\x68747470733a2f2f66616365626f6f6b2e636f6d2f393037333134303939333732333038	2017-02-08 09:07:13.240365
ac751be3-242e-4647-9518-0aaa6157b87a	photo	\\x68747470733a2f2f67726170682e66616365626f6f6b2e636f6d2f3930373331343039393337323330382f706963747572653f77696474683d31303030	2017-02-08 09:07:13.242975
ac751be3-242e-4647-9518-0aaa6157b87a	photo_thumb	\\x68747470733a2f2f67726170682e66616365626f6f6b2e636f6d2f3930373331343039393337323330382f706963747572653f77696474683d333030266865696768743d333030	2017-02-08 09:07:13.245399
ac751be3-242e-4647-9518-0aaa6157b87a	first_name	\\x4a616b65	2017-02-08 09:07:13.248385
ac751be3-242e-4647-9518-0aaa6157b87a	last_name	\\x44756265	2017-02-08 09:07:13.25038
ac751be3-242e-4647-9518-0aaa6157b87a	allow_email	\\x74727565	2017-02-08 09:07:13.252311
ac751be3-242e-4647-9518-0aaa6157b87a	allow_posts	\\x74727565	2017-02-08 09:07:13.254306
f77087b9-297f-4b51-b23b-ff4d9fe1c292	facebook	\\x68747470733a2f2f66616365626f6f6b2e636f6d2f313533393430353631373737393639	2017-02-08 09:08:25.909694
f77087b9-297f-4b51-b23b-ff4d9fe1c292	photo	\\x68747470733a2f2f67726170682e66616365626f6f6b2e636f6d2f3135333934303536313737373936392f706963747572653f77696474683d31303030	2017-02-08 09:08:25.913668
f77087b9-297f-4b51-b23b-ff4d9fe1c292	photo_thumb	\\x68747470733a2f2f67726170682e66616365626f6f6b2e636f6d2f3135333934303536313737373936392f706963747572653f77696474683d333030266865696768743d333030	2017-02-08 09:08:25.915749
f77087b9-297f-4b51-b23b-ff4d9fe1c292	first_name	\\x4d616c6c6f7279	2017-02-08 09:08:25.917634
f77087b9-297f-4b51-b23b-ff4d9fe1c292	last_name	\\x576f6f64	2017-02-08 09:08:25.91963
f77087b9-297f-4b51-b23b-ff4d9fe1c292	allow_email	\\x74727565	2017-02-08 09:08:25.921491
f77087b9-297f-4b51-b23b-ff4d9fe1c292	allow_posts	\\x74727565	2017-02-08 09:08:25.923392
0e182938-3c83-4a58-8547-9ff148419ad6	facebook	\\x68747470733a2f2f66616365626f6f6b2e636f6d2f3130323130313931393133353238363137	2017-02-08 09:09:08.340735
0e182938-3c83-4a58-8547-9ff148419ad6	photo	\\x68747470733a2f2f67726170682e66616365626f6f6b2e636f6d2f31303231303139313931333532383631372f706963747572653f77696474683d31303030	2017-02-08 09:09:08.344467
0e182938-3c83-4a58-8547-9ff148419ad6	photo_thumb	\\x68747470733a2f2f67726170682e66616365626f6f6b2e636f6d2f31303231303139313931333532383631372f706963747572653f77696474683d333030266865696768743d333030	2017-02-08 09:09:08.346039
0e182938-3c83-4a58-8547-9ff148419ad6	first_name	\\x436f7572746e6579	2017-02-08 09:09:08.34781
037c6800-6589-4d58-b9b8-d34324d93f1c	photo	\\x68747470733a2f2f67726170682e66616365626f6f6b2e636f6d2f31303231303939373933303231383330372f706963747572653f77696474683d31303030	2017-02-08 09:06:21.475872
037c6800-6589-4d58-b9b8-d34324d93f1c	photo_thumb	\\x68747470733a2f2f67726170682e66616365626f6f6b2e636f6d2f31303231303939373933303231383330372f706963747572653f77696474683d333030266865696768743d333030	2017-02-08 09:06:21.47995
8014993c-deae-4dc4-a5db-69b98c5615b5	allow_email	\\x66616c7365	2017-02-08 08:59:31.407333
a37f3985-c980-4388-9c07-4a20fafc749e	photo	\\x68747470733a2f2f67726170682e66616365626f6f6b2e636f6d2f31303230383333333834343139393534312f706963747572653f77696474683d31303030	2017-02-08 09:03:20.361011
cbd1ab92-e6be-4df9-89a8-d933e17f8d2b	photo_thumb	\\x68747470733a2f2f67726170682e66616365626f6f6b2e636f6d2f31303231323233353731313233323231352f706963747572653f77696474683d333030266865696768743d333030	2017-02-08 08:58:54.087796
cbd1ab92-e6be-4df9-89a8-d933e17f8d2b	allow_email	\\x74727565	2017-02-08 08:58:54.09349
a37f3985-c980-4388-9c07-4a20fafc749e	photo_thumb	\\x68747470733a2f2f67726170682e66616365626f6f6b2e636f6d2f31303230383333333834343139393534312f706963747572653f77696474683d333030266865696768743d333030	2017-02-08 09:03:20.364778
a37f3985-c980-4388-9c07-4a20fafc749e	allow_email	\\x74727565	2017-02-08 09:03:20.369989
0e182938-3c83-4a58-8547-9ff148419ad6	allow_email	\\x74727565	2017-02-08 09:09:08.353748
0e182938-3c83-4a58-8547-9ff148419ad6	allow_posts	\\x74727565	2017-02-08 09:09:08.356085
c237fce7-fd0d-4bca-a84a-277177a0e0e4	facebook	\\x68747470733a2f2f66616365626f6f6b2e636f6d2f31323234353838323330393638363331	2017-02-08 09:09:41.857708
c237fce7-fd0d-4bca-a84a-277177a0e0e4	photo	\\x68747470733a2f2f67726170682e66616365626f6f6b2e636f6d2f313232343538383233303936383633312f706963747572653f77696474683d31303030	2017-02-08 09:09:41.860406
c237fce7-fd0d-4bca-a84a-277177a0e0e4	photo_thumb	\\x68747470733a2f2f67726170682e66616365626f6f6b2e636f6d2f313232343538383233303936383633312f706963747572653f77696474683d333030266865696768743d333030	2017-02-08 09:09:41.862546
c237fce7-fd0d-4bca-a84a-277177a0e0e4	first_name	\\x4a6f656c	2017-02-08 09:09:41.864741
c237fce7-fd0d-4bca-a84a-277177a0e0e4	last_name	\\x526976657261	2017-02-08 09:09:41.866894
c237fce7-fd0d-4bca-a84a-277177a0e0e4	allow_email	\\x74727565	2017-02-08 09:09:41.869166
c237fce7-fd0d-4bca-a84a-277177a0e0e4	allow_posts	\\x74727565	2017-02-08 09:09:41.871495
be42bc9b-c579-4e2c-bcb3-2422684c7324	facebook	\\x68747470733a2f2f66616365626f6f6b2e636f6d2f31343539343039323134303730383531	2017-02-08 09:12:17.525407
be42bc9b-c579-4e2c-bcb3-2422684c7324	first_name	\\x4a6573736965	2017-02-08 09:12:17.536735
be42bc9b-c579-4e2c-bcb3-2422684c7324	last_name	\\x416e646572736f6e	2017-02-08 09:12:17.538649
be42bc9b-c579-4e2c-bcb3-2422684c7324	allow_posts	\\x74727565	2017-02-08 09:12:17.544651
e4e88163-9b34-48a7-a0de-501fc92c9e97	facebook	\\x68747470733a2f2f66616365626f6f6b2e636f6d2f31343236353733323234303231303430	2017-02-08 09:12:45.164605
e4e88163-9b34-48a7-a0de-501fc92c9e97	photo	\\x68747470733a2f2f67726170682e66616365626f6f6b2e636f6d2f313432363537333232343032313034302f706963747572653f77696474683d31303030	2017-02-08 09:12:45.168965
e4e88163-9b34-48a7-a0de-501fc92c9e97	photo_thumb	\\x68747470733a2f2f67726170682e66616365626f6f6b2e636f6d2f313432363537333232343032313034302f706963747572653f77696474683d333030266865696768743d333030	2017-02-08 09:12:45.174008
e4e88163-9b34-48a7-a0de-501fc92c9e97	first_name	\\x4461536861756e	2017-02-08 09:12:45.176406
e4e88163-9b34-48a7-a0de-501fc92c9e97	last_name	\\x4d61636b48656e6e61	2017-02-08 09:12:45.178378
e4e88163-9b34-48a7-a0de-501fc92c9e97	allow_email	\\x74727565	2017-02-08 09:12:45.180854
e4e88163-9b34-48a7-a0de-501fc92c9e97	allow_posts	\\x74727565	2017-02-08 09:12:45.183386
aa861649-227b-407b-9694-4af23579cdda	facebook	\\x68747470733a2f2f66616365626f6f6b2e636f6d2f31343435363137393635343536373735	2017-02-08 09:12:54.587502
aa861649-227b-407b-9694-4af23579cdda	photo	\\x68747470733a2f2f67726170682e66616365626f6f6b2e636f6d2f313434353631373936353435363737352f706963747572653f77696474683d31303030	2017-02-08 09:12:54.590222
aa861649-227b-407b-9694-4af23579cdda	photo_thumb	\\x68747470733a2f2f67726170682e66616365626f6f6b2e636f6d2f313434353631373936353435363737352f706963747572653f77696474683d333030266865696768743d333030	2017-02-08 09:12:54.592724
aa861649-227b-407b-9694-4af23579cdda	first_name	\\x4b6576696e	2017-02-08 09:12:54.596055
aa861649-227b-407b-9694-4af23579cdda	last_name	\\x476f7a61	2017-02-08 09:12:54.602485
aa861649-227b-407b-9694-4af23579cdda	allow_email	\\x74727565	2017-02-08 09:12:54.606718
aa861649-227b-407b-9694-4af23579cdda	allow_posts	\\x74727565	2017-02-08 09:12:54.610299
c1df7fad-7bee-492b-83e4-5c158057e927	facebook	\\x68747470733a2f2f66616365626f6f6b2e636f6d2f31353238303831323033393033333135	2017-02-08 09:14:58.216672
c1df7fad-7bee-492b-83e4-5c158057e927	first_name	\\x5a656e69	2017-02-08 09:14:58.222265
c1df7fad-7bee-492b-83e4-5c158057e927	last_name	\\x5175696e6e	2017-02-08 09:14:58.223955
c1df7fad-7bee-492b-83e4-5c158057e927	allow_posts	\\x74727565	2017-02-08 09:14:58.226956
494a4a04-3e44-481b-b059-705c9f732514	facebook	\\x68747470733a2f2f66616365626f6f6b2e636f6d2f31343139333031333738303832393733	2017-02-08 09:14:58.879425
494a4a04-3e44-481b-b059-705c9f732514	photo	\\x68747470733a2f2f67726170682e66616365626f6f6b2e636f6d2f313431393330313337383038323937332f706963747572653f77696474683d31303030	2017-02-08 09:14:58.881592
494a4a04-3e44-481b-b059-705c9f732514	photo_thumb	\\x68747470733a2f2f67726170682e66616365626f6f6b2e636f6d2f313431393330313337383038323937332f706963747572653f77696474683d333030266865696768743d333030	2017-02-08 09:14:58.883948
494a4a04-3e44-481b-b059-705c9f732514	first_name	\\x53636f7574	2017-02-08 09:14:58.886119
494a4a04-3e44-481b-b059-705c9f732514	last_name	\\x466172726f77	2017-02-08 09:14:58.889582
494a4a04-3e44-481b-b059-705c9f732514	allow_posts	\\x74727565	2017-02-08 09:14:58.896569
88e2ef9c-d355-4d9a-919b-655a6104ec67	facebook	\\x68747470733a2f2f66616365626f6f6b2e636f6d2f3130323131323633343636393639373930	2017-02-08 09:16:09.709935
88e2ef9c-d355-4d9a-919b-655a6104ec67	photo	\\x68747470733a2f2f67726170682e66616365626f6f6b2e636f6d2f31303231313236333436363936393739302f706963747572653f77696474683d31303030	2017-02-08 09:16:09.713386
88e2ef9c-d355-4d9a-919b-655a6104ec67	photo_thumb	\\x68747470733a2f2f67726170682e66616365626f6f6b2e636f6d2f31303231313236333436363936393739302f706963747572653f77696474683d333030266865696768743d333030	2017-02-08 09:16:09.715324
88e2ef9c-d355-4d9a-919b-655a6104ec67	first_name	\\x4361726c79	2017-02-08 09:16:09.717926
88e2ef9c-d355-4d9a-919b-655a6104ec67	last_name	\\x4d61726965	2017-02-08 09:16:09.72288
88e2ef9c-d355-4d9a-919b-655a6104ec67	allow_email	\\x74727565	2017-02-08 09:16:09.727193
88e2ef9c-d355-4d9a-919b-655a6104ec67	allow_posts	\\x74727565	2017-02-08 09:16:09.731138
c1df7fad-7bee-492b-83e4-5c158057e927	photo	\\x68747470733a2f2f67726170682e66616365626f6f6b2e636f6d2f313532383038313230333930333331352f706963747572653f77696474683d31303030	2017-02-08 09:14:58.218823
c1df7fad-7bee-492b-83e4-5c158057e927	photo_thumb	\\x68747470733a2f2f67726170682e66616365626f6f6b2e636f6d2f313532383038313230333930333331352f706963747572653f77696474683d333030266865696768743d333030	2017-02-08 09:14:58.220565
c1df7fad-7bee-492b-83e4-5c158057e927	allow_email	\\x66616c7365	2017-02-08 09:14:58.22549
c1df7fad-7bee-492b-83e4-5c158057e927	allow_post	\\x66616c7365	2017-02-08 09:16:12.566667
2b9f8ffc-b3ff-429c-a1ca-6fe160b0cc0d	facebook	\\x68747470733a2f2f66616365626f6f6b2e636f6d2f31323234363731373030393634353635	2017-02-08 09:16:35.468445
2b9f8ffc-b3ff-429c-a1ca-6fe160b0cc0d	photo	\\x68747470733a2f2f67726170682e66616365626f6f6b2e636f6d2f313232343637313730303936343536352f706963747572653f77696474683d31303030	2017-02-08 09:16:35.472635
2b9f8ffc-b3ff-429c-a1ca-6fe160b0cc0d	photo_thumb	\\x68747470733a2f2f67726170682e66616365626f6f6b2e636f6d2f313232343637313730303936343536352f706963747572653f77696474683d333030266865696768743d333030	2017-02-08 09:16:35.476024
2b9f8ffc-b3ff-429c-a1ca-6fe160b0cc0d	first_name	\\x42726974746e6579	2017-02-08 09:16:35.479331
2b9f8ffc-b3ff-429c-a1ca-6fe160b0cc0d	last_name	\\x4861796573	2017-02-08 09:16:35.488067
2b9f8ffc-b3ff-429c-a1ca-6fe160b0cc0d	allow_email	\\x74727565	2017-02-08 09:16:35.492759
2b9f8ffc-b3ff-429c-a1ca-6fe160b0cc0d	allow_posts	\\x74727565	2017-02-08 09:16:35.496582
f0ffaa16-4f54-4ffa-83eb-57f2a87c850c	facebook	\\x68747470733a2f2f66616365626f6f6b2e636f6d2f31323639373234393136343130373033	2017-02-08 09:16:51.758706
f0ffaa16-4f54-4ffa-83eb-57f2a87c850c	first_name	\\x436f7572746e6579	2017-02-08 09:16:51.76399
f0ffaa16-4f54-4ffa-83eb-57f2a87c850c	last_name	\\x4d617374726f72696f	2017-02-08 09:16:51.765418
f0ffaa16-4f54-4ffa-83eb-57f2a87c850c	allow_posts	\\x74727565	2017-02-08 09:16:51.768364
7d7eee15-e0c2-41cf-b116-af250e7eb5e2	facebook	\\x68747470733a2f2f66616365626f6f6b2e636f6d2f31343539303632343230373930393035	2017-02-08 09:16:56.170847
7d7eee15-e0c2-41cf-b116-af250e7eb5e2	first_name	\\x4861796c6565	2017-02-08 09:16:56.176082
7d7eee15-e0c2-41cf-b116-af250e7eb5e2	last_name	\\x4c656e74696e	2017-02-08 09:16:56.177666
7d7eee15-e0c2-41cf-b116-af250e7eb5e2	allow_posts	\\x74727565	2017-02-08 09:16:56.181262
912926d0-fc39-457c-a44b-368a8475f191	facebook	\\x68747470733a2f2f66616365626f6f6b2e636f6d2f31353730343038333036333032353437	2017-02-08 09:18:04.255715
912926d0-fc39-457c-a44b-368a8475f191	photo	\\x68747470733a2f2f67726170682e66616365626f6f6b2e636f6d2f313537303430383330363330323534372f706963747572653f77696474683d31303030	2017-02-08 09:18:04.258481
912926d0-fc39-457c-a44b-368a8475f191	photo_thumb	\\x68747470733a2f2f67726170682e66616365626f6f6b2e636f6d2f313537303430383330363330323534372f706963747572653f77696474683d333030266865696768743d333030	2017-02-08 09:18:04.260279
912926d0-fc39-457c-a44b-368a8475f191	first_name	\\x4272616e646f6e	2017-02-08 09:18:04.261895
912926d0-fc39-457c-a44b-368a8475f191	last_name	\\x4261726e657474	2017-02-08 09:18:04.263547
912926d0-fc39-457c-a44b-368a8475f191	allow_email	\\x74727565	2017-02-08 09:18:04.265403
912926d0-fc39-457c-a44b-368a8475f191	allow_posts	\\x74727565	2017-02-08 09:18:04.267228
be42bc9b-c579-4e2c-bcb3-2422684c7324	allow_email	\\x66616c7365	2017-02-08 09:12:17.540666
7d7eee15-e0c2-41cf-b116-af250e7eb5e2	photo	\\x68747470733a2f2f67726170682e66616365626f6f6b2e636f6d2f313435393036323432303739303930352f706963747572653f77696474683d31303030	2017-02-08 09:16:56.172828
18b77e08-2150-4d4d-b460-0791ff2d56b7	facebook	\\x68747470733a2f2f66616365626f6f6b2e636f6d2f31363031393832333033313532353336	2017-02-08 09:19:57.791056
18b77e08-2150-4d4d-b460-0791ff2d56b7	photo	\\x68747470733a2f2f67726170682e66616365626f6f6b2e636f6d2f313630313938323330333135323533362f706963747572653f77696474683d31303030	2017-02-08 09:19:57.796635
18b77e08-2150-4d4d-b460-0791ff2d56b7	photo_thumb	\\x68747470733a2f2f67726170682e66616365626f6f6b2e636f6d2f313630313938323330333135323533362f706963747572653f77696474683d333030266865696768743d333030	2017-02-08 09:19:57.802479
18b77e08-2150-4d4d-b460-0791ff2d56b7	first_name	\\x456d696c79	2017-02-08 09:19:57.806826
18b77e08-2150-4d4d-b460-0791ff2d56b7	last_name	\\x4c6173736c6579	2017-02-08 09:19:57.810448
18b77e08-2150-4d4d-b460-0791ff2d56b7	allow_posts	\\x74727565	2017-02-08 09:19:57.817508
494a4a04-3e44-481b-b059-705c9f732514	allow_email	\\x66616c7365	2017-02-08 09:14:58.894255
be42bc9b-c579-4e2c-bcb3-2422684c7324	photo	\\x68747470733a2f2f67726170682e66616365626f6f6b2e636f6d2f313435393430393231343037303835312f706963747572653f77696474683d31303030	2017-02-08 09:12:17.532178
be42bc9b-c579-4e2c-bcb3-2422684c7324	photo_thumb	\\x68747470733a2f2f67726170682e66616365626f6f6b2e636f6d2f313435393430393231343037303835312f706963747572653f77696474683d333030266865696768743d333030	2017-02-08 09:12:17.534645
18b77e08-2150-4d4d-b460-0791ff2d56b7	allow_email	\\x66616c7365	2017-02-08 09:19:57.814187
7d7eee15-e0c2-41cf-b116-af250e7eb5e2	photo_thumb	\\x68747470733a2f2f67726170682e66616365626f6f6b2e636f6d2f313435393036323432303739303930352f706963747572653f77696474683d333030266865696768743d333030	2017-02-08 09:16:56.174426
2121a7c2-9051-4510-92fe-fd0f59de7f55	facebook	\\x68747470733a2f2f66616365626f6f6b2e636f6d2f31323235383035343834313730313737	2017-02-08 09:20:14.945684
2121a7c2-9051-4510-92fe-fd0f59de7f55	photo	\\x68747470733a2f2f67726170682e66616365626f6f6b2e636f6d2f313232353830353438343137303137372f706963747572653f77696474683d31303030	2017-02-08 09:20:14.95097
2121a7c2-9051-4510-92fe-fd0f59de7f55	photo_thumb	\\x68747470733a2f2f67726170682e66616365626f6f6b2e636f6d2f313232353830353438343137303137372f706963747572653f77696474683d333030266865696768743d333030	2017-02-08 09:20:14.955468
2121a7c2-9051-4510-92fe-fd0f59de7f55	first_name	\\x4d6567616e	2017-02-08 09:20:14.960296
2121a7c2-9051-4510-92fe-fd0f59de7f55	last_name	\\x47696f76656e636f	2017-02-08 09:20:14.965207
2121a7c2-9051-4510-92fe-fd0f59de7f55	allow_email	\\x74727565	2017-02-08 09:20:14.977255
2121a7c2-9051-4510-92fe-fd0f59de7f55	allow_posts	\\x74727565	2017-02-08 09:20:14.982024
413c1e4c-d4cd-4de3-9469-d586f1d256be	facebook	\\x68747470733a2f2f66616365626f6f6b2e636f6d2f363239343233323233393139393733	2017-02-08 09:24:17.145443
413c1e4c-d4cd-4de3-9469-d586f1d256be	photo	\\x68747470733a2f2f67726170682e66616365626f6f6b2e636f6d2f3632393432333232333931393937332f706963747572653f77696474683d31303030	2017-02-08 09:24:17.148024
413c1e4c-d4cd-4de3-9469-d586f1d256be	photo_thumb	\\x68747470733a2f2f67726170682e66616365626f6f6b2e636f6d2f3632393432333232333931393937332f706963747572653f77696474683d333030266865696768743d333030	2017-02-08 09:24:17.149853
413c1e4c-d4cd-4de3-9469-d586f1d256be	first_name	\\x54796c6572	2017-02-08 09:24:17.151565
413c1e4c-d4cd-4de3-9469-d586f1d256be	last_name	\\x53686166666e6572	2017-02-08 09:24:17.153329
413c1e4c-d4cd-4de3-9469-d586f1d256be	allow_email	\\x74727565	2017-02-08 09:24:17.15507
413c1e4c-d4cd-4de3-9469-d586f1d256be	allow_posts	\\x74727565	2017-02-08 09:24:17.156841
eb491e9f-1155-45a0-b100-bc3d3d887037	facebook	\\x68747470733a2f2f66616365626f6f6b2e636f6d2f3130323131383137303433333731303632	2017-02-08 09:25:03.596574
eb491e9f-1155-45a0-b100-bc3d3d887037	photo	\\x68747470733a2f2f67726170682e66616365626f6f6b2e636f6d2f31303231313831373034333337313036322f706963747572653f77696474683d31303030	2017-02-08 09:25:03.605729
eb491e9f-1155-45a0-b100-bc3d3d887037	photo_thumb	\\x68747470733a2f2f67726170682e66616365626f6f6b2e636f6d2f31303231313831373034333337313036322f706963747572653f77696474683d333030266865696768743d333030	2017-02-08 09:25:03.608461
eb491e9f-1155-45a0-b100-bc3d3d887037	first_name	\\x4d61726c6f	2017-02-08 09:25:03.610974
eb491e9f-1155-45a0-b100-bc3d3d887037	last_name	\\x4d756c68616c6c	2017-02-08 09:25:03.613483
eb491e9f-1155-45a0-b100-bc3d3d887037	allow_email	\\x74727565	2017-02-08 09:25:03.615598
eb491e9f-1155-45a0-b100-bc3d3d887037	allow_posts	\\x74727565	2017-02-08 09:25:03.618849
87f55db1-ba54-4719-84e8-81deb3540414	facebook	\\x68747470733a2f2f66616365626f6f6b2e636f6d2f3130313538323236373331393330303830	2017-02-08 09:25:37.456903
87f55db1-ba54-4719-84e8-81deb3540414	first_name	\\x416e64726561	2017-02-08 09:25:37.470995
87f55db1-ba54-4719-84e8-81deb3540414	last_name	\\x42656e61696d	2017-02-08 09:25:37.474767
87f55db1-ba54-4719-84e8-81deb3540414	allow_posts	\\x74727565	2017-02-08 09:25:37.482925
244ae30b-4391-4b89-912a-17f0e1ea3498	facebook	\\x68747470733a2f2f66616365626f6f6b2e636f6d2f31353738323232393735353236373632	2017-02-08 09:27:14.214233
244ae30b-4391-4b89-912a-17f0e1ea3498	photo	\\x68747470733a2f2f67726170682e66616365626f6f6b2e636f6d2f313537383232323937353532363736322f706963747572653f77696474683d31303030	2017-02-08 09:27:14.218551
244ae30b-4391-4b89-912a-17f0e1ea3498	photo_thumb	\\x68747470733a2f2f67726170682e66616365626f6f6b2e636f6d2f313537383232323937353532363736322f706963747572653f77696474683d333030266865696768743d333030	2017-02-08 09:27:14.221864
244ae30b-4391-4b89-912a-17f0e1ea3498	first_name	\\x48756e746572	2017-02-08 09:27:14.226825
244ae30b-4391-4b89-912a-17f0e1ea3498	last_name	\\x526f6262696e73	2017-02-08 09:27:14.230914
244ae30b-4391-4b89-912a-17f0e1ea3498	allow_email	\\x74727565	2017-02-08 09:27:14.234344
244ae30b-4391-4b89-912a-17f0e1ea3498	allow_posts	\\x74727565	2017-02-08 09:27:14.238923
87f55db1-ba54-4719-84e8-81deb3540414	photo	\\x68747470733a2f2f67726170682e66616365626f6f6b2e636f6d2f31303135383232363733313933303038302f706963747572653f77696474683d31303030	2017-02-08 09:25:37.463088
87f55db1-ba54-4719-84e8-81deb3540414	photo_thumb	\\x68747470733a2f2f67726170682e66616365626f6f6b2e636f6d2f31303135383232363733313933303038302f706963747572653f77696474683d333030266865696768743d333030	2017-02-08 09:25:37.466956
bfa8b351-95d1-4b3e-a5de-c04dd637dc6e	allow_email	\\x74727565	2017-02-08 09:29:15.441869
87f55db1-ba54-4719-84e8-81deb3540414	allow_post	\\x66616c7365	2017-02-08 09:27:19.723294
ee07d476-dc31-4232-bf7c-4ff27d7c47d5	facebook	\\x68747470733a2f2f66616365626f6f6b2e636f6d2f3130323036353130353331343031313839	2017-02-08 09:27:46.649544
ee07d476-dc31-4232-bf7c-4ff27d7c47d5	photo	\\x68747470733a2f2f67726170682e66616365626f6f6b2e636f6d2f31303230363531303533313430313138392f706963747572653f77696474683d31303030	2017-02-08 09:27:46.654513
ee07d476-dc31-4232-bf7c-4ff27d7c47d5	photo_thumb	\\x68747470733a2f2f67726170682e66616365626f6f6b2e636f6d2f31303230363531303533313430313138392f706963747572653f77696474683d333030266865696768743d333030	2017-02-08 09:27:46.658025
ee07d476-dc31-4232-bf7c-4ff27d7c47d5	first_name	\\x417574756d6e	2017-02-08 09:27:46.678961
ee07d476-dc31-4232-bf7c-4ff27d7c47d5	last_name	\\x52616d736579	2017-02-08 09:27:46.683233
ee07d476-dc31-4232-bf7c-4ff27d7c47d5	allow_email	\\x74727565	2017-02-08 09:27:46.686792
ee07d476-dc31-4232-bf7c-4ff27d7c47d5	allow_posts	\\x74727565	2017-02-08 09:27:46.690709
d28e1e2e-5a47-4366-8c54-9aea271c2e57	facebook	\\x68747470733a2f2f66616365626f6f6b2e636f6d2f3130323038353836363838303436323036	2017-02-08 09:28:23.61068
d28e1e2e-5a47-4366-8c54-9aea271c2e57	photo	\\x68747470733a2f2f67726170682e66616365626f6f6b2e636f6d2f31303230383538363638383034363230362f706963747572653f77696474683d31303030	2017-02-08 09:28:23.6131
d28e1e2e-5a47-4366-8c54-9aea271c2e57	photo_thumb	\\x68747470733a2f2f67726170682e66616365626f6f6b2e636f6d2f31303230383538363638383034363230362f706963747572653f77696474683d333030266865696768743d333030	2017-02-08 09:28:23.61507
d28e1e2e-5a47-4366-8c54-9aea271c2e57	first_name	\\x427269616e61	2017-02-08 09:28:23.616958
d28e1e2e-5a47-4366-8c54-9aea271c2e57	last_name	\\x4861796573	2017-02-08 09:28:23.618816
d28e1e2e-5a47-4366-8c54-9aea271c2e57	allow_email	\\x74727565	2017-02-08 09:28:23.620661
d28e1e2e-5a47-4366-8c54-9aea271c2e57	allow_posts	\\x74727565	2017-02-08 09:28:23.62246
76a5ebf6-0c62-45e0-a6b4-1e37ecea1261	facebook	\\x68747470733a2f2f66616365626f6f6b2e636f6d2f3130323032383037383739323734363434	2017-02-08 09:28:56.049495
76a5ebf6-0c62-45e0-a6b4-1e37ecea1261	photo	\\x68747470733a2f2f67726170682e66616365626f6f6b2e636f6d2f31303230323830373837393237343634342f706963747572653f77696474683d31303030	2017-02-08 09:28:56.051586
76a5ebf6-0c62-45e0-a6b4-1e37ecea1261	photo_thumb	\\x68747470733a2f2f67726170682e66616365626f6f6b2e636f6d2f31303230323830373837393237343634342f706963747572653f77696474683d333030266865696768743d333030	2017-02-08 09:28:56.053155
76a5ebf6-0c62-45e0-a6b4-1e37ecea1261	first_name	\\x4d636b656e6e61	2017-02-08 09:28:56.054786
76a5ebf6-0c62-45e0-a6b4-1e37ecea1261	last_name	\\x536368616172	2017-02-08 09:28:56.058266
76a5ebf6-0c62-45e0-a6b4-1e37ecea1261	allow_email	\\x74727565	2017-02-08 09:28:56.060508
76a5ebf6-0c62-45e0-a6b4-1e37ecea1261	allow_posts	\\x74727565	2017-02-08 09:28:56.062426
7cf28996-37fc-4470-bfe1-58323985d8e1	facebook	\\x68747470733a2f2f66616365626f6f6b2e636f6d2f31333230343633313331333333353031	2017-02-08 09:29:07.891714
7cf28996-37fc-4470-bfe1-58323985d8e1	photo	\\x68747470733a2f2f67726170682e66616365626f6f6b2e636f6d2f313332303436333133313333333530312f706963747572653f77696474683d31303030	2017-02-08 09:29:07.893858
7cf28996-37fc-4470-bfe1-58323985d8e1	photo_thumb	\\x68747470733a2f2f67726170682e66616365626f6f6b2e636f6d2f313332303436333133313333333530312f706963747572653f77696474683d333030266865696768743d333030	2017-02-08 09:29:07.895591
7cf28996-37fc-4470-bfe1-58323985d8e1	first_name	\\x52616368656c	2017-02-08 09:29:07.897237
7cf28996-37fc-4470-bfe1-58323985d8e1	last_name	\\x4b6f686c	2017-02-08 09:29:07.899038
7cf28996-37fc-4470-bfe1-58323985d8e1	allow_email	\\x74727565	2017-02-08 09:29:07.900437
7cf28996-37fc-4470-bfe1-58323985d8e1	allow_posts	\\x74727565	2017-02-08 09:29:07.901819
bfa8b351-95d1-4b3e-a5de-c04dd637dc6e	facebook	\\x68747470733a2f2f66616365626f6f6b2e636f6d2f31333432323836313235383333333230	2017-02-08 09:29:15.433417
bfa8b351-95d1-4b3e-a5de-c04dd637dc6e	first_name	\\x4a6f6e69	2017-02-08 09:29:15.438728
bfa8b351-95d1-4b3e-a5de-c04dd637dc6e	last_name	\\x53656c6967736f6e	2017-02-08 09:29:15.440266
bfa8b351-95d1-4b3e-a5de-c04dd637dc6e	allow_posts	\\x74727565	2017-02-08 09:29:15.443429
092a9f97-2fec-4b64-84f4-6680de909523	facebook	\\x68747470733a2f2f66616365626f6f6b2e636f6d2f3130313534373636383636353030373334	2017-02-08 09:29:15.618938
092a9f97-2fec-4b64-84f4-6680de909523	photo	\\x68747470733a2f2f67726170682e66616365626f6f6b2e636f6d2f31303135343736363836363530303733342f706963747572653f77696474683d31303030	2017-02-08 09:29:15.620872
092a9f97-2fec-4b64-84f4-6680de909523	photo_thumb	\\x68747470733a2f2f67726170682e66616365626f6f6b2e636f6d2f31303135343736363836363530303733342f706963747572653f77696474683d333030266865696768743d333030	2017-02-08 09:29:15.622558
092a9f97-2fec-4b64-84f4-6680de909523	first_name	\\x54617974756d	2017-02-08 09:29:15.624558
092a9f97-2fec-4b64-84f4-6680de909523	last_name	\\x4f727368616e	2017-02-08 09:29:15.626932
092a9f97-2fec-4b64-84f4-6680de909523	allow_email	\\x74727565	2017-02-08 09:29:15.629126
092a9f97-2fec-4b64-84f4-6680de909523	allow_posts	\\x74727565	2017-02-08 09:29:15.630915
a4728d43-84c7-4c59-9b82-19826608d2f5	facebook	\\x68747470733a2f2f66616365626f6f6b2e636f6d2f3130323131383335313531363635333630	2017-02-08 09:32:17.120644
a4728d43-84c7-4c59-9b82-19826608d2f5	photo	\\x68747470733a2f2f67726170682e66616365626f6f6b2e636f6d2f31303231313833353135313636353336302f706963747572653f77696474683d31303030	2017-02-08 09:32:17.12618
a4728d43-84c7-4c59-9b82-19826608d2f5	photo_thumb	\\x68747470733a2f2f67726170682e66616365626f6f6b2e636f6d2f31303231313833353135313636353336302f706963747572653f77696474683d333030266865696768743d333030	2017-02-08 09:32:17.130456
a4728d43-84c7-4c59-9b82-19826608d2f5	first_name	\\x4572696e	2017-02-08 09:32:17.134438
a4728d43-84c7-4c59-9b82-19826608d2f5	last_name	\\x5265696c6c79	2017-02-08 09:32:17.138279
a4728d43-84c7-4c59-9b82-19826608d2f5	allow_email	\\x74727565	2017-02-08 09:32:17.14244
a4728d43-84c7-4c59-9b82-19826608d2f5	allow_posts	\\x74727565	2017-02-08 09:32:17.146548
4d1a38cb-4b07-462e-8f45-75eb868422ba	facebook	\\x68747470733a2f2f66616365626f6f6b2e636f6d2f31323237343538343837333431353236	2017-02-08 09:32:30.488205
4d1a38cb-4b07-462e-8f45-75eb868422ba	photo	\\x68747470733a2f2f67726170682e66616365626f6f6b2e636f6d2f313232373435383438373334313532362f706963747572653f77696474683d31303030	2017-02-08 09:32:30.490454
4d1a38cb-4b07-462e-8f45-75eb868422ba	photo_thumb	\\x68747470733a2f2f67726170682e66616365626f6f6b2e636f6d2f313232373435383438373334313532362f706963747572653f77696474683d333030266865696768743d333030	2017-02-08 09:32:30.492058
4d1a38cb-4b07-462e-8f45-75eb868422ba	first_name	\\x536861796e61	2017-02-08 09:32:30.493591
4d1a38cb-4b07-462e-8f45-75eb868422ba	last_name	\\x476f6c6472696368	2017-02-08 09:32:30.494971
4d1a38cb-4b07-462e-8f45-75eb868422ba	allow_email	\\x74727565	2017-02-08 09:32:30.496365
4d1a38cb-4b07-462e-8f45-75eb868422ba	allow_posts	\\x74727565	2017-02-08 09:32:30.497761
c14a2d76-1236-4752-8131-8da6b619a0fe	facebook	\\x68747470733a2f2f66616365626f6f6b2e636f6d2f3130323039373433383239303035373230	2017-02-08 09:32:49.406231
c14a2d76-1236-4752-8131-8da6b619a0fe	first_name	\\x416c6c6965	2017-02-08 09:32:49.410982
c14a2d76-1236-4752-8131-8da6b619a0fe	last_name	\\x426563686572	2017-02-08 09:32:49.412502
c14a2d76-1236-4752-8131-8da6b619a0fe	allow_posts	\\x74727565	2017-02-08 09:32:49.415455
84f8924a-9320-4cd1-ac22-658ef7fd1379	facebook	\\x68747470733a2f2f66616365626f6f6b2e636f6d2f3130323131393738363537393631353938	2017-02-08 09:32:52.505566
84f8924a-9320-4cd1-ac22-658ef7fd1379	photo	\\x68747470733a2f2f67726170682e66616365626f6f6b2e636f6d2f31303231313937383635373936313539382f706963747572653f77696474683d31303030	2017-02-08 09:32:52.508362
84f8924a-9320-4cd1-ac22-658ef7fd1379	photo_thumb	\\x68747470733a2f2f67726170682e66616365626f6f6b2e636f6d2f31303231313937383635373936313539382f706963747572653f77696474683d333030266865696768743d333030	2017-02-08 09:32:52.510672
84f8924a-9320-4cd1-ac22-658ef7fd1379	first_name	\\x526f7279	2017-02-08 09:32:52.512801
84f8924a-9320-4cd1-ac22-658ef7fd1379	last_name	\\x4e656572	2017-02-08 09:32:52.514482
84f8924a-9320-4cd1-ac22-658ef7fd1379	allow_email	\\x74727565	2017-02-08 09:32:52.516098
84f8924a-9320-4cd1-ac22-658ef7fd1379	allow_posts	\\x74727565	2017-02-08 09:32:52.517581
c14a2d76-1236-4752-8131-8da6b619a0fe	photo	\\x68747470733a2f2f67726170682e66616365626f6f6b2e636f6d2f31303230393734333832393030353732302f706963747572653f77696474683d31303030	2017-02-08 09:32:49.408063
c14a2d76-1236-4752-8131-8da6b619a0fe	photo_thumb	\\x68747470733a2f2f67726170682e66616365626f6f6b2e636f6d2f31303230393734333832393030353732302f706963747572653f77696474683d333030266865696768743d333030	2017-02-08 09:32:49.409542
c14a2d76-1236-4752-8131-8da6b619a0fe	allow_email	\\x74727565	2017-02-08 09:32:49.41402
c14a2d76-1236-4752-8131-8da6b619a0fe	allow_post	\\x66616c7365	2017-02-08 09:33:49.255928
befe286d-fd6a-4cc5-8549-aeec99c3b647	facebook	\\x68747470733a2f2f66616365626f6f6b2e636f6d2f31373034333036323433323134333636	2017-02-08 09:33:59.656988
befe286d-fd6a-4cc5-8549-aeec99c3b647	photo	\\x68747470733a2f2f67726170682e66616365626f6f6b2e636f6d2f313730343330363234333231343336362f706963747572653f77696474683d31303030	2017-02-08 09:33:59.659405
befe286d-fd6a-4cc5-8549-aeec99c3b647	photo_thumb	\\x68747470733a2f2f67726170682e66616365626f6f6b2e636f6d2f313730343330363234333231343336362f706963747572653f77696474683d333030266865696768743d333030	2017-02-08 09:33:59.661099
befe286d-fd6a-4cc5-8549-aeec99c3b647	first_name	\\x41796e736c6579	2017-02-08 09:33:59.663154
befe286d-fd6a-4cc5-8549-aeec99c3b647	last_name	\\x5261736d757373656e	2017-02-08 09:33:59.666641
befe286d-fd6a-4cc5-8549-aeec99c3b647	allow_posts	\\x74727565	2017-02-08 09:33:59.674114
0f090ef3-a214-46ef-b6de-53f000f87d7c	photo	\\x68747470733a2f2f67726170682e66616365626f6f6b2e636f6d2f31303231303035343530343639313732332f706963747572653f77696474683d31303030	2017-02-08 08:54:09.416518
0f090ef3-a214-46ef-b6de-53f000f87d7c	photo_thumb	\\x68747470733a2f2f67726170682e66616365626f6f6b2e636f6d2f31303231303035343530343639313732332f706963747572653f77696474683d333030266865696768743d333030	2017-02-08 08:54:09.418042
0f090ef3-a214-46ef-b6de-53f000f87d7c	allow_email	\\x74727565	2017-02-08 08:54:09.42351
0f090ef3-a214-46ef-b6de-53f000f87d7c	allow_post	\\x66616c7365	2017-02-08 09:34:52.899123
55521ee2-b8bf-4ed2-a2a1-28cc6ba17891	facebook	\\x68747470733a2f2f66616365626f6f6b2e636f6d2f31343239393230393937303230353033	2017-02-08 09:35:50.131286
55521ee2-b8bf-4ed2-a2a1-28cc6ba17891	photo	\\x68747470733a2f2f67726170682e66616365626f6f6b2e636f6d2f313432393932303939373032303530332f706963747572653f77696474683d31303030	2017-02-08 09:35:50.134954
55521ee2-b8bf-4ed2-a2a1-28cc6ba17891	photo_thumb	\\x68747470733a2f2f67726170682e66616365626f6f6b2e636f6d2f313432393932303939373032303530332f706963747572653f77696474683d333030266865696768743d333030	2017-02-08 09:35:50.139088
55521ee2-b8bf-4ed2-a2a1-28cc6ba17891	first_name	\\x4173686c6579	2017-02-08 09:35:50.14086
55521ee2-b8bf-4ed2-a2a1-28cc6ba17891	last_name	\\x4e6f727573	2017-02-08 09:35:50.143062
55521ee2-b8bf-4ed2-a2a1-28cc6ba17891	allow_email	\\x74727565	2017-02-08 09:35:50.146535
55521ee2-b8bf-4ed2-a2a1-28cc6ba17891	allow_posts	\\x74727565	2017-02-08 09:35:50.149991
5ba3287b-ba6b-4722-87d1-fa3ae317b1b2	facebook	\\x68747470733a2f2f66616365626f6f6b2e636f6d2f31313932363731363530383532343734	2017-02-08 09:36:52.876583
5ba3287b-ba6b-4722-87d1-fa3ae317b1b2	first_name	\\x4c696e64736579	2017-02-08 09:36:52.881719
5ba3287b-ba6b-4722-87d1-fa3ae317b1b2	last_name	\\x4861727269736f6e	2017-02-08 09:36:52.883098
5ba3287b-ba6b-4722-87d1-fa3ae317b1b2	allow_posts	\\x74727565	2017-02-08 09:36:52.886233
22cafc2f-384e-463c-82a1-263c4e916285	facebook	\\x68747470733a2f2f66616365626f6f6b2e636f6d2f3130323037353431353937393239353334	2017-02-08 09:38:44.409879
22cafc2f-384e-463c-82a1-263c4e916285	first_name	\\x4b796c65	2017-02-08 09:38:44.415602
22cafc2f-384e-463c-82a1-263c4e916285	last_name	\\x4175646574	2017-02-08 09:38:44.417251
22cafc2f-384e-463c-82a1-263c4e916285	allow_posts	\\x74727565	2017-02-08 09:38:44.420776
22cafc2f-384e-463c-82a1-263c4e916285	photo	\\x68747470733a2f2f67726170682e66616365626f6f6b2e636f6d2f31303230373534313539373932393533342f706963747572653f77696474683d31303030	2017-02-08 09:38:44.412433
22cafc2f-384e-463c-82a1-263c4e916285	photo_thumb	\\x68747470733a2f2f67726170682e66616365626f6f6b2e636f6d2f31303230373534313539373932393533342f706963747572653f77696474683d333030	2017-02-08 09:38:44.414041
22cafc2f-384e-463c-82a1-263c4e916285	allow_email	\\x74727565	2017-02-08 09:38:44.4192
128b2d6b-e60b-46e4-bfdd-955bc7487d5a	facebook	\\x68747470733a2f2f66616365626f6f6b2e636f6d2f31323730313030343833303834303937	2017-02-08 09:40:28.994276
128b2d6b-e60b-46e4-bfdd-955bc7487d5a	first_name	\\x41626279	2017-02-08 09:40:29.00015
128b2d6b-e60b-46e4-bfdd-955bc7487d5a	last_name	\\x57696c77616e74	2017-02-08 09:40:29.001798
128b2d6b-e60b-46e4-bfdd-955bc7487d5a	allow_posts	\\x74727565	2017-02-08 09:40:29.005081
96948853-343c-43f4-8fec-84c830d5b263	facebook	\\x68747470733a2f2f66616365626f6f6b2e636f6d2f3130323038323339363937303036363238	2017-02-08 09:40:43.237361
96948853-343c-43f4-8fec-84c830d5b263	first_name	\\x4b61746c796e	2017-02-08 09:40:43.245138
96948853-343c-43f4-8fec-84c830d5b263	last_name	\\x416e6e696365	2017-02-08 09:40:43.249415
96948853-343c-43f4-8fec-84c830d5b263	allow_posts	\\x74727565	2017-02-08 09:40:43.254366
128b2d6b-e60b-46e4-bfdd-955bc7487d5a	photo	\\x68747470733a2f2f67726170682e66616365626f6f6b2e636f6d2f313237303130303438333038343039372f706963747572653f77696474683d31303030	2017-02-08 09:40:28.996517
128b2d6b-e60b-46e4-bfdd-955bc7487d5a	photo_thumb	\\x68747470733a2f2f67726170682e66616365626f6f6b2e636f6d2f313237303130303438333038343039372f706963747572653f77696474683d333030266865696768743d333030	2017-02-08 09:40:28.998295
128b2d6b-e60b-46e4-bfdd-955bc7487d5a	allow_email	\\x74727565	2017-02-08 09:40:29.003464
128b2d6b-e60b-46e4-bfdd-955bc7487d5a	allow_post	\\x66616c7365	2017-02-08 09:42:05.638372
5576a7dd-9981-4a0c-81bd-ee14fda48673	facebook	\\x68747470733a2f2f66616365626f6f6b2e636f6d2f31333931363537323330383638373632	2017-02-08 09:46:14.612547
5576a7dd-9981-4a0c-81bd-ee14fda48673	photo	\\x68747470733a2f2f67726170682e66616365626f6f6b2e636f6d2f313339313635373233303836383736322f706963747572653f77696474683d31303030	2017-02-08 09:46:14.614874
5576a7dd-9981-4a0c-81bd-ee14fda48673	photo_thumb	\\x68747470733a2f2f67726170682e66616365626f6f6b2e636f6d2f313339313635373233303836383736322f706963747572653f77696474683d333030266865696768743d333030	2017-02-08 09:46:14.616401
5576a7dd-9981-4a0c-81bd-ee14fda48673	first_name	\\x44616b6f7461	2017-02-08 09:46:14.617745
5576a7dd-9981-4a0c-81bd-ee14fda48673	last_name	\\x57696c6c69616d73	2017-02-08 09:46:14.621284
5576a7dd-9981-4a0c-81bd-ee14fda48673	allow_email	\\x74727565	2017-02-08 09:46:14.62345
5576a7dd-9981-4a0c-81bd-ee14fda48673	allow_posts	\\x74727565	2017-02-08 09:46:14.625499
d382dcce-f6cb-457b-ae32-549ec153be50	facebook	\\x68747470733a2f2f66616365626f6f6b2e636f6d2f3130313534333636333739363933313737	2017-02-08 09:46:20.251901
d382dcce-f6cb-457b-ae32-549ec153be50	photo	\\x68747470733a2f2f67726170682e66616365626f6f6b2e636f6d2f31303135343336363337393639333137372f706963747572653f77696474683d31303030	2017-02-08 09:46:20.253766
d382dcce-f6cb-457b-ae32-549ec153be50	photo_thumb	\\x68747470733a2f2f67726170682e66616365626f6f6b2e636f6d2f31303135343336363337393639333137372f706963747572653f77696474683d333030266865696768743d333030	2017-02-08 09:46:20.255209
d382dcce-f6cb-457b-ae32-549ec153be50	first_name	\\x5374657068616e6965	2017-02-08 09:46:20.256631
d382dcce-f6cb-457b-ae32-549ec153be50	last_name	\\x44616e69656c6c65	2017-02-08 09:46:20.258082
d382dcce-f6cb-457b-ae32-549ec153be50	allow_email	\\x74727565	2017-02-08 09:46:20.259514
d382dcce-f6cb-457b-ae32-549ec153be50	allow_posts	\\x74727565	2017-02-08 09:46:20.261058
a2708c0a-676c-42b8-94ed-65d5f1d3877c	facebook	\\x68747470733a2f2f66616365626f6f6b2e636f6d2f31323234383137363434323631343537	2017-02-08 09:47:11.446832
96948853-343c-43f4-8fec-84c830d5b263	allow_email	\\x74727565	2017-02-08 09:40:43.252065
eebbedbb-eb62-4f11-901e-966d3a11cd7a	first_name	\\x44726577	2017-02-08 21:31:39.349298
eebbedbb-eb62-4f11-901e-966d3a11cd7a	last_name	\\x4361726c746f6e	2017-02-08 21:31:39.351681
eebbedbb-eb62-4f11-901e-966d3a11cd7a	allow_posts	\\x74727565	2017-02-08 21:31:39.356072
befe286d-fd6a-4cc5-8549-aeec99c3b647	allow_email	\\x66616c7365	2017-02-08 09:33:59.67063
5ba3287b-ba6b-4722-87d1-fa3ae317b1b2	allow_email	\\x74727565	2017-02-08 09:36:52.884398
a2708c0a-676c-42b8-94ed-65d5f1d3877c	photo	\\x68747470733a2f2f67726170682e66616365626f6f6b2e636f6d2f313232343831373634343236313435372f706963747572653f77696474683d31303030	2017-02-08 09:47:11.451838
a2708c0a-676c-42b8-94ed-65d5f1d3877c	photo_thumb	\\x68747470733a2f2f67726170682e66616365626f6f6b2e636f6d2f313232343831373634343236313435372f706963747572653f77696474683d333030266865696768743d333030	2017-02-08 09:47:11.455174
a2708c0a-676c-42b8-94ed-65d5f1d3877c	first_name	\\x5279616e	2017-02-08 09:47:11.459175
a2708c0a-676c-42b8-94ed-65d5f1d3877c	last_name	\\x4f77656e73	2017-02-08 09:47:11.46301
a2708c0a-676c-42b8-94ed-65d5f1d3877c	allow_email	\\x74727565	2017-02-08 09:47:11.466334
a2708c0a-676c-42b8-94ed-65d5f1d3877c	allow_posts	\\x74727565	2017-02-08 09:47:11.469819
394f9809-075f-400f-a35c-6164f6e4a2ed	facebook	\\x68747470733a2f2f66616365626f6f6b2e636f6d2f3130323131343936363637323334323430	2017-02-08 09:48:34.619806
394f9809-075f-400f-a35c-6164f6e4a2ed	first_name	\\x4a616d6965	2017-02-08 09:48:34.625859
394f9809-075f-400f-a35c-6164f6e4a2ed	last_name	\\x576f6c6665	2017-02-08 09:48:34.62735
394f9809-075f-400f-a35c-6164f6e4a2ed	allow_posts	\\x74727565	2017-02-08 09:48:34.630563
a282295c-5e34-45a4-993e-b05ef4d2c546	facebook	\\x68747470733a2f2f66616365626f6f6b2e636f6d2f31333430363134343036303032323133	2017-02-08 09:48:51.373122
a282295c-5e34-45a4-993e-b05ef4d2c546	photo	\\x68747470733a2f2f67726170682e66616365626f6f6b2e636f6d2f313334303631343430363030323231332f706963747572653f77696474683d31303030	2017-02-08 09:48:51.375559
a282295c-5e34-45a4-993e-b05ef4d2c546	photo_thumb	\\x68747470733a2f2f67726170682e66616365626f6f6b2e636f6d2f313334303631343430363030323231332f706963747572653f77696474683d333030266865696768743d333030	2017-02-08 09:48:51.377246
a282295c-5e34-45a4-993e-b05ef4d2c546	first_name	\\x4861796c6579	2017-02-08 09:48:51.378879
a282295c-5e34-45a4-993e-b05ef4d2c546	last_name	\\x4769616d62616c766f	2017-02-08 09:48:51.380688
a282295c-5e34-45a4-993e-b05ef4d2c546	allow_email	\\x74727565	2017-02-08 09:48:51.382463
a282295c-5e34-45a4-993e-b05ef4d2c546	allow_posts	\\x74727565	2017-02-08 09:48:51.384368
3f0fe21b-5fd3-4814-a77b-f3568996fa9f	facebook	\\x68747470733a2f2f66616365626f6f6b2e636f6d2f31393032313332353030303135313539	2017-02-08 09:52:21.942865
3f0fe21b-5fd3-4814-a77b-f3568996fa9f	photo	\\x68747470733a2f2f67726170682e66616365626f6f6b2e636f6d2f313930323133323530303031353135392f706963747572653f77696474683d31303030	2017-02-08 09:52:21.947425
3f0fe21b-5fd3-4814-a77b-f3568996fa9f	photo_thumb	\\x68747470733a2f2f67726170682e66616365626f6f6b2e636f6d2f313930323133323530303031353135392f706963747572653f77696474683d333030266865696768743d333030	2017-02-08 09:52:21.950329
3f0fe21b-5fd3-4814-a77b-f3568996fa9f	first_name	\\x4d656768616e	2017-02-08 09:52:21.953599
3f0fe21b-5fd3-4814-a77b-f3568996fa9f	last_name	\\x42616c6c617264	2017-02-08 09:52:21.956593
3f0fe21b-5fd3-4814-a77b-f3568996fa9f	allow_email	\\x74727565	2017-02-08 09:52:21.961918
3f0fe21b-5fd3-4814-a77b-f3568996fa9f	allow_posts	\\x74727565	2017-02-08 09:52:21.965679
f2899a0e-2b82-47ec-b046-5936ce163a7a	facebook	\\x68747470733a2f2f66616365626f6f6b2e636f6d2f3130323035393637373334383730373037	2017-02-08 09:55:44.924491
f2899a0e-2b82-47ec-b046-5936ce163a7a	first_name	\\x436f6c65	2017-02-08 09:55:44.939894
f2899a0e-2b82-47ec-b046-5936ce163a7a	last_name	\\x4162726168616d736f6e	2017-02-08 09:55:44.944385
f2899a0e-2b82-47ec-b046-5936ce163a7a	allow_posts	\\x74727565	2017-02-08 09:55:44.949821
0970d571-074a-4ac6-b2df-1271193ffe54	facebook	\\x68747470733a2f2f66616365626f6f6b2e636f6d2f31323032363537393636343337373034	2017-02-08 09:56:22.20259
0970d571-074a-4ac6-b2df-1271193ffe54	first_name	\\x4d61727920436c617265	2017-02-08 09:56:22.207248
0970d571-074a-4ac6-b2df-1271193ffe54	last_name	\\x416c6c656e	2017-02-08 09:56:22.2088
0970d571-074a-4ac6-b2df-1271193ffe54	allow_posts	\\x74727565	2017-02-08 09:56:22.212157
7b84f684-a2db-4eb6-968a-be6980ba7d18	facebook	\\x68747470733a2f2f66616365626f6f6b2e636f6d2f31353439303737343038343532383838	2017-02-08 09:58:22.194005
7b84f684-a2db-4eb6-968a-be6980ba7d18	photo	\\x68747470733a2f2f67726170682e66616365626f6f6b2e636f6d2f313534393037373430383435323838382f706963747572653f77696474683d31303030	2017-02-08 09:58:22.195967
7b84f684-a2db-4eb6-968a-be6980ba7d18	photo_thumb	\\x68747470733a2f2f67726170682e66616365626f6f6b2e636f6d2f313534393037373430383435323838382f706963747572653f77696474683d333030266865696768743d333030	2017-02-08 09:58:22.197636
7b84f684-a2db-4eb6-968a-be6980ba7d18	first_name	\\x5374657068656e	2017-02-08 09:58:22.199382
7b84f684-a2db-4eb6-968a-be6980ba7d18	last_name	\\x476f6c646965	2017-02-08 09:58:22.200913
7b84f684-a2db-4eb6-968a-be6980ba7d18	allow_email	\\x74727565	2017-02-08 09:58:22.202549
7b84f684-a2db-4eb6-968a-be6980ba7d18	allow_posts	\\x74727565	2017-02-08 09:58:22.204423
f681eb1c-ac1a-4f73-bcd6-1e95abb0659f	facebook	\\x68747470733a2f2f66616365626f6f6b2e636f6d2f3130323036343236353737373432333235	2017-02-08 10:01:22.707151
f681eb1c-ac1a-4f73-bcd6-1e95abb0659f	first_name	\\x4f6c69766961	2017-02-08 10:01:22.712406
f681eb1c-ac1a-4f73-bcd6-1e95abb0659f	last_name	\\x506961746b6f77736b69	2017-02-08 10:01:22.714016
f681eb1c-ac1a-4f73-bcd6-1e95abb0659f	allow_posts	\\x74727565	2017-02-08 10:01:22.716993
43a26053-1613-4f3b-af2d-c7443d511f56	facebook	\\x68747470733a2f2f66616365626f6f6b2e636f6d2f3130323038363234373235373932353736	2017-02-08 10:01:57.085378
43a26053-1613-4f3b-af2d-c7443d511f56	photo	\\x68747470733a2f2f67726170682e66616365626f6f6b2e636f6d2f31303230383632343732353739323537362f706963747572653f77696474683d31303030	2017-02-08 10:01:57.087736
43a26053-1613-4f3b-af2d-c7443d511f56	photo_thumb	\\x68747470733a2f2f67726170682e66616365626f6f6b2e636f6d2f31303230383632343732353739323537362f706963747572653f77696474683d333030266865696768743d333030	2017-02-08 10:01:57.089301
43a26053-1613-4f3b-af2d-c7443d511f56	first_name	\\x446572656b	2017-02-08 10:01:57.090748
43a26053-1613-4f3b-af2d-c7443d511f56	last_name	\\x4e69636b656c6c	2017-02-08 10:01:57.092262
43a26053-1613-4f3b-af2d-c7443d511f56	allow_email	\\x74727565	2017-02-08 10:01:57.093742
43a26053-1613-4f3b-af2d-c7443d511f56	allow_posts	\\x74727565	2017-02-08 10:01:57.095212
01355066-336a-4822-9fd6-4b07e9b75c14	facebook	\\x68747470733a2f2f66616365626f6f6b2e636f6d2f31323539363631383037343537333238	2017-02-08 10:02:58.053052
01355066-336a-4822-9fd6-4b07e9b75c14	photo	\\x68747470733a2f2f67726170682e66616365626f6f6b2e636f6d2f313235393636313830373435373332382f706963747572653f77696474683d31303030	2017-02-08 10:02:58.05608
01355066-336a-4822-9fd6-4b07e9b75c14	photo_thumb	\\x68747470733a2f2f67726170682e66616365626f6f6b2e636f6d2f313235393636313830373435373332382f706963747572653f77696474683d333030266865696768743d333030	2017-02-08 10:02:58.058266
01355066-336a-4822-9fd6-4b07e9b75c14	first_name	\\x436861726c6573	2017-02-08 10:02:58.061235
01355066-336a-4822-9fd6-4b07e9b75c14	last_name	\\x4d634d696c6c616e	2017-02-08 10:02:58.063242
01355066-336a-4822-9fd6-4b07e9b75c14	allow_email	\\x74727565	2017-02-08 10:02:58.069422
01355066-336a-4822-9fd6-4b07e9b75c14	allow_posts	\\x74727565	2017-02-08 10:02:58.073444
902a3ca2-80c6-4360-8f0e-af4c71769d8f	facebook	\\x68747470733a2f2f66616365626f6f6b2e636f6d2f3130323036353637333634313031353035	2017-02-08 10:03:05.307581
902a3ca2-80c6-4360-8f0e-af4c71769d8f	photo	\\x68747470733a2f2f67726170682e66616365626f6f6b2e636f6d2f31303230363536373336343130313530352f706963747572653f77696474683d31303030	2017-02-08 10:03:05.316688
902a3ca2-80c6-4360-8f0e-af4c71769d8f	photo_thumb	\\x68747470733a2f2f67726170682e66616365626f6f6b2e636f6d2f31303230363536373336343130313530352f706963747572653f77696474683d333030266865696768743d333030	2017-02-08 10:03:05.321187
902a3ca2-80c6-4360-8f0e-af4c71769d8f	first_name	\\x4a6f6e617468616e	2017-02-08 10:03:05.325665
902a3ca2-80c6-4360-8f0e-af4c71769d8f	last_name	\\x4e65697769727468	2017-02-08 10:03:05.330144
902a3ca2-80c6-4360-8f0e-af4c71769d8f	allow_email	\\x74727565	2017-02-08 10:03:05.334329
902a3ca2-80c6-4360-8f0e-af4c71769d8f	allow_posts	\\x74727565	2017-02-08 10:03:05.338434
f681eb1c-ac1a-4f73-bcd6-1e95abb0659f	photo	\\x68747470733a2f2f67726170682e66616365626f6f6b2e636f6d2f31303230363432363537373734323332352f706963747572653f77696474683d31303030	2017-02-08 10:01:22.709264
f681eb1c-ac1a-4f73-bcd6-1e95abb0659f	photo_thumb	\\x68747470733a2f2f67726170682e66616365626f6f6b2e636f6d2f31303230363432363537373734323332352f706963747572653f77696474683d333030266865696768743d333030	2017-02-08 10:01:22.710801
f681eb1c-ac1a-4f73-bcd6-1e95abb0659f	allow_email	\\x74727565	2017-02-08 10:01:22.715393
f681eb1c-ac1a-4f73-bcd6-1e95abb0659f	allow_post	\\x66616c7365	2017-02-08 10:03:36.314074
f1329410-0bf7-4130-bd9d-a1b8a0cf03a6	facebook	\\x68747470733a2f2f66616365626f6f6b2e636f6d2f3130323132313033343135343435373230	2017-02-08 10:03:56.45354
f1329410-0bf7-4130-bd9d-a1b8a0cf03a6	photo	\\x68747470733a2f2f67726170682e66616365626f6f6b2e636f6d2f31303231323130333431353434353732302f706963747572653f77696474683d31303030	2017-02-08 10:03:56.456221
f1329410-0bf7-4130-bd9d-a1b8a0cf03a6	photo_thumb	\\x68747470733a2f2f67726170682e66616365626f6f6b2e636f6d2f31303231323130333431353434353732302f706963747572653f77696474683d333030266865696768743d333030	2017-02-08 10:03:56.45819
f1329410-0bf7-4130-bd9d-a1b8a0cf03a6	first_name	\\x4c61757261	2017-02-08 10:03:56.460023
f1329410-0bf7-4130-bd9d-a1b8a0cf03a6	last_name	\\x4173686572	2017-02-08 10:03:56.461685
f1329410-0bf7-4130-bd9d-a1b8a0cf03a6	allow_email	\\x74727565	2017-02-08 10:03:56.464062
f1329410-0bf7-4130-bd9d-a1b8a0cf03a6	allow_posts	\\x74727565	2017-02-08 10:03:56.46612
2263343d-30ea-4bf5-8863-ab4fd8db42ab	facebook	\\x68747470733a2f2f66616365626f6f6b2e636f6d2f3130323131373238323338393038323431	2017-02-08 10:05:27.861706
eca2dbea-4820-4ec3-9c8e-2c4615557c79	facebook	\\x68747470733a2f2f66616365626f6f6b2e636f6d2f31333939383335343230303638313235	2017-02-08 10:09:01.146781
f2899a0e-2b82-47ec-b046-5936ce163a7a	photo	\\x68747470733a2f2f67726170682e66616365626f6f6b2e636f6d2f31303230353936373733343837303730372f706963747572653f77696474683d31303030	2017-02-08 09:55:44.928024
f2899a0e-2b82-47ec-b046-5936ce163a7a	photo_thumb	\\x68747470733a2f2f67726170682e66616365626f6f6b2e636f6d2f31303230353936373733343837303730372f706963747572653f77696474683d333030266865696768743d333030	2017-02-08 09:55:44.930501
f2899a0e-2b82-47ec-b046-5936ce163a7a	allow_email	\\x74727565	2017-02-08 09:55:44.946519
0970d571-074a-4ac6-b2df-1271193ffe54	photo	\\x68747470733a2f2f67726170682e66616365626f6f6b2e636f6d2f313230323635373936363433373730342f706963747572653f77696474683d31303030	2017-02-08 09:56:22.204488
0970d571-074a-4ac6-b2df-1271193ffe54	photo_thumb	\\x68747470733a2f2f67726170682e66616365626f6f6b2e636f6d2f313230323635373936363433373730342f706963747572653f77696474683d333030266865696768743d333030	2017-02-08 09:56:22.205774
2263343d-30ea-4bf5-8863-ab4fd8db42ab	photo	\\x68747470733a2f2f67726170682e66616365626f6f6b2e636f6d2f31303231313732383233383930383234312f706963747572653f77696474683d31303030	2017-02-08 10:05:27.864382
2263343d-30ea-4bf5-8863-ab4fd8db42ab	photo_thumb	\\x68747470733a2f2f67726170682e66616365626f6f6b2e636f6d2f31303231313732383233383930383234312f706963747572653f77696474683d333030266865696768743d333030	2017-02-08 10:05:27.866583
2263343d-30ea-4bf5-8863-ab4fd8db42ab	first_name	\\x4a6f6579	2017-02-08 10:05:27.88711
2263343d-30ea-4bf5-8863-ab4fd8db42ab	last_name	\\x5768656c6968616e	2017-02-08 10:05:27.891721
2263343d-30ea-4bf5-8863-ab4fd8db42ab	allow_email	\\x74727565	2017-02-08 10:05:27.8937
2263343d-30ea-4bf5-8863-ab4fd8db42ab	allow_posts	\\x74727565	2017-02-08 10:05:27.895217
e5e27050-a465-4a43-ba91-f7ecdd62d352	facebook	\\x68747470733a2f2f66616365626f6f6b2e636f6d2f31333039383837303539303831363039	2017-02-08 10:07:26.379527
e5e27050-a465-4a43-ba91-f7ecdd62d352	photo	\\x68747470733a2f2f67726170682e66616365626f6f6b2e636f6d2f313330393838373035393038313630392f706963747572653f77696474683d31303030	2017-02-08 10:07:26.381924
e5e27050-a465-4a43-ba91-f7ecdd62d352	photo_thumb	\\x68747470733a2f2f67726170682e66616365626f6f6b2e636f6d2f313330393838373035393038313630392f706963747572653f77696474683d333030266865696768743d333030	2017-02-08 10:07:26.384842
e5e27050-a465-4a43-ba91-f7ecdd62d352	first_name	\\x4c696e64736179	2017-02-08 10:07:26.387712
e5e27050-a465-4a43-ba91-f7ecdd62d352	last_name	\\x4173686572	2017-02-08 10:07:26.389432
e5e27050-a465-4a43-ba91-f7ecdd62d352	allow_email	\\x74727565	2017-02-08 10:07:26.390952
e5e27050-a465-4a43-ba91-f7ecdd62d352	allow_posts	\\x74727565	2017-02-08 10:07:26.392471
7514e056-09e1-4d13-beee-d87f30d8896b	facebook	\\x68747470733a2f2f66616365626f6f6b2e636f6d2f3130323132353333353737333133363636	2017-02-08 10:08:11.999361
7514e056-09e1-4d13-beee-d87f30d8896b	photo	\\x68747470733a2f2f67726170682e66616365626f6f6b2e636f6d2f31303231323533333537373331333636362f706963747572653f77696474683d31303030	2017-02-08 10:08:12.001311
7514e056-09e1-4d13-beee-d87f30d8896b	photo_thumb	\\x68747470733a2f2f67726170682e66616365626f6f6b2e636f6d2f31303231323533333537373331333636362f706963747572653f77696474683d333030266865696768743d333030	2017-02-08 10:08:12.003146
7514e056-09e1-4d13-beee-d87f30d8896b	first_name	\\x49736162656c6c65	2017-02-08 10:08:12.004714
7514e056-09e1-4d13-beee-d87f30d8896b	last_name	\\x4d61726965	2017-02-08 10:08:12.006549
7514e056-09e1-4d13-beee-d87f30d8896b	allow_email	\\x74727565	2017-02-08 10:08:12.008235
7514e056-09e1-4d13-beee-d87f30d8896b	allow_posts	\\x74727565	2017-02-08 10:08:12.010059
eca2dbea-4820-4ec3-9c8e-2c4615557c79	photo	\\x68747470733a2f2f67726170682e66616365626f6f6b2e636f6d2f313339393833353432303036383132352f706963747572653f77696474683d31303030	2017-02-08 10:09:01.150278
eca2dbea-4820-4ec3-9c8e-2c4615557c79	photo_thumb	\\x68747470733a2f2f67726170682e66616365626f6f6b2e636f6d2f313339393833353432303036383132352f706963747572653f77696474683d333030266865696768743d333030	2017-02-08 10:09:01.15268
eca2dbea-4820-4ec3-9c8e-2c4615557c79	first_name	\\x436872697374696e65	2017-02-08 10:09:01.155167
eca2dbea-4820-4ec3-9c8e-2c4615557c79	last_name	\\x416e657a	2017-02-08 10:09:01.159317
eca2dbea-4820-4ec3-9c8e-2c4615557c79	allow_email	\\x74727565	2017-02-08 10:09:01.162933
eca2dbea-4820-4ec3-9c8e-2c4615557c79	allow_posts	\\x74727565	2017-02-08 10:09:01.165213
b26f105b-3f36-4ce6-9ce9-bbeba5a51424	facebook	\\x68747470733a2f2f66616365626f6f6b2e636f6d2f31353431353733323139313839353836	2017-02-08 10:10:34.853836
b26f105b-3f36-4ce6-9ce9-bbeba5a51424	photo	\\x68747470733a2f2f67726170682e66616365626f6f6b2e636f6d2f313534313537333231393138393538362f706963747572653f77696474683d31303030	2017-02-08 10:10:34.856882
b26f105b-3f36-4ce6-9ce9-bbeba5a51424	photo_thumb	\\x68747470733a2f2f67726170682e66616365626f6f6b2e636f6d2f313534313537333231393138393538362f706963747572653f77696474683d333030266865696768743d333030	2017-02-08 10:10:34.858264
b26f105b-3f36-4ce6-9ce9-bbeba5a51424	first_name	\\x4361726c69	2017-02-08 10:10:34.859683
b26f105b-3f36-4ce6-9ce9-bbeba5a51424	last_name	\\x46697363686572	2017-02-08 10:10:34.861151
b26f105b-3f36-4ce6-9ce9-bbeba5a51424	allow_email	\\x74727565	2017-02-08 10:10:34.862609
b26f105b-3f36-4ce6-9ce9-bbeba5a51424	allow_posts	\\x74727565	2017-02-08 10:10:34.864036
7d5eccb3-9562-4291-bf90-905c7be5ffb2	facebook	\\x68747470733a2f2f66616365626f6f6b2e636f6d2f31343630333431333137333131333334	2017-02-08 10:11:43.866744
7d5eccb3-9562-4291-bf90-905c7be5ffb2	first_name	\\x4a696d6d79	2017-02-08 10:11:43.872161
7d5eccb3-9562-4291-bf90-905c7be5ffb2	last_name	\\x576865656c6572	2017-02-08 10:11:43.873516
7d5eccb3-9562-4291-bf90-905c7be5ffb2	allow_posts	\\x74727565	2017-02-08 10:11:43.876361
81589201-f177-4e1d-ac51-c3466e3eeff5	facebook	\\x68747470733a2f2f66616365626f6f6b2e636f6d2f31353035343232323939343837393437	2017-02-08 10:15:13.830653
81589201-f177-4e1d-ac51-c3466e3eeff5	photo	\\x68747470733a2f2f67726170682e66616365626f6f6b2e636f6d2f313530353432323239393438373934372f706963747572653f77696474683d31303030	2017-02-08 10:15:13.838171
81589201-f177-4e1d-ac51-c3466e3eeff5	photo_thumb	\\x68747470733a2f2f67726170682e66616365626f6f6b2e636f6d2f313530353432323239393438373934372f706963747572653f77696474683d333030266865696768743d333030	2017-02-08 10:15:13.84109
81589201-f177-4e1d-ac51-c3466e3eeff5	first_name	\\x416c61696e61	2017-02-08 10:15:13.844413
81589201-f177-4e1d-ac51-c3466e3eeff5	last_name	\\x42726f776e	2017-02-08 10:15:13.847159
81589201-f177-4e1d-ac51-c3466e3eeff5	allow_email	\\x74727565	2017-02-08 10:15:13.85002
81589201-f177-4e1d-ac51-c3466e3eeff5	allow_posts	\\x74727565	2017-02-08 10:15:13.852779
2eeb13aa-d0f1-411d-ba4c-95ce44270243	facebook	\\x68747470733a2f2f66616365626f6f6b2e636f6d2f31343032313332303233313934393138	2017-02-08 10:16:47.7287
2eeb13aa-d0f1-411d-ba4c-95ce44270243	photo	\\x68747470733a2f2f67726170682e66616365626f6f6b2e636f6d2f313430323133323032333139343931382f706963747572653f77696474683d31303030	2017-02-08 10:16:47.731208
2eeb13aa-d0f1-411d-ba4c-95ce44270243	photo_thumb	\\x68747470733a2f2f67726170682e66616365626f6f6b2e636f6d2f313430323133323032333139343931382f706963747572653f77696474683d333030266865696768743d333030	2017-02-08 10:16:47.732897
2eeb13aa-d0f1-411d-ba4c-95ce44270243	first_name	\\x48616e6e6168	2017-02-08 10:16:47.73464
2eeb13aa-d0f1-411d-ba4c-95ce44270243	last_name	\\x53656967656c	2017-02-08 10:16:47.736179
2eeb13aa-d0f1-411d-ba4c-95ce44270243	allow_email	\\x74727565	2017-02-08 10:16:47.737803
2eeb13aa-d0f1-411d-ba4c-95ce44270243	allow_posts	\\x74727565	2017-02-08 10:16:47.740315
12775fb1-11df-480c-b433-dd0dea227636	photo	\\x68747470733a2f2f67726170682e66616365626f6f6b2e636f6d2f31303231323730303431323230383935352f706963747572653f77696474683d31303030	2017-02-08 10:36:18.205744
12775fb1-11df-480c-b433-dd0dea227636	photo_thumb	\\x68747470733a2f2f67726170682e66616365626f6f6b2e636f6d2f31303231323730303431323230383935352f706963747572653f77696474683d333030266865696768743d333030	2017-02-08 10:36:18.207595
16fb554b-84c7-448b-b8a6-c5dcbc10739f	facebook	\\x68747470733a2f2f66616365626f6f6b2e636f6d2f3130313534313330313938303636313936	2017-02-08 10:19:47.053168
16fb554b-84c7-448b-b8a6-c5dcbc10739f	photo	\\x68747470733a2f2f67726170682e66616365626f6f6b2e636f6d2f31303135343133303139383036363139362f706963747572653f77696474683d31303030	2017-02-08 10:19:47.056074
16fb554b-84c7-448b-b8a6-c5dcbc10739f	photo_thumb	\\x68747470733a2f2f67726170682e66616365626f6f6b2e636f6d2f31303135343133303139383036363139362f706963747572653f77696474683d333030266865696768743d333030	2017-02-08 10:19:47.05779
16fb554b-84c7-448b-b8a6-c5dcbc10739f	first_name	\\x41726965	2017-02-08 10:19:47.059343
16fb554b-84c7-448b-b8a6-c5dcbc10739f	last_name	\\x48617269746f6e	2017-02-08 10:19:47.060818
16fb554b-84c7-448b-b8a6-c5dcbc10739f	allow_email	\\x74727565	2017-02-08 10:19:47.062286
16fb554b-84c7-448b-b8a6-c5dcbc10739f	allow_posts	\\x74727565	2017-02-08 10:19:47.063859
d2d13112-7fa6-481c-9536-817c0725bb0e	facebook	\\x68747470733a2f2f66616365626f6f6b2e636f6d2f31343639333733363636343239393631	2017-02-08 10:22:44.594096
d2d13112-7fa6-481c-9536-817c0725bb0e	photo	\\x68747470733a2f2f67726170682e66616365626f6f6b2e636f6d2f313436393337333636363432393936312f706963747572653f77696474683d31303030	2017-02-08 10:22:44.598368
d2d13112-7fa6-481c-9536-817c0725bb0e	photo_thumb	\\x68747470733a2f2f67726170682e66616365626f6f6b2e636f6d2f313436393337333636363432393936312f706963747572653f77696474683d333030266865696768743d333030	2017-02-08 10:22:44.599938
d2d13112-7fa6-481c-9536-817c0725bb0e	first_name	\\x416e67c3a96c696361	2017-02-08 10:22:44.601345
d2d13112-7fa6-481c-9536-817c0725bb0e	last_name	\\x476f6e7ac3a16c657a	2017-02-08 10:22:44.602801
d2d13112-7fa6-481c-9536-817c0725bb0e	allow_email	\\x74727565	2017-02-08 10:22:44.604216
d2d13112-7fa6-481c-9536-817c0725bb0e	allow_posts	\\x74727565	2017-02-08 10:22:44.605624
6db50e83-b5a7-4270-846f-a68e97b140c9	facebook	\\x68747470733a2f2f66616365626f6f6b2e636f6d2f3130323132353033313134373631343432	2017-02-08 10:23:27.687488
6db50e83-b5a7-4270-846f-a68e97b140c9	photo	\\x68747470733a2f2f67726170682e66616365626f6f6b2e636f6d2f31303231323530333131343736313434322f706963747572653f77696474683d31303030	2017-02-08 10:23:27.692315
6db50e83-b5a7-4270-846f-a68e97b140c9	photo_thumb	\\x68747470733a2f2f67726170682e66616365626f6f6b2e636f6d2f31303231323530333131343736313434322f706963747572653f77696474683d333030266865696768743d333030	2017-02-08 10:23:27.694896
6db50e83-b5a7-4270-846f-a68e97b140c9	first_name	\\x4b6576696e	2017-02-08 10:23:27.696907
6db50e83-b5a7-4270-846f-a68e97b140c9	last_name	\\x4b696d62726f756768	2017-02-08 10:23:27.698569
6db50e83-b5a7-4270-846f-a68e97b140c9	allow_email	\\x74727565	2017-02-08 10:23:27.70024
6db50e83-b5a7-4270-846f-a68e97b140c9	allow_posts	\\x74727565	2017-02-08 10:23:27.701921
1fe8af71-adf0-439d-9186-4aa5c364a3c3	facebook	\\x68747470733a2f2f66616365626f6f6b2e636f6d2f3130323038313939323731323739393232	2017-02-08 10:27:31.495465
1fe8af71-adf0-439d-9186-4aa5c364a3c3	first_name	\\x4572696e	2017-02-08 10:27:31.505381
1fe8af71-adf0-439d-9186-4aa5c364a3c3	last_name	\\x5061726b	2017-02-08 10:27:31.507282
1fe8af71-adf0-439d-9186-4aa5c364a3c3	allow_posts	\\x74727565	2017-02-08 10:27:31.514371
1fe8af71-adf0-439d-9186-4aa5c364a3c3	photo	\\x68747470733a2f2f67726170682e66616365626f6f6b2e636f6d2f31303230383139393237313237393932322f706963747572653f77696474683d31303030	2017-02-08 10:27:31.499776
1fe8af71-adf0-439d-9186-4aa5c364a3c3	photo_thumb	\\x68747470733a2f2f67726170682e66616365626f6f6b2e636f6d2f31303230383139393237313237393932322f706963747572653f77696474683d333030	2017-02-08 10:27:31.501789
1fe8af71-adf0-439d-9186-4aa5c364a3c3	allow_email	\\x74727565	2017-02-08 10:27:31.508838
bc80f376-4bd1-489c-a7a2-e287e7d5ab75	facebook	\\x68747470733a2f2f66616365626f6f6b2e636f6d2f31353635373139313930313039313034	2017-02-08 10:29:35.921468
bc80f376-4bd1-489c-a7a2-e287e7d5ab75	photo	\\x68747470733a2f2f67726170682e66616365626f6f6b2e636f6d2f313536353731393139303130393130342f706963747572653f77696474683d31303030	2017-02-08 10:29:35.924792
bc80f376-4bd1-489c-a7a2-e287e7d5ab75	photo_thumb	\\x68747470733a2f2f67726170682e66616365626f6f6b2e636f6d2f313536353731393139303130393130342f706963747572653f77696474683d333030266865696768743d333030	2017-02-08 10:29:35.926353
bc80f376-4bd1-489c-a7a2-e287e7d5ab75	first_name	\\x457661	2017-02-08 10:29:35.927968
bc80f376-4bd1-489c-a7a2-e287e7d5ab75	last_name	\\x5072656e64657267617374	2017-02-08 10:29:35.929331
bc80f376-4bd1-489c-a7a2-e287e7d5ab75	allow_email	\\x74727565	2017-02-08 10:29:35.930672
bc80f376-4bd1-489c-a7a2-e287e7d5ab75	allow_posts	\\x74727565	2017-02-08 10:29:35.931998
72ef8ab8-9ac8-46b9-8985-5c6b788447ed	facebook	\\x68747470733a2f2f66616365626f6f6b2e636f6d2f3130323130383932373738383839303338	2017-02-08 10:30:54.999496
72ef8ab8-9ac8-46b9-8985-5c6b788447ed	first_name	\\x4c696e64736179	2017-02-08 10:30:55.004974
72ef8ab8-9ac8-46b9-8985-5c6b788447ed	last_name	\\x426576657269646765	2017-02-08 10:30:55.006422
72ef8ab8-9ac8-46b9-8985-5c6b788447ed	allow_posts	\\x74727565	2017-02-08 10:30:55.00926
12775fb1-11df-480c-b433-dd0dea227636	facebook	\\x68747470733a2f2f66616365626f6f6b2e636f6d2f3130323132373030343132323038393535	2017-02-08 10:36:18.202772
12775fb1-11df-480c-b433-dd0dea227636	first_name	\\x5374657068616e6965	2017-02-08 10:36:18.209077
7d5eccb3-9562-4291-bf90-905c7be5ffb2	photo	\\x68747470733a2f2f67726170682e66616365626f6f6b2e636f6d2f313436303334313331373331313333342f706963747572653f77696474683d31303030	2017-02-08 10:11:43.869171
7d5eccb3-9562-4291-bf90-905c7be5ffb2	photo_thumb	\\x68747470733a2f2f67726170682e66616365626f6f6b2e636f6d2f313436303334313331373331313333342f706963747572653f77696474683d333030266865696768743d333030	2017-02-08 10:11:43.870669
7d5eccb3-9562-4291-bf90-905c7be5ffb2	allow_email	\\x74727565	2017-02-08 10:11:43.874886
72ef8ab8-9ac8-46b9-8985-5c6b788447ed	photo	\\x68747470733a2f2f67726170682e66616365626f6f6b2e636f6d2f31303231303839323737383838393033382f706963747572653f77696474683d31303030	2017-02-08 10:30:55.001921
72ef8ab8-9ac8-46b9-8985-5c6b788447ed	photo_thumb	\\x68747470733a2f2f67726170682e66616365626f6f6b2e636f6d2f31303231303839323737383838393033382f706963747572653f77696474683d333030266865696768743d333030	2017-02-08 10:30:55.003526
72ef8ab8-9ac8-46b9-8985-5c6b788447ed	allow_email	\\x74727565	2017-02-08 10:30:55.007853
67dd9f75-74aa-46ac-88f7-1d42ed6dbe77	photo	\\x68747470733a2f2f67726170682e66616365626f6f6b2e636f6d2f31303231313833303131373439313634302f706963747572653f77696474683d31303030	2017-02-08 10:37:03.065093
67dd9f75-74aa-46ac-88f7-1d42ed6dbe77	photo_thumb	\\x68747470733a2f2f67726170682e66616365626f6f6b2e636f6d2f31303231313833303131373439313634302f706963747572653f77696474683d333030266865696768743d333030	2017-02-08 10:37:03.067053
67dd9f75-74aa-46ac-88f7-1d42ed6dbe77	first_name	\\x44616e69656c6c65	2017-02-08 10:37:03.068586
67dd9f75-74aa-46ac-88f7-1d42ed6dbe77	last_name	\\x4b72697069747a6572	2017-02-08 10:37:03.070217
67dd9f75-74aa-46ac-88f7-1d42ed6dbe77	allow_email	\\x74727565	2017-02-08 10:37:03.071926
67dd9f75-74aa-46ac-88f7-1d42ed6dbe77	allow_posts	\\x74727565	2017-02-08 10:37:03.073552
3cba51e7-6038-4d91-8bf5-acd0c490e09e	facebook	\\x68747470733a2f2f66616365626f6f6b2e636f6d2f31323736373538383139303834313134	2017-02-08 10:39:03.937525
3cba51e7-6038-4d91-8bf5-acd0c490e09e	photo	\\x68747470733a2f2f67726170682e66616365626f6f6b2e636f6d2f313237363735383831393038343131342f706963747572653f77696474683d31303030	2017-02-08 10:39:03.939869
3cba51e7-6038-4d91-8bf5-acd0c490e09e	photo_thumb	\\x68747470733a2f2f67726170682e66616365626f6f6b2e636f6d2f313237363735383831393038343131342f706963747572653f77696474683d333030266865696768743d333030	2017-02-08 10:39:03.941787
3cba51e7-6038-4d91-8bf5-acd0c490e09e	first_name	\\x4c656168	2017-02-08 10:39:03.943273
3cba51e7-6038-4d91-8bf5-acd0c490e09e	last_name	\\x4b6e69676874	2017-02-08 10:39:03.944712
3cba51e7-6038-4d91-8bf5-acd0c490e09e	allow_email	\\x74727565	2017-02-08 10:39:03.946155
3cba51e7-6038-4d91-8bf5-acd0c490e09e	allow_posts	\\x74727565	2017-02-08 10:39:03.948033
3d1a5ec9-8ef2-40e3-8938-2d06a2470347	facebook	\\x68747470733a2f2f66616365626f6f6b2e636f6d2f3130323032393132333430303836343936	2017-02-08 10:44:42.73923
3d1a5ec9-8ef2-40e3-8938-2d06a2470347	first_name	\\x4b72697374696e61	2017-02-08 10:44:42.746197
3d1a5ec9-8ef2-40e3-8938-2d06a2470347	last_name	\\x4272656e6e616e	2017-02-08 10:44:42.748103
3d1a5ec9-8ef2-40e3-8938-2d06a2470347	allow_posts	\\x74727565	2017-02-08 10:44:42.75169
0c9d8d87-c12b-4b7b-ba98-6d78c55380d7	facebook	\\x68747470733a2f2f66616365626f6f6b2e636f6d2f3130323036383939303439313839373631	2017-02-08 10:46:19.647217
0c9d8d87-c12b-4b7b-ba98-6d78c55380d7	photo	\\x68747470733a2f2f67726170682e66616365626f6f6b2e636f6d2f31303230363839393034393138393736312f706963747572653f77696474683d31303030	2017-02-08 10:46:19.670957
0c9d8d87-c12b-4b7b-ba98-6d78c55380d7	photo_thumb	\\x68747470733a2f2f67726170682e66616365626f6f6b2e636f6d2f31303230363839393034393138393736312f706963747572653f77696474683d333030266865696768743d333030	2017-02-08 10:46:19.675027
0c9d8d87-c12b-4b7b-ba98-6d78c55380d7	first_name	\\x4d61726e69	2017-02-08 10:46:19.678095
0c9d8d87-c12b-4b7b-ba98-6d78c55380d7	last_name	\\x526f63686b696e64	2017-02-08 10:46:19.681322
0c9d8d87-c12b-4b7b-ba98-6d78c55380d7	allow_email	\\x74727565	2017-02-08 10:46:19.684543
0c9d8d87-c12b-4b7b-ba98-6d78c55380d7	allow_posts	\\x74727565	2017-02-08 10:46:19.687773
cc1cf9c6-f2fd-48f5-a6df-708ee1126a9d	facebook	\\x68747470733a2f2f66616365626f6f6b2e636f6d2f3130323037353631333836313435373630	2017-02-08 10:47:33.55068
cc1cf9c6-f2fd-48f5-a6df-708ee1126a9d	first_name	\\x4861796c6579	2017-02-08 10:47:33.566898
cc1cf9c6-f2fd-48f5-a6df-708ee1126a9d	last_name	\\x53616d656b	2017-02-08 10:47:33.572314
cc1cf9c6-f2fd-48f5-a6df-708ee1126a9d	allow_posts	\\x74727565	2017-02-08 10:47:33.584023
cc1cf9c6-f2fd-48f5-a6df-708ee1126a9d	photo	\\x68747470733a2f2f67726170682e66616365626f6f6b2e636f6d2f31303230373536313338363134353736302f706963747572653f77696474683d31303030	2017-02-08 10:47:33.55729
cc1cf9c6-f2fd-48f5-a6df-708ee1126a9d	photo_thumb	\\x68747470733a2f2f67726170682e66616365626f6f6b2e636f6d2f31303230373536313338363134353736302f706963747572653f77696474683d333030266865696768743d333030	2017-02-08 10:47:33.561833
cc1cf9c6-f2fd-48f5-a6df-708ee1126a9d	allow_email	\\x74727565	2017-02-08 10:47:33.579076
3d1a5ec9-8ef2-40e3-8938-2d06a2470347	photo	\\x68747470733a2f2f67726170682e66616365626f6f6b2e636f6d2f31303230323931323334303038363439362f706963747572653f77696474683d31303030	2017-02-08 10:44:42.742403
3d1a5ec9-8ef2-40e3-8938-2d06a2470347	photo_thumb	\\x68747470733a2f2f67726170682e66616365626f6f6b2e636f6d2f31303230323931323334303038363439362f706963747572653f77696474683d333030266865696768743d333030	2017-02-08 10:44:42.744478
3d1a5ec9-8ef2-40e3-8938-2d06a2470347	allow_email	\\x74727565	2017-02-08 10:44:42.749904
93bf3e26-4dc7-41ad-9e9c-09e1ad64cf68	facebook	\\x68747470733a2f2f66616365626f6f6b2e636f6d2f31323132353230333638383031383538	2017-02-08 10:46:00.744347
93bf3e26-4dc7-41ad-9e9c-09e1ad64cf68	first_name	\\x49736162656c6c65	2017-02-08 10:46:00.75518
93bf3e26-4dc7-41ad-9e9c-09e1ad64cf68	last_name	\\x4f6c65636b	2017-02-08 10:46:00.762075
93bf3e26-4dc7-41ad-9e9c-09e1ad64cf68	allow_posts	\\x74727565	2017-02-08 10:46:00.765282
685fba41-719d-45fb-97e1-84fb3873f63a	facebook	\\x68747470733a2f2f66616365626f6f6b2e636f6d2f31323835393738343931343437373233	2017-02-08 10:47:55.44399
685fba41-719d-45fb-97e1-84fb3873f63a	photo	\\x68747470733a2f2f67726170682e66616365626f6f6b2e636f6d2f313238353937383439313434373732332f706963747572653f77696474683d31303030	2017-02-08 10:47:55.449009
685fba41-719d-45fb-97e1-84fb3873f63a	photo_thumb	\\x68747470733a2f2f67726170682e66616365626f6f6b2e636f6d2f313238353937383439313434373732332f706963747572653f77696474683d333030266865696768743d333030	2017-02-08 10:47:55.454701
685fba41-719d-45fb-97e1-84fb3873f63a	first_name	\\x416c646f	2017-02-08 10:47:55.456574
685fba41-719d-45fb-97e1-84fb3873f63a	last_name	\\x436f6c6f6e	2017-02-08 10:47:55.458271
685fba41-719d-45fb-97e1-84fb3873f63a	allow_email	\\x74727565	2017-02-08 10:47:55.459941
685fba41-719d-45fb-97e1-84fb3873f63a	allow_posts	\\x74727565	2017-02-08 10:47:55.461427
14d9321c-ec6f-4696-a362-e13b81b9d773	facebook	\\x68747470733a2f2f66616365626f6f6b2e636f6d2f3130323036323235323637383730303533	2017-02-08 10:47:59.012244
14d9321c-ec6f-4696-a362-e13b81b9d773	first_name	\\x4173686c69	2017-02-08 10:47:59.023236
14d9321c-ec6f-4696-a362-e13b81b9d773	last_name	\\x446546696e61	2017-02-08 10:47:59.027028
14d9321c-ec6f-4696-a362-e13b81b9d773	allow_posts	\\x74727565	2017-02-08 10:47:59.03325
96948853-343c-43f4-8fec-84c830d5b263	photo	\\x68747470733a2f2f67726170682e66616365626f6f6b2e636f6d2f31303230383233393639373030363632382f706963747572653f77696474683d31303030	2017-02-08 09:40:43.240123
96948853-343c-43f4-8fec-84c830d5b263	photo_thumb	\\x68747470733a2f2f67726170682e66616365626f6f6b2e636f6d2f31303230383233393639373030363632382f706963747572653f77696474683d333030	2017-02-08 09:40:43.242687
3c6aa4b9-6aa4-4483-8522-0ca0b0dbd1e8	facebook	\\x68747470733a2f2f66616365626f6f6b2e636f6d2f31323931373533333130383733353431	2017-02-08 10:51:37.348391
3c6aa4b9-6aa4-4483-8522-0ca0b0dbd1e8	photo	\\x68747470733a2f2f67726170682e66616365626f6f6b2e636f6d2f313239313735333331303837333534312f706963747572653f77696474683d31303030	2017-02-08 10:51:37.352586
3c6aa4b9-6aa4-4483-8522-0ca0b0dbd1e8	photo_thumb	\\x68747470733a2f2f67726170682e66616365626f6f6b2e636f6d2f313239313735333331303837333534312f706963747572653f77696474683d333030266865696768743d333030	2017-02-08 10:51:37.354623
3c6aa4b9-6aa4-4483-8522-0ca0b0dbd1e8	first_name	\\x53616e6368697461	2017-02-08 10:51:37.356556
3c6aa4b9-6aa4-4483-8522-0ca0b0dbd1e8	last_name	\\x4d756b6865726a6565	2017-02-08 10:51:37.358534
3c6aa4b9-6aa4-4483-8522-0ca0b0dbd1e8	allow_email	\\x74727565	2017-02-08 10:51:37.361321
3c6aa4b9-6aa4-4483-8522-0ca0b0dbd1e8	allow_posts	\\x74727565	2017-02-08 10:51:37.367194
ced06b2c-1329-4549-94c9-92062e3fdf63	facebook	\\x68747470733a2f2f66616365626f6f6b2e636f6d2f31333335343638353536353130363533	2017-02-08 10:51:37.626191
ced06b2c-1329-4549-94c9-92062e3fdf63	photo	\\x68747470733a2f2f67726170682e66616365626f6f6b2e636f6d2f313333353436383535363531303635332f706963747572653f77696474683d31303030	2017-02-08 10:51:37.628585
ced06b2c-1329-4549-94c9-92062e3fdf63	photo_thumb	\\x68747470733a2f2f67726170682e66616365626f6f6b2e636f6d2f313333353436383535363531303635332f706963747572653f77696474683d333030266865696768743d333030	2017-02-08 10:51:37.630367
ced06b2c-1329-4549-94c9-92062e3fdf63	first_name	\\x4a6f686e	2017-02-08 10:51:37.632362
ced06b2c-1329-4549-94c9-92062e3fdf63	last_name	\\x47616c6c	2017-02-08 10:51:37.634336
ced06b2c-1329-4549-94c9-92062e3fdf63	allow_email	\\x74727565	2017-02-08 10:51:37.636077
ced06b2c-1329-4549-94c9-92062e3fdf63	allow_posts	\\x74727565	2017-02-08 10:51:37.637548
8aa70049-8566-40ac-96de-bfc9a994d266	facebook	\\x68747470733a2f2f66616365626f6f6b2e636f6d2f31373936343338353337333437313739	2017-02-08 10:53:28.714601
8aa70049-8566-40ac-96de-bfc9a994d266	photo	\\x68747470733a2f2f67726170682e66616365626f6f6b2e636f6d2f313739363433383533373334373137392f706963747572653f77696474683d31303030	2017-02-08 10:53:28.720293
8aa70049-8566-40ac-96de-bfc9a994d266	photo_thumb	\\x68747470733a2f2f67726170682e66616365626f6f6b2e636f6d2f313739363433383533373334373137392f706963747572653f77696474683d333030266865696768743d333030	2017-02-08 10:53:28.724627
8aa70049-8566-40ac-96de-bfc9a994d266	first_name	\\x4b617373616e647261	2017-02-08 10:53:28.728612
8aa70049-8566-40ac-96de-bfc9a994d266	last_name	\\x5068696c6f67656e65	2017-02-08 10:53:28.732578
8aa70049-8566-40ac-96de-bfc9a994d266	allow_email	\\x74727565	2017-02-08 10:53:28.73746
8aa70049-8566-40ac-96de-bfc9a994d266	allow_posts	\\x74727565	2017-02-08 10:53:28.743145
278c0b57-22db-4159-99a0-721b3c41000e	facebook	\\x68747470733a2f2f66616365626f6f6b2e636f6d2f31333133383833393735333137343932	2017-02-08 10:54:28.132467
278c0b57-22db-4159-99a0-721b3c41000e	first_name	\\x5461796c6f72	2017-02-08 10:54:28.143015
278c0b57-22db-4159-99a0-721b3c41000e	last_name	\\x436c61726b	2017-02-08 10:54:28.147182
278c0b57-22db-4159-99a0-721b3c41000e	allow_posts	\\x74727565	2017-02-08 10:54:28.154621
9bad7dbb-2bc8-4d1c-9210-e2aac20b6afb	photo	\\x68747470733a2f2f67726170682e66616365626f6f6b2e636f6d2f313333383739363137323834373433362f706963747572653f77696474683d31303030	2017-02-08 11:02:45.022156
9bad7dbb-2bc8-4d1c-9210-e2aac20b6afb	photo_thumb	\\x68747470733a2f2f67726170682e66616365626f6f6b2e636f6d2f313333383739363137323834373433362f706963747572653f77696474683d333030266865696768743d333030	2017-02-08 11:02:45.028164
9bad7dbb-2bc8-4d1c-9210-e2aac20b6afb	allow_email	\\x74727565	2017-02-08 11:02:45.053394
e6d42734-c55b-4e7c-8f87-ccf6952e6edb	facebook	\\x68747470733a2f2f66616365626f6f6b2e636f6d2f3130323037363635343433353036343538	2017-02-08 11:00:58.567881
e6d42734-c55b-4e7c-8f87-ccf6952e6edb	photo	\\x68747470733a2f2f67726170682e66616365626f6f6b2e636f6d2f31303230373636353434333530363435382f706963747572653f77696474683d31303030	2017-02-08 11:00:58.570908
e6d42734-c55b-4e7c-8f87-ccf6952e6edb	photo_thumb	\\x68747470733a2f2f67726170682e66616365626f6f6b2e636f6d2f31303230373636353434333530363435382f706963747572653f77696474683d333030266865696768743d333030	2017-02-08 11:00:58.572516
e6d42734-c55b-4e7c-8f87-ccf6952e6edb	first_name	\\x436f6e6e6f72	2017-02-08 11:00:58.57398
e6d42734-c55b-4e7c-8f87-ccf6952e6edb	last_name	\\x53636872696c73	2017-02-08 11:00:58.575609
e6d42734-c55b-4e7c-8f87-ccf6952e6edb	allow_email	\\x74727565	2017-02-08 11:00:58.577051
e6d42734-c55b-4e7c-8f87-ccf6952e6edb	allow_posts	\\x74727565	2017-02-08 11:00:58.584691
dc57da69-bd8f-4632-b92c-28a5318b1cd7	facebook	\\x68747470733a2f2f66616365626f6f6b2e636f6d2f3130323130343233323035373330323039	2017-02-08 11:01:06.837901
dc57da69-bd8f-4632-b92c-28a5318b1cd7	photo	\\x68747470733a2f2f67726170682e66616365626f6f6b2e636f6d2f31303231303432333230353733303230392f706963747572653f77696474683d31303030	2017-02-08 11:01:06.840266
dc57da69-bd8f-4632-b92c-28a5318b1cd7	photo_thumb	\\x68747470733a2f2f67726170682e66616365626f6f6b2e636f6d2f31303231303432333230353733303230392f706963747572653f77696474683d333030266865696768743d333030	2017-02-08 11:01:06.842132
dc57da69-bd8f-4632-b92c-28a5318b1cd7	first_name	\\x4d61646479	2017-02-08 11:01:06.843974
dc57da69-bd8f-4632-b92c-28a5318b1cd7	last_name	\\x4c6565	2017-02-08 11:01:06.845614
dc57da69-bd8f-4632-b92c-28a5318b1cd7	allow_email	\\x74727565	2017-02-08 11:01:06.861464
dc57da69-bd8f-4632-b92c-28a5318b1cd7	allow_posts	\\x74727565	2017-02-08 11:01:06.864142
99aabe50-e1c0-4bc4-9770-ec723dc24732	facebook	\\x68747470733a2f2f66616365626f6f6b2e636f6d2f3130323130313739393638333637353238	2017-02-08 11:01:19.921097
99aabe50-e1c0-4bc4-9770-ec723dc24732	photo	\\x68747470733a2f2f67726170682e66616365626f6f6b2e636f6d2f31303231303137393936383336373532382f706963747572653f77696474683d31303030	2017-02-08 11:01:19.925699
99aabe50-e1c0-4bc4-9770-ec723dc24732	photo_thumb	\\x68747470733a2f2f67726170682e66616365626f6f6b2e636f6d2f31303231303137393936383336373532382f706963747572653f77696474683d333030266865696768743d333030	2017-02-08 11:01:19.931578
99aabe50-e1c0-4bc4-9770-ec723dc24732	first_name	\\x4173686c796e	2017-02-08 11:01:19.938794
99aabe50-e1c0-4bc4-9770-ec723dc24732	last_name	\\x53756c6c6976616e	2017-02-08 11:01:19.941218
99aabe50-e1c0-4bc4-9770-ec723dc24732	allow_email	\\x74727565	2017-02-08 11:01:19.94422
99aabe50-e1c0-4bc4-9770-ec723dc24732	allow_posts	\\x74727565	2017-02-08 11:01:19.950545
9bad7dbb-2bc8-4d1c-9210-e2aac20b6afb	facebook	\\x68747470733a2f2f66616365626f6f6b2e636f6d2f31333338373936313732383437343336	2017-02-08 11:02:45.014808
9bad7dbb-2bc8-4d1c-9210-e2aac20b6afb	first_name	\\x4a757374696e	2017-02-08 11:02:45.039384
9bad7dbb-2bc8-4d1c-9210-e2aac20b6afb	last_name	\\x4265616368	2017-02-08 11:02:45.046548
9bad7dbb-2bc8-4d1c-9210-e2aac20b6afb	allow_posts	\\x74727565	2017-02-08 11:02:45.059002
1889ec57-365b-46b4-a695-b8ca5770b882	facebook	\\x68747470733a2f2f66616365626f6f6b2e636f6d2f31353534383234303734353537393039	2017-02-08 11:08:00.480893
1889ec57-365b-46b4-a695-b8ca5770b882	photo	\\x68747470733a2f2f67726170682e66616365626f6f6b2e636f6d2f313535343832343037343535373930392f706963747572653f77696474683d31303030	2017-02-08 11:08:00.483679
1889ec57-365b-46b4-a695-b8ca5770b882	photo_thumb	\\x68747470733a2f2f67726170682e66616365626f6f6b2e636f6d2f313535343832343037343535373930392f706963747572653f77696474683d333030266865696768743d333030	2017-02-08 11:08:00.485343
1889ec57-365b-46b4-a695-b8ca5770b882	first_name	\\x4b726973	2017-02-08 11:08:00.486949
1889ec57-365b-46b4-a695-b8ca5770b882	last_name	\\x46727964656e62657267	2017-02-08 11:08:00.488477
278c0b57-22db-4159-99a0-721b3c41000e	photo	\\x68747470733a2f2f67726170682e66616365626f6f6b2e636f6d2f313331333838333937353331373439322f706963747572653f77696474683d31303030	2017-02-08 10:54:28.135764
278c0b57-22db-4159-99a0-721b3c41000e	photo_thumb	\\x68747470733a2f2f67726170682e66616365626f6f6b2e636f6d2f313331333838333937353331373439322f706963747572653f77696474683d333030	2017-02-08 10:54:28.13866
278c0b57-22db-4159-99a0-721b3c41000e	allow_email	\\x74727565	2017-02-08 10:54:28.150602
3d1a5ec9-8ef2-40e3-8938-2d06a2470347	allow_post	\\x66616c7365	2017-02-08 10:45:41.142655
14d9321c-ec6f-4696-a362-e13b81b9d773	photo	\\x68747470733a2f2f67726170682e66616365626f6f6b2e636f6d2f31303230363232353236373837303035332f706963747572653f77696474683d31303030	2017-02-08 10:47:59.016893
14d9321c-ec6f-4696-a362-e13b81b9d773	photo_thumb	\\x68747470733a2f2f67726170682e66616365626f6f6b2e636f6d2f31303230363232353236373837303035332f706963747572653f77696474683d333030266865696768743d333030	2017-02-08 10:47:59.019443
14d9321c-ec6f-4696-a362-e13b81b9d773	allow_email	\\x74727565	2017-02-08 10:47:59.030972
1889ec57-365b-46b4-a695-b8ca5770b882	allow_email	\\x74727565	2017-02-08 11:08:00.489974
1889ec57-365b-46b4-a695-b8ca5770b882	allow_posts	\\x74727565	2017-02-08 11:08:00.491769
70d004e6-b8fe-4221-9eef-5011531b4bda	facebook	\\x68747470733a2f2f66616365626f6f6b2e636f6d2f393235383439343130383739313331	2017-02-08 11:25:08.95338
70d004e6-b8fe-4221-9eef-5011531b4bda	first_name	\\x416d616e6461	2017-02-08 11:25:08.959861
70d004e6-b8fe-4221-9eef-5011531b4bda	last_name	\\x47617264	2017-02-08 11:25:08.961716
70d004e6-b8fe-4221-9eef-5011531b4bda	allow_posts	\\x74727565	2017-02-08 11:25:08.96549
70d004e6-b8fe-4221-9eef-5011531b4bda	photo	\\x68747470733a2f2f67726170682e66616365626f6f6b2e636f6d2f3932353834393431303837393133312f706963747572653f77696474683d31303030	2017-02-08 11:25:08.956125
70d004e6-b8fe-4221-9eef-5011531b4bda	photo_thumb	\\x68747470733a2f2f67726170682e66616365626f6f6b2e636f6d2f3932353834393431303837393133312f706963747572653f77696474683d333030266865696768743d333030	2017-02-08 11:25:08.957925
70d004e6-b8fe-4221-9eef-5011531b4bda	allow_email	\\x74727565	2017-02-08 11:25:08.96364
9760a699-ee8e-47fb-8015-52fd935308ab	facebook	\\x68747470733a2f2f66616365626f6f6b2e636f6d2f3130323036333533373633363831323836	2017-02-08 11:12:41.180416
9760a699-ee8e-47fb-8015-52fd935308ab	photo	\\x68747470733a2f2f67726170682e66616365626f6f6b2e636f6d2f31303230363335333736333638313238362f706963747572653f77696474683d31303030	2017-02-08 11:12:41.186627
9760a699-ee8e-47fb-8015-52fd935308ab	photo_thumb	\\x68747470733a2f2f67726170682e66616365626f6f6b2e636f6d2f31303230363335333736333638313238362f706963747572653f77696474683d333030266865696768743d333030	2017-02-08 11:12:41.188432
9760a699-ee8e-47fb-8015-52fd935308ab	first_name	\\x5374657068616e6965	2017-02-08 11:12:41.190019
9760a699-ee8e-47fb-8015-52fd935308ab	last_name	\\x456c6b696e	2017-02-08 11:12:41.191726
9760a699-ee8e-47fb-8015-52fd935308ab	allow_email	\\x74727565	2017-02-08 11:12:41.194971
9760a699-ee8e-47fb-8015-52fd935308ab	allow_posts	\\x74727565	2017-02-08 11:12:41.196638
e8049419-7102-4092-9a38-4f51353f1d6d	facebook	\\x68747470733a2f2f66616365626f6f6b2e636f6d2f31363034313534383239363031323638	2017-02-08 11:14:30.800011
e8049419-7102-4092-9a38-4f51353f1d6d	first_name	\\x53756e2d4a6f6f6e67	2017-02-08 11:14:30.819709
e8049419-7102-4092-9a38-4f51353f1d6d	last_name	\\x4b696d	2017-02-08 11:14:30.825129
e8049419-7102-4092-9a38-4f51353f1d6d	allow_posts	\\x74727565	2017-02-08 11:14:30.833436
047a54dc-8cdc-4057-a1a0-0537c49f363b	facebook	\\x68747470733a2f2f66616365626f6f6b2e636f6d2f31343034313436373632393239303130	2017-02-08 11:23:24.660293
047a54dc-8cdc-4057-a1a0-0537c49f363b	photo	\\x68747470733a2f2f67726170682e66616365626f6f6b2e636f6d2f313430343134363736323932393031302f706963747572653f77696474683d31303030	2017-02-08 11:23:24.666379
047a54dc-8cdc-4057-a1a0-0537c49f363b	photo_thumb	\\x68747470733a2f2f67726170682e66616365626f6f6b2e636f6d2f313430343134363736323932393031302f706963747572653f77696474683d333030266865696768743d333030	2017-02-08 11:23:24.670085
047a54dc-8cdc-4057-a1a0-0537c49f363b	first_name	\\x4b61746965	2017-02-08 11:23:24.674382
047a54dc-8cdc-4057-a1a0-0537c49f363b	last_name	\\x547265746865776579	2017-02-08 11:23:24.678553
047a54dc-8cdc-4057-a1a0-0537c49f363b	allow_email	\\x74727565	2017-02-08 11:23:24.682438
047a54dc-8cdc-4057-a1a0-0537c49f363b	allow_posts	\\x74727565	2017-02-08 11:23:24.685908
5e5e3a33-521c-483a-99ea-8c8ad98db817	facebook	\\x68747470733a2f2f66616365626f6f6b2e636f6d2f3130323130373439353438383733303434	2017-02-08 11:24:02.753312
5e5e3a33-521c-483a-99ea-8c8ad98db817	photo	\\x68747470733a2f2f67726170682e66616365626f6f6b2e636f6d2f31303231303734393534383837333034342f706963747572653f77696474683d31303030	2017-02-08 11:24:02.75581
5e5e3a33-521c-483a-99ea-8c8ad98db817	photo_thumb	\\x68747470733a2f2f67726170682e66616365626f6f6b2e636f6d2f31303231303734393534383837333034342f706963747572653f77696474683d333030266865696768743d333030	2017-02-08 11:24:02.757239
5e5e3a33-521c-483a-99ea-8c8ad98db817	first_name	\\x436f6c696e	2017-02-08 11:24:02.758716
5e5e3a33-521c-483a-99ea-8c8ad98db817	last_name	\\x4475666679	2017-02-08 11:24:02.760178
5e5e3a33-521c-483a-99ea-8c8ad98db817	allow_email	\\x74727565	2017-02-08 11:24:02.761632
5e5e3a33-521c-483a-99ea-8c8ad98db817	allow_posts	\\x74727565	2017-02-08 11:24:02.763095
70d004e6-b8fe-4221-9eef-5011531b4bda	allow_post	\\x66616c7365	2017-02-08 11:26:14.082915
5e1dc988-b37e-42f0-9d05-820c36110b99	facebook	\\x68747470733a2f2f66616365626f6f6b2e636f6d2f31343233353637343434333630343237	2017-02-08 11:28:15.523008
5e1dc988-b37e-42f0-9d05-820c36110b99	photo	\\x68747470733a2f2f67726170682e66616365626f6f6b2e636f6d2f313432333536373434343336303432372f706963747572653f77696474683d31303030	2017-02-08 11:28:15.52945
5e1dc988-b37e-42f0-9d05-820c36110b99	photo_thumb	\\x68747470733a2f2f67726170682e66616365626f6f6b2e636f6d2f313432333536373434343336303432372f706963747572653f77696474683d333030266865696768743d333030	2017-02-08 11:28:15.536032
5e1dc988-b37e-42f0-9d05-820c36110b99	first_name	\\x5061726173	2017-02-08 11:28:15.540627
5e1dc988-b37e-42f0-9d05-820c36110b99	last_name	\\x4d65687461	2017-02-08 11:28:15.545032
5e1dc988-b37e-42f0-9d05-820c36110b99	allow_email	\\x74727565	2017-02-08 11:28:15.549145
5e1dc988-b37e-42f0-9d05-820c36110b99	allow_posts	\\x74727565	2017-02-08 11:28:15.553017
527a5915-bc20-454f-ba0d-a0a954292ba5	facebook	\\x68747470733a2f2f66616365626f6f6b2e636f6d2f3130323132313235313039313431383635	2017-02-08 11:29:18.194866
527a5915-bc20-454f-ba0d-a0a954292ba5	photo	\\x68747470733a2f2f67726170682e66616365626f6f6b2e636f6d2f31303231323132353130393134313836352f706963747572653f77696474683d31303030	2017-02-08 11:29:18.201712
527a5915-bc20-454f-ba0d-a0a954292ba5	photo_thumb	\\x68747470733a2f2f67726170682e66616365626f6f6b2e636f6d2f31303231323132353130393134313836352f706963747572653f77696474683d333030266865696768743d333030	2017-02-08 11:29:18.206264
527a5915-bc20-454f-ba0d-a0a954292ba5	first_name	\\x416e64726561	2017-02-08 11:29:18.209762
527a5915-bc20-454f-ba0d-a0a954292ba5	last_name	\\x4e6577706f72742d6a6f6e6573	2017-02-08 11:29:18.213566
527a5915-bc20-454f-ba0d-a0a954292ba5	allow_email	\\x74727565	2017-02-08 11:29:18.217486
527a5915-bc20-454f-ba0d-a0a954292ba5	allow_posts	\\x74727565	2017-02-08 11:29:18.221566
c6e99b77-f089-436b-b49b-b949c5b74c65	facebook	\\x68747470733a2f2f66616365626f6f6b2e636f6d2f3130313534363137363939343138393239	2017-02-08 11:30:02.8507
c6e99b77-f089-436b-b49b-b949c5b74c65	photo	\\x68747470733a2f2f67726170682e66616365626f6f6b2e636f6d2f31303135343631373639393431383932392f706963747572653f77696474683d31303030	2017-02-08 11:30:02.853044
c6e99b77-f089-436b-b49b-b949c5b74c65	photo_thumb	\\x68747470733a2f2f67726170682e66616365626f6f6b2e636f6d2f31303135343631373639393431383932392f706963747572653f77696474683d333030266865696768743d333030	2017-02-08 11:30:02.854609
c6e99b77-f089-436b-b49b-b949c5b74c65	first_name	\\x43616974	2017-02-08 11:30:02.85616
c6e99b77-f089-436b-b49b-b949c5b74c65	last_name	\\x4361726e	2017-02-08 11:30:02.85771
c6e99b77-f089-436b-b49b-b949c5b74c65	allow_email	\\x74727565	2017-02-08 11:30:02.85944
c6e99b77-f089-436b-b49b-b949c5b74c65	allow_posts	\\x74727565	2017-02-08 11:30:02.86089
722de95e-7aa0-4a30-bb65-d843e68da141	facebook	\\x68747470733a2f2f66616365626f6f6b2e636f6d2f31323135333131303531393130343938	2017-02-08 11:31:58.153244
722de95e-7aa0-4a30-bb65-d843e68da141	photo	\\x68747470733a2f2f67726170682e66616365626f6f6b2e636f6d2f313231353331313035313931303439382f706963747572653f77696474683d31303030	2017-02-08 11:31:58.156391
722de95e-7aa0-4a30-bb65-d843e68da141	photo_thumb	\\x68747470733a2f2f67726170682e66616365626f6f6b2e636f6d2f313231353331313035313931303439382f706963747572653f77696474683d333030266865696768743d333030	2017-02-08 11:31:58.158188
722de95e-7aa0-4a30-bb65-d843e68da141	first_name	\\x5365616e	2017-02-08 11:31:58.159662
722de95e-7aa0-4a30-bb65-d843e68da141	last_name	\\x536d697468	2017-02-08 11:31:58.161157
722de95e-7aa0-4a30-bb65-d843e68da141	allow_email	\\x74727565	2017-02-08 11:31:58.162725
722de95e-7aa0-4a30-bb65-d843e68da141	allow_posts	\\x74727565	2017-02-08 11:31:58.164343
14563c9f-53f0-4664-b329-e91e7e90f8ed	facebook	\\x68747470733a2f2f66616365626f6f6b2e636f6d2f3130323035383537353030313935373937	2017-02-08 11:33:56.649808
14563c9f-53f0-4664-b329-e91e7e90f8ed	first_name	\\x446576796e	2017-02-08 11:33:56.690567
14563c9f-53f0-4664-b329-e91e7e90f8ed	last_name	\\x4e617468616e	2017-02-08 11:33:56.694374
14563c9f-53f0-4664-b329-e91e7e90f8ed	allow_posts	\\x74727565	2017-02-08 11:33:56.702139
705ffdaf-2d88-407f-8e98-8e40833b2694	facebook	\\x68747470733a2f2f66616365626f6f6b2e636f6d2f3130323036353933333333393130343533	2017-02-08 11:35:19.45618
705ffdaf-2d88-407f-8e98-8e40833b2694	photo	\\x68747470733a2f2f67726170682e66616365626f6f6b2e636f6d2f31303230363539333333333931303435332f706963747572653f77696474683d31303030	2017-02-08 11:35:19.460888
705ffdaf-2d88-407f-8e98-8e40833b2694	photo_thumb	\\x68747470733a2f2f67726170682e66616365626f6f6b2e636f6d2f31303230363539333333333931303435332f706963747572653f77696474683d333030266865696768743d333030	2017-02-08 11:35:19.463473
705ffdaf-2d88-407f-8e98-8e40833b2694	first_name	\\x4b72697374696e61	2017-02-08 11:35:19.465452
705ffdaf-2d88-407f-8e98-8e40833b2694	last_name	\\x53656e63696f6e	2017-02-08 11:35:19.467496
705ffdaf-2d88-407f-8e98-8e40833b2694	allow_email	\\x74727565	2017-02-08 11:35:19.469156
705ffdaf-2d88-407f-8e98-8e40833b2694	allow_posts	\\x74727565	2017-02-08 11:35:19.470942
4725ad02-b46d-4ca6-ad81-6e51cfb0b748	facebook	\\x68747470733a2f2f66616365626f6f6b2e636f6d2f3130323131353933393539373135323332	2017-02-08 11:35:29.031077
4725ad02-b46d-4ca6-ad81-6e51cfb0b748	photo	\\x68747470733a2f2f67726170682e66616365626f6f6b2e636f6d2f31303231313539333935393731353233322f706963747572653f77696474683d31303030	2017-02-08 11:35:29.033942
4725ad02-b46d-4ca6-ad81-6e51cfb0b748	photo_thumb	\\x68747470733a2f2f67726170682e66616365626f6f6b2e636f6d2f31303231313539333935393731353233322f706963747572653f77696474683d333030266865696768743d333030	2017-02-08 11:35:29.036065
4725ad02-b46d-4ca6-ad81-6e51cfb0b748	first_name	\\x4d6164646965	2017-02-08 11:35:29.037925
4725ad02-b46d-4ca6-ad81-6e51cfb0b748	last_name	\\x456f757365	2017-02-08 11:35:29.040023
4725ad02-b46d-4ca6-ad81-6e51cfb0b748	allow_posts	\\x74727565	2017-02-08 11:35:29.043597
9b1a5d54-ef14-4f84-9874-f5441f0545c9	facebook	\\x68747470733a2f2f66616365626f6f6b2e636f6d2f31343230313133343531333333303231	2017-02-08 11:38:29.679507
9b1a5d54-ef14-4f84-9874-f5441f0545c9	photo	\\x68747470733a2f2f67726170682e66616365626f6f6b2e636f6d2f313432303131333435313333333032312f706963747572653f77696474683d31303030	2017-02-08 11:38:29.685166
9b1a5d54-ef14-4f84-9874-f5441f0545c9	photo_thumb	\\x68747470733a2f2f67726170682e66616365626f6f6b2e636f6d2f313432303131333435313333333032312f706963747572653f77696474683d333030266865696768743d333030	2017-02-08 11:38:29.688527
9b1a5d54-ef14-4f84-9874-f5441f0545c9	first_name	\\x4c657869	2017-02-08 11:38:29.692216
9b1a5d54-ef14-4f84-9874-f5441f0545c9	last_name	\\x4c6569746d616e	2017-02-08 11:38:29.697077
9b1a5d54-ef14-4f84-9874-f5441f0545c9	allow_posts	\\x74727565	2017-02-08 11:38:29.704903
c3fa3ce4-07b0-4c84-b12d-4725c3e998aa	facebook	\\x68747470733a2f2f66616365626f6f6b2e636f6d2f3130323039353131383833323535333131	2017-02-08 11:40:52.143983
4725ad02-b46d-4ca6-ad81-6e51cfb0b748	allow_email	\\x66616c7365	2017-02-08 11:35:29.041713
14563c9f-53f0-4664-b329-e91e7e90f8ed	photo	\\x68747470733a2f2f67726170682e66616365626f6f6b2e636f6d2f31303230353835373530303139353739372f706963747572653f77696474683d31303030	2017-02-08 11:33:56.682355
14563c9f-53f0-4664-b329-e91e7e90f8ed	photo_thumb	\\x68747470733a2f2f67726170682e66616365626f6f6b2e636f6d2f31303230353835373530303139353739372f706963747572653f77696474683d333030266865696768743d333030	2017-02-08 11:33:56.686793
14563c9f-53f0-4664-b329-e91e7e90f8ed	allow_email	\\x74727565	2017-02-08 11:33:56.698261
9b1a5d54-ef14-4f84-9874-f5441f0545c9	allow_email	\\x66616c7365	2017-02-08 11:38:29.701202
c3fa3ce4-07b0-4c84-b12d-4725c3e998aa	photo	\\x68747470733a2f2f67726170682e66616365626f6f6b2e636f6d2f31303230393531313838333235353331312f706963747572653f77696474683d31303030	2017-02-08 11:40:52.149201
c3fa3ce4-07b0-4c84-b12d-4725c3e998aa	photo_thumb	\\x68747470733a2f2f67726170682e66616365626f6f6b2e636f6d2f31303230393531313838333235353331312f706963747572653f77696474683d333030266865696768743d333030	2017-02-08 11:40:52.153341
c3fa3ce4-07b0-4c84-b12d-4725c3e998aa	first_name	\\x4461766964	2017-02-08 11:40:52.156925
c3fa3ce4-07b0-4c84-b12d-4725c3e998aa	last_name	\\x4d634361736b696c6c	2017-02-08 11:40:52.160299
c3fa3ce4-07b0-4c84-b12d-4725c3e998aa	allow_email	\\x74727565	2017-02-08 11:40:52.164249
c3fa3ce4-07b0-4c84-b12d-4725c3e998aa	allow_posts	\\x74727565	2017-02-08 11:40:52.167777
75b30434-813c-4196-8ed5-138df4794377	facebook	\\x68747470733a2f2f66616365626f6f6b2e636f6d2f31343531343333303731353638323037	2017-02-08 11:42:42.68113
75b30434-813c-4196-8ed5-138df4794377	photo	\\x68747470733a2f2f67726170682e66616365626f6f6b2e636f6d2f313435313433333037313536383230372f706963747572653f77696474683d31303030	2017-02-08 11:42:42.6852
75b30434-813c-4196-8ed5-138df4794377	photo_thumb	\\x68747470733a2f2f67726170682e66616365626f6f6b2e636f6d2f313435313433333037313536383230372f706963747572653f77696474683d333030266865696768743d333030	2017-02-08 11:42:42.687222
75b30434-813c-4196-8ed5-138df4794377	first_name	\\x48616c6579	2017-02-08 11:42:42.68875
75b30434-813c-4196-8ed5-138df4794377	last_name	\\x477261737479	2017-02-08 11:42:42.690135
75b30434-813c-4196-8ed5-138df4794377	allow_email	\\x74727565	2017-02-08 11:42:42.692406
75b30434-813c-4196-8ed5-138df4794377	allow_posts	\\x74727565	2017-02-08 11:42:42.694307
7b4afef0-3774-4e7b-8046-b04a89fb496a	facebook	\\x68747470733a2f2f66616365626f6f6b2e636f6d2f31343032323034363736343937333736	2017-02-08 11:47:47.250679
7b4afef0-3774-4e7b-8046-b04a89fb496a	photo	\\x68747470733a2f2f67726170682e66616365626f6f6b2e636f6d2f313430323230343637363439373337362f706963747572653f77696474683d31303030	2017-02-08 11:47:47.253348
7b4afef0-3774-4e7b-8046-b04a89fb496a	photo_thumb	\\x68747470733a2f2f67726170682e66616365626f6f6b2e636f6d2f313430323230343637363439373337362f706963747572653f77696474683d333030266865696768743d333030	2017-02-08 11:47:47.255025
7b4afef0-3774-4e7b-8046-b04a89fb496a	first_name	\\x4d617474	2017-02-08 11:47:47.256824
7b4afef0-3774-4e7b-8046-b04a89fb496a	last_name	\\x486579	2017-02-08 11:47:47.258856
7b4afef0-3774-4e7b-8046-b04a89fb496a	allow_email	\\x74727565	2017-02-08 11:47:47.260934
7b4afef0-3774-4e7b-8046-b04a89fb496a	allow_posts	\\x74727565	2017-02-08 11:47:47.263011
247e25c3-186d-45c2-968b-b2335d7de262	facebook	\\x68747470733a2f2f66616365626f6f6b2e636f6d2f31343435333935313935343730353439	2017-02-08 11:48:44.272926
247e25c3-186d-45c2-968b-b2335d7de262	first_name	\\x4761627269656c	2017-02-08 11:48:44.278919
247e25c3-186d-45c2-968b-b2335d7de262	last_name	\\x526f6a6173	2017-02-08 11:48:44.280343
247e25c3-186d-45c2-968b-b2335d7de262	allow_posts	\\x74727565	2017-02-08 11:48:44.28328
247e25c3-186d-45c2-968b-b2335d7de262	photo	\\x68747470733a2f2f67726170682e66616365626f6f6b2e636f6d2f313434353339353139353437303534392f706963747572653f77696474683d31303030	2017-02-08 11:48:44.275814
247e25c3-186d-45c2-968b-b2335d7de262	photo_thumb	\\x68747470733a2f2f67726170682e66616365626f6f6b2e636f6d2f313434353339353139353437303534392f706963747572653f77696474683d333030266865696768743d333030	2017-02-08 11:48:44.27733
247e25c3-186d-45c2-968b-b2335d7de262	allow_email	\\x74727565	2017-02-08 11:48:44.281755
247e25c3-186d-45c2-968b-b2335d7de262	allow_post	\\x66616c7365	2017-02-08 11:50:03.023971
394f9809-075f-400f-a35c-6164f6e4a2ed	photo	\\x68747470733a2f2f67726170682e66616365626f6f6b2e636f6d2f31303231313439363636373233343234302f706963747572653f77696474683d31303030	2017-02-08 09:48:34.622631
394f9809-075f-400f-a35c-6164f6e4a2ed	photo_thumb	\\x68747470733a2f2f67726170682e66616365626f6f6b2e636f6d2f31303231313439363636373233343234302f706963747572653f77696474683d333030266865696768743d333030	2017-02-08 09:48:34.624324
394f9809-075f-400f-a35c-6164f6e4a2ed	allow_email	\\x74727565	2017-02-08 09:48:34.628737
394f9809-075f-400f-a35c-6164f6e4a2ed	allow_post	\\x66616c7365	2017-02-08 11:50:17.41151
096062d9-5b4e-46b3-99c0-106f4161769b	facebook	\\x68747470733a2f2f66616365626f6f6b2e636f6d2f31323237333937333537333039343234	2017-02-08 11:52:27.01568
096062d9-5b4e-46b3-99c0-106f4161769b	first_name	\\x5369616e6e65	2017-02-08 11:52:27.035357
096062d9-5b4e-46b3-99c0-106f4161769b	last_name	\\x506f7765	2017-02-08 11:52:27.039484
096062d9-5b4e-46b3-99c0-106f4161769b	allow_posts	\\x74727565	2017-02-08 11:52:27.052819
07ff0908-8f8c-4984-8f01-ac0aedea2b9d	facebook	\\x68747470733a2f2f66616365626f6f6b2e636f6d2f31383434353431323439313637323732	2017-02-08 12:05:14.824327
07ff0908-8f8c-4984-8f01-ac0aedea2b9d	photo	\\x68747470733a2f2f67726170682e66616365626f6f6b2e636f6d2f313834343534313234393136373237322f706963747572653f77696474683d31303030	2017-02-08 12:05:14.826646
07ff0908-8f8c-4984-8f01-ac0aedea2b9d	photo_thumb	\\x68747470733a2f2f67726170682e66616365626f6f6b2e636f6d2f313834343534313234393136373237322f706963747572653f77696474683d333030266865696768743d333030	2017-02-08 12:05:14.828006
07ff0908-8f8c-4984-8f01-ac0aedea2b9d	first_name	\\x4e6f656c	2017-02-08 12:05:14.829318
07ff0908-8f8c-4984-8f01-ac0aedea2b9d	last_name	\\x46756e646f7261	2017-02-08 12:05:14.830729
07ff0908-8f8c-4984-8f01-ac0aedea2b9d	allow_email	\\x74727565	2017-02-08 12:05:14.832106
07ff0908-8f8c-4984-8f01-ac0aedea2b9d	allow_posts	\\x74727565	2017-02-08 12:05:14.833407
6b54e54c-d93a-4d16-9a96-e2f39d83629f	facebook	\\x68747470733a2f2f66616365626f6f6b2e636f6d2f31343739303034393132313137343439	2017-02-08 12:05:31.77459
6b54e54c-d93a-4d16-9a96-e2f39d83629f	photo	\\x68747470733a2f2f67726170682e66616365626f6f6b2e636f6d2f313437393030343931323131373434392f706963747572653f77696474683d31303030	2017-02-08 12:05:31.78057
6b54e54c-d93a-4d16-9a96-e2f39d83629f	photo_thumb	\\x68747470733a2f2f67726170682e66616365626f6f6b2e636f6d2f313437393030343931323131373434392f706963747572653f77696474683d333030266865696768743d333030	2017-02-08 12:05:31.782494
6b54e54c-d93a-4d16-9a96-e2f39d83629f	first_name	\\x416c6578	2017-02-08 12:05:31.784433
6b54e54c-d93a-4d16-9a96-e2f39d83629f	last_name	\\x436c61726b	2017-02-08 12:05:31.786374
6b54e54c-d93a-4d16-9a96-e2f39d83629f	allow_email	\\x74727565	2017-02-08 12:05:31.796613
6b54e54c-d93a-4d16-9a96-e2f39d83629f	allow_posts	\\x74727565	2017-02-08 12:05:31.801563
6d5f8147-8c4a-4909-a825-ae264ee64b87	facebook	\\x68747470733a2f2f66616365626f6f6b2e636f6d2f3130323037373735373537383231323538	2017-02-08 12:07:55.110956
6d5f8147-8c4a-4909-a825-ae264ee64b87	photo	\\x68747470733a2f2f67726170682e66616365626f6f6b2e636f6d2f31303230373737353735373832313235382f706963747572653f77696474683d31303030	2017-02-08 12:07:55.117274
6d5f8147-8c4a-4909-a825-ae264ee64b87	photo_thumb	\\x68747470733a2f2f67726170682e66616365626f6f6b2e636f6d2f31303230373737353735373832313235382f706963747572653f77696474683d333030266865696768743d333030	2017-02-08 12:07:55.121291
6d5f8147-8c4a-4909-a825-ae264ee64b87	first_name	\\x4a61636f62	2017-02-08 12:07:55.125313
6d5f8147-8c4a-4909-a825-ae264ee64b87	last_name	\\x4c65757a65	2017-02-08 12:07:55.129734
6d5f8147-8c4a-4909-a825-ae264ee64b87	allow_email	\\x74727565	2017-02-08 12:07:55.133726
6d5f8147-8c4a-4909-a825-ae264ee64b87	allow_posts	\\x74727565	2017-02-08 12:07:55.137925
1738b116-f61f-40c1-b770-6dcc2163d402	facebook	\\x68747470733a2f2f66616365626f6f6b2e636f6d2f31323433393539393735363838383839	2017-02-08 12:09:30.182483
1738b116-f61f-40c1-b770-6dcc2163d402	photo	\\x68747470733a2f2f67726170682e66616365626f6f6b2e636f6d2f313234333935393937353638383838392f706963747572653f77696474683d31303030	2017-02-08 12:09:30.185872
1738b116-f61f-40c1-b770-6dcc2163d402	photo_thumb	\\x68747470733a2f2f67726170682e66616365626f6f6b2e636f6d2f313234333935393937353638383838392f706963747572653f77696474683d333030266865696768743d333030	2017-02-08 12:09:30.187476
1738b116-f61f-40c1-b770-6dcc2163d402	first_name	\\x5461796c6f72	2017-02-08 12:09:30.189022
1738b116-f61f-40c1-b770-6dcc2163d402	last_name	\\x436176616c69657265	2017-02-08 12:09:30.190952
1738b116-f61f-40c1-b770-6dcc2163d402	allow_email	\\x74727565	2017-02-08 12:09:30.192946
1738b116-f61f-40c1-b770-6dcc2163d402	allow_posts	\\x74727565	2017-02-08 12:09:30.194681
2aeda0c9-261d-4ef2-9127-8ef050a3e9a9	facebook	\\x68747470733a2f2f66616365626f6f6b2e636f6d2f31373237333437353937353934363434	2017-02-08 12:09:41.29229
2aeda0c9-261d-4ef2-9127-8ef050a3e9a9	photo	\\x68747470733a2f2f67726170682e66616365626f6f6b2e636f6d2f313732373334373539373539343634342f706963747572653f77696474683d31303030	2017-02-08 12:09:41.294792
2aeda0c9-261d-4ef2-9127-8ef050a3e9a9	photo_thumb	\\x68747470733a2f2f67726170682e66616365626f6f6b2e636f6d2f313732373334373539373539343634342f706963747572653f77696474683d333030266865696768743d333030	2017-02-08 12:09:41.296892
2aeda0c9-261d-4ef2-9127-8ef050a3e9a9	first_name	\\x416d616e6461	2017-02-08 12:09:41.301423
2aeda0c9-261d-4ef2-9127-8ef050a3e9a9	last_name	\\x4d617272	2017-02-08 12:09:41.306076
2aeda0c9-261d-4ef2-9127-8ef050a3e9a9	allow_posts	\\x74727565	2017-02-08 12:09:41.313932
0701a351-4cf2-4494-b2ab-03d429bb2ec5	facebook	\\x68747470733a2f2f66616365626f6f6b2e636f6d2f31373038393638393639313138313537	2017-02-08 12:12:41.584941
0701a351-4cf2-4494-b2ab-03d429bb2ec5	first_name	\\x4c796e68	2017-02-08 12:12:41.60778
0701a351-4cf2-4494-b2ab-03d429bb2ec5	last_name	\\x4e677579656e	2017-02-08 12:12:41.611535
0701a351-4cf2-4494-b2ab-03d429bb2ec5	allow_posts	\\x74727565	2017-02-08 12:12:41.623401
00599e6f-de86-43ac-b30e-5f7697781409	facebook	\\x68747470733a2f2f66616365626f6f6b2e636f6d2f3130323132303236353438333938373039	2017-02-08 12:14:32.304933
00599e6f-de86-43ac-b30e-5f7697781409	photo	\\x68747470733a2f2f67726170682e66616365626f6f6b2e636f6d2f31303231323032363534383339383730392f706963747572653f77696474683d31303030	2017-02-08 12:14:32.308903
00599e6f-de86-43ac-b30e-5f7697781409	photo_thumb	\\x68747470733a2f2f67726170682e66616365626f6f6b2e636f6d2f31303231323032363534383339383730392f706963747572653f77696474683d333030266865696768743d333030	2017-02-08 12:14:32.31181
00599e6f-de86-43ac-b30e-5f7697781409	first_name	\\x4d65726564697468	2017-02-08 12:14:32.314678
00599e6f-de86-43ac-b30e-5f7697781409	last_name	\\x4b616c686f72	2017-02-08 12:14:32.318262
00599e6f-de86-43ac-b30e-5f7697781409	allow_email	\\x74727565	2017-02-08 12:14:32.322046
00599e6f-de86-43ac-b30e-5f7697781409	allow_posts	\\x74727565	2017-02-08 12:14:32.325653
f8299f1d-e9c7-4513-9977-9c4c25b10d41	facebook	\\x68747470733a2f2f66616365626f6f6b2e636f6d2f3130323038343336353630303930383232	2017-02-08 12:15:57.909125
f8299f1d-e9c7-4513-9977-9c4c25b10d41	photo	\\x68747470733a2f2f67726170682e66616365626f6f6b2e636f6d2f31303230383433363536303039303832322f706963747572653f77696474683d31303030	2017-02-08 12:15:57.911996
f8299f1d-e9c7-4513-9977-9c4c25b10d41	photo_thumb	\\x68747470733a2f2f67726170682e66616365626f6f6b2e636f6d2f31303230383433363536303039303832322f706963747572653f77696474683d333030266865696768743d333030	2017-02-08 12:15:57.913674
096062d9-5b4e-46b3-99c0-106f4161769b	allow_email	\\x74727565	2017-02-08 11:52:27.047983
0701a351-4cf2-4494-b2ab-03d429bb2ec5	photo	\\x68747470733a2f2f67726170682e66616365626f6f6b2e636f6d2f313730383936383936393131383135372f706963747572653f77696474683d31303030	2017-02-08 12:12:41.592788
0701a351-4cf2-4494-b2ab-03d429bb2ec5	photo_thumb	\\x68747470733a2f2f67726170682e66616365626f6f6b2e636f6d2f313730383936383936393131383135372f706963747572653f77696474683d333030266865696768743d333030	2017-02-08 12:12:41.597463
0701a351-4cf2-4494-b2ab-03d429bb2ec5	allow_email	\\x74727565	2017-02-08 12:12:41.616106
f8299f1d-e9c7-4513-9977-9c4c25b10d41	first_name	\\x436f6e6e6f72	2017-02-08 12:15:57.915705
f8299f1d-e9c7-4513-9977-9c4c25b10d41	last_name	\\x4d696c6c6572	2017-02-08 12:15:57.9174
f8299f1d-e9c7-4513-9977-9c4c25b10d41	allow_email	\\x74727565	2017-02-08 12:15:57.918866
f8299f1d-e9c7-4513-9977-9c4c25b10d41	allow_posts	\\x74727565	2017-02-08 12:15:57.920188
9b6dd072-7c42-4f0b-a1f2-19a01bb10e29	facebook	\\x68747470733a2f2f66616365626f6f6b2e636f6d2f31343039343234363139313039353234	2017-02-08 12:33:50.480891
9b6dd072-7c42-4f0b-a1f2-19a01bb10e29	first_name	\\x53756c6c6976616e	2017-02-08 12:33:50.486826
9b6dd072-7c42-4f0b-a1f2-19a01bb10e29	last_name	\\x48656e7279	2017-02-08 12:33:50.489316
9b6dd072-7c42-4f0b-a1f2-19a01bb10e29	allow_posts	\\x74727565	2017-02-08 12:33:50.493875
f35992ee-8e01-422f-b291-7ef7d7ac672a	facebook	\\x68747470733a2f2f66616365626f6f6b2e636f6d2f31353039333837363232343237393534	2017-02-08 12:36:33.693706
f35992ee-8e01-422f-b291-7ef7d7ac672a	first_name	\\x427261776e	2017-02-08 12:36:33.713679
f35992ee-8e01-422f-b291-7ef7d7ac672a	last_name	\\x4e656c736f6e	2017-02-08 12:36:33.717018
f35992ee-8e01-422f-b291-7ef7d7ac672a	allow_posts	\\x74727565	2017-02-08 12:36:33.721669
2ec3766a-deaf-4231-b6ed-b05755ad9a5b	facebook	\\x68747470733a2f2f66616365626f6f6b2e636f6d2f3130323036373135333733363031343737	2017-02-08 12:48:05.304394
2ec3766a-deaf-4231-b6ed-b05755ad9a5b	first_name	\\x566963746f726961	2017-02-08 12:48:05.310859
2ec3766a-deaf-4231-b6ed-b05755ad9a5b	last_name	\\x41726775656c6c6573	2017-02-08 12:48:05.313353
2ec3766a-deaf-4231-b6ed-b05755ad9a5b	allow_posts	\\x74727565	2017-02-08 12:48:05.31622
9423406c-de4b-4193-bdc8-9c9b00db7604	facebook	\\x68747470733a2f2f66616365626f6f6b2e636f6d2f31323037343833383336303338383730	2017-02-08 12:50:34.803475
9423406c-de4b-4193-bdc8-9c9b00db7604	photo	\\x68747470733a2f2f67726170682e66616365626f6f6b2e636f6d2f313230373438333833363033383837302f706963747572653f77696474683d31303030	2017-02-08 12:50:34.809903
9423406c-de4b-4193-bdc8-9c9b00db7604	photo_thumb	\\x68747470733a2f2f67726170682e66616365626f6f6b2e636f6d2f313230373438333833363033383837302f706963747572653f77696474683d333030266865696768743d333030	2017-02-08 12:50:34.813645
9423406c-de4b-4193-bdc8-9c9b00db7604	first_name	\\x4a756c6961	2017-02-08 12:50:34.818272
9423406c-de4b-4193-bdc8-9c9b00db7604	last_name	\\x4f27436f6e6e6f72	2017-02-08 12:50:34.823805
9423406c-de4b-4193-bdc8-9c9b00db7604	allow_email	\\x74727565	2017-02-08 12:50:34.827092
9423406c-de4b-4193-bdc8-9c9b00db7604	allow_posts	\\x74727565	2017-02-08 12:50:34.830134
1cbc2a10-7b8c-4197-a0f4-fb5e40e95ba6	facebook	\\x68747470733a2f2f66616365626f6f6b2e636f6d2f31343233303036323834333736313733	2017-02-08 12:51:05.619223
1cbc2a10-7b8c-4197-a0f4-fb5e40e95ba6	photo	\\x68747470733a2f2f67726170682e66616365626f6f6b2e636f6d2f313432333030363238343337363137332f706963747572653f77696474683d31303030	2017-02-08 12:51:05.622367
1cbc2a10-7b8c-4197-a0f4-fb5e40e95ba6	photo_thumb	\\x68747470733a2f2f67726170682e66616365626f6f6b2e636f6d2f313432333030363238343337363137332f706963747572653f77696474683d333030266865696768743d333030	2017-02-08 12:51:05.62401
1cbc2a10-7b8c-4197-a0f4-fb5e40e95ba6	first_name	\\x4c616379	2017-02-08 12:51:05.625585
1cbc2a10-7b8c-4197-a0f4-fb5e40e95ba6	last_name	\\x5275626c6f6666	2017-02-08 12:51:05.627132
1cbc2a10-7b8c-4197-a0f4-fb5e40e95ba6	allow_email	\\x74727565	2017-02-08 12:51:05.628764
1cbc2a10-7b8c-4197-a0f4-fb5e40e95ba6	allow_posts	\\x74727565	2017-02-08 12:51:05.630296
90ff79f2-252f-47aa-9dbc-8d433103e772	facebook	\\x68747470733a2f2f66616365626f6f6b2e636f6d2f31353533343137313638303231353634	2017-02-08 12:53:44.687031
90ff79f2-252f-47aa-9dbc-8d433103e772	photo	\\x68747470733a2f2f67726170682e66616365626f6f6b2e636f6d2f313535333431373136383032313536342f706963747572653f77696474683d31303030	2017-02-08 12:53:44.690111
90ff79f2-252f-47aa-9dbc-8d433103e772	photo_thumb	\\x68747470733a2f2f67726170682e66616365626f6f6b2e636f6d2f313535333431373136383032313536342f706963747572653f77696474683d333030266865696768743d333030	2017-02-08 12:53:44.691554
90ff79f2-252f-47aa-9dbc-8d433103e772	first_name	\\x4d65726564697468	2017-02-08 12:53:44.692843
90ff79f2-252f-47aa-9dbc-8d433103e772	last_name	\\x4d61727368616c6c	2017-02-08 12:53:44.694152
90ff79f2-252f-47aa-9dbc-8d433103e772	allow_email	\\x74727565	2017-02-08 12:53:44.695419
90ff79f2-252f-47aa-9dbc-8d433103e772	allow_posts	\\x74727565	2017-02-08 12:53:44.696721
63b244c6-4bea-470e-9675-4f402f1a02ac	facebook	\\x68747470733a2f2f66616365626f6f6b2e636f6d2f31343134323331353338363339363732	2017-02-08 12:56:49.405956
63b244c6-4bea-470e-9675-4f402f1a02ac	photo	\\x68747470733a2f2f67726170682e66616365626f6f6b2e636f6d2f313431343233313533383633393637322f706963747572653f77696474683d31303030	2017-02-08 12:56:49.408945
63b244c6-4bea-470e-9675-4f402f1a02ac	photo_thumb	\\x68747470733a2f2f67726170682e66616365626f6f6b2e636f6d2f313431343233313533383633393637322f706963747572653f77696474683d333030266865696768743d333030	2017-02-08 12:56:49.411451
63b244c6-4bea-470e-9675-4f402f1a02ac	first_name	\\x4b61796c61	2017-02-08 12:56:49.413787
63b244c6-4bea-470e-9675-4f402f1a02ac	last_name	\\x48656e726965	2017-02-08 12:56:49.418236
63b244c6-4bea-470e-9675-4f402f1a02ac	allow_email	\\x74727565	2017-02-08 12:56:49.421731
63b244c6-4bea-470e-9675-4f402f1a02ac	allow_posts	\\x74727565	2017-02-08 12:56:49.425003
8f646e2e-6d1d-464b-b831-384c41f5a174	facebook	\\x68747470733a2f2f66616365626f6f6b2e636f6d2f393233343030333337373937323936	2017-02-08 13:02:35.33016
8f646e2e-6d1d-464b-b831-384c41f5a174	photo	\\x68747470733a2f2f67726170682e66616365626f6f6b2e636f6d2f3932333430303333373739373239362f706963747572653f77696474683d31303030	2017-02-08 13:02:35.332623
8f646e2e-6d1d-464b-b831-384c41f5a174	photo_thumb	\\x68747470733a2f2f67726170682e66616365626f6f6b2e636f6d2f3932333430303333373739373239362f706963747572653f77696474683d333030266865696768743d333030	2017-02-08 13:02:35.334068
8f646e2e-6d1d-464b-b831-384c41f5a174	first_name	\\x4e6174616c6965	2017-02-08 13:02:35.335476
8f646e2e-6d1d-464b-b831-384c41f5a174	last_name	\\x4368656269	2017-02-08 13:02:35.336824
8f646e2e-6d1d-464b-b831-384c41f5a174	allow_email	\\x74727565	2017-02-08 13:02:35.338435
8f646e2e-6d1d-464b-b831-384c41f5a174	allow_posts	\\x74727565	2017-02-08 13:02:35.339877
f9d9e97d-b3d5-4955-a63e-456099a01ab7	facebook	\\x68747470733a2f2f66616365626f6f6b2e636f6d2f31333438363539393435313736383330	2017-02-08 13:07:27.549734
f9d9e97d-b3d5-4955-a63e-456099a01ab7	photo	\\x68747470733a2f2f67726170682e66616365626f6f6b2e636f6d2f313334383635393934353137363833302f706963747572653f77696474683d31303030	2017-02-08 13:07:27.55298
f9d9e97d-b3d5-4955-a63e-456099a01ab7	photo_thumb	\\x68747470733a2f2f67726170682e66616365626f6f6b2e636f6d2f313334383635393934353137363833302f706963747572653f77696474683d333030266865696768743d333030	2017-02-08 13:07:27.554954
f9d9e97d-b3d5-4955-a63e-456099a01ab7	first_name	\\x4e69636b	2017-02-08 13:07:27.556645
f9d9e97d-b3d5-4955-a63e-456099a01ab7	last_name	\\x536369616e6e61	2017-02-08 13:07:27.558462
f9d9e97d-b3d5-4955-a63e-456099a01ab7	allow_email	\\x74727565	2017-02-08 13:07:27.55989
f9d9e97d-b3d5-4955-a63e-456099a01ab7	allow_posts	\\x74727565	2017-02-08 13:07:27.561298
0786d6d3-c70b-4abb-a6ad-21c0fc487b9a	facebook	\\x68747470733a2f2f66616365626f6f6b2e636f6d2f3130323033313032363938323033363532	2017-02-08 13:09:16.349794
0786d6d3-c70b-4abb-a6ad-21c0fc487b9a	photo	\\x68747470733a2f2f67726170682e66616365626f6f6b2e636f6d2f31303230333130323639383230333635322f706963747572653f77696474683d31303030	2017-02-08 13:09:16.353279
0786d6d3-c70b-4abb-a6ad-21c0fc487b9a	photo_thumb	\\x68747470733a2f2f67726170682e66616365626f6f6b2e636f6d2f31303230333130323639383230333635322f706963747572653f77696474683d333030266865696768743d333030	2017-02-08 13:09:16.356842
0786d6d3-c70b-4abb-a6ad-21c0fc487b9a	first_name	\\x546f7269	2017-02-08 13:09:16.359781
0786d6d3-c70b-4abb-a6ad-21c0fc487b9a	last_name	\\x4261746573	2017-02-08 13:09:16.362639
0786d6d3-c70b-4abb-a6ad-21c0fc487b9a	allow_email	\\x74727565	2017-02-08 13:09:16.365565
0786d6d3-c70b-4abb-a6ad-21c0fc487b9a	allow_posts	\\x74727565	2017-02-08 13:09:16.368564
7259e5d8-be01-4b84-a663-8fada2af0825	facebook	\\x68747470733a2f2f66616365626f6f6b2e636f6d2f333539373934333637373431313238	2017-02-08 13:10:28.37118
7259e5d8-be01-4b84-a663-8fada2af0825	first_name	\\x4d61646479	2017-02-08 13:10:28.382735
7259e5d8-be01-4b84-a663-8fada2af0825	last_name	\\x5363686d696474	2017-02-08 13:10:28.386207
7259e5d8-be01-4b84-a663-8fada2af0825	allow_posts	\\x74727565	2017-02-08 13:10:28.393213
7259e5d8-be01-4b84-a663-8fada2af0825	photo	\\x68747470733a2f2f67726170682e66616365626f6f6b2e636f6d2f3335393739343336373734313132382f706963747572653f77696474683d31303030	2017-02-08 13:10:28.375619
7259e5d8-be01-4b84-a663-8fada2af0825	photo_thumb	\\x68747470733a2f2f67726170682e66616365626f6f6b2e636f6d2f3335393739343336373734313132382f706963747572653f77696474683d333030266865696768743d333030	2017-02-08 13:10:28.378611
7259e5d8-be01-4b84-a663-8fada2af0825	allow_email	\\x74727565	2017-02-08 13:10:28.389572
7259e5d8-be01-4b84-a663-8fada2af0825	allow_post	\\x66616c7365	2017-02-08 13:11:24.437817
439c5f59-6e1d-4c06-aeaa-a3db85bee0d8	facebook	\\x68747470733a2f2f66616365626f6f6b2e636f6d2f31333938383736393030313737393931	2017-02-08 13:14:32.275388
439c5f59-6e1d-4c06-aeaa-a3db85bee0d8	photo	\\x68747470733a2f2f67726170682e66616365626f6f6b2e636f6d2f313339383837363930303137373939312f706963747572653f77696474683d31303030	2017-02-08 13:14:32.278
439c5f59-6e1d-4c06-aeaa-a3db85bee0d8	photo_thumb	\\x68747470733a2f2f67726170682e66616365626f6f6b2e636f6d2f313339383837363930303137373939312f706963747572653f77696474683d333030266865696768743d333030	2017-02-08 13:14:32.279597
439c5f59-6e1d-4c06-aeaa-a3db85bee0d8	first_name	\\x4d6f6e696361	2017-02-08 13:14:32.281261
9b6dd072-7c42-4f0b-a1f2-19a01bb10e29	photo	\\x68747470733a2f2f67726170682e66616365626f6f6b2e636f6d2f313430393432343631393130393532342f706963747572653f77696474683d31303030	2017-02-08 12:33:50.483735
9b6dd072-7c42-4f0b-a1f2-19a01bb10e29	photo_thumb	\\x68747470733a2f2f67726170682e66616365626f6f6b2e636f6d2f313430393432343631393130393532342f706963747572653f77696474683d333030266865696768743d333030	2017-02-08 12:33:50.485312
2ec3766a-deaf-4231-b6ed-b05755ad9a5b	photo	\\x68747470733a2f2f67726170682e66616365626f6f6b2e636f6d2f31303230363731353337333630313437372f706963747572653f77696474683d31303030	2017-02-08 12:48:05.30771
2ec3766a-deaf-4231-b6ed-b05755ad9a5b	photo_thumb	\\x68747470733a2f2f67726170682e66616365626f6f6b2e636f6d2f31303230363731353337333630313437372f706963747572653f77696474683d333030266865696768743d333030	2017-02-08 12:48:05.30938
2ec3766a-deaf-4231-b6ed-b05755ad9a5b	allow_email	\\x74727565	2017-02-08 12:48:05.314812
9b6dd072-7c42-4f0b-a1f2-19a01bb10e29	allow_email	\\x66616c7365	2017-02-08 12:33:50.492043
439c5f59-6e1d-4c06-aeaa-a3db85bee0d8	last_name	\\x4b6f65686c6572	2017-02-08 13:14:32.282772
439c5f59-6e1d-4c06-aeaa-a3db85bee0d8	allow_email	\\x74727565	2017-02-08 13:14:32.284344
439c5f59-6e1d-4c06-aeaa-a3db85bee0d8	allow_posts	\\x74727565	2017-02-08 13:14:32.285767
baaabefa-010f-4656-881d-f951dd245db9	facebook	\\x68747470733a2f2f66616365626f6f6b2e636f6d2f31373932373437333837363534313938	2017-02-08 13:15:56.774481
baaabefa-010f-4656-881d-f951dd245db9	photo	\\x68747470733a2f2f67726170682e66616365626f6f6b2e636f6d2f313739323734373338373635343139382f706963747572653f77696474683d31303030	2017-02-08 13:15:56.7766
baaabefa-010f-4656-881d-f951dd245db9	photo_thumb	\\x68747470733a2f2f67726170682e66616365626f6f6b2e636f6d2f313739323734373338373635343139382f706963747572653f77696474683d333030266865696768743d333030	2017-02-08 13:15:56.77788
baaabefa-010f-4656-881d-f951dd245db9	first_name	\\x48756e746572	2017-02-08 13:15:56.77918
baaabefa-010f-4656-881d-f951dd245db9	last_name	\\x576174657273	2017-02-08 13:15:56.780439
baaabefa-010f-4656-881d-f951dd245db9	allow_email	\\x74727565	2017-02-08 13:15:56.781741
baaabefa-010f-4656-881d-f951dd245db9	allow_posts	\\x74727565	2017-02-08 13:15:56.783088
ebffae00-4db8-470e-8cd3-d1115e7bf716	facebook	\\x68747470733a2f2f66616365626f6f6b2e636f6d2f31333635323736313130323033393536	2017-02-08 13:18:54.620736
ebffae00-4db8-470e-8cd3-d1115e7bf716	first_name	\\x416d616e6461	2017-02-08 13:18:54.628595
ebffae00-4db8-470e-8cd3-d1115e7bf716	last_name	\\x4964696e6765	2017-02-08 13:18:54.630281
ebffae00-4db8-470e-8cd3-d1115e7bf716	allow_posts	\\x74727565	2017-02-08 13:18:54.633653
4b491bbc-e94f-44fc-aa88-ad52ffeb7a91	facebook	\\x68747470733a2f2f66616365626f6f6b2e636f6d2f3130323130323532333435363738323134	2017-02-08 13:28:53.495473
4b491bbc-e94f-44fc-aa88-ad52ffeb7a91	photo	\\x68747470733a2f2f67726170682e66616365626f6f6b2e636f6d2f31303231303235323334353637383231342f706963747572653f77696474683d31303030	2017-02-08 13:28:53.499669
4b491bbc-e94f-44fc-aa88-ad52ffeb7a91	photo_thumb	\\x68747470733a2f2f67726170682e66616365626f6f6b2e636f6d2f31303231303235323334353637383231342f706963747572653f77696474683d333030266865696768743d333030	2017-02-08 13:28:53.501834
4b491bbc-e94f-44fc-aa88-ad52ffeb7a91	first_name	\\x4b796c6965	2017-02-08 13:28:53.503464
4b491bbc-e94f-44fc-aa88-ad52ffeb7a91	last_name	\\x5061756c	2017-02-08 13:28:53.505214
4b491bbc-e94f-44fc-aa88-ad52ffeb7a91	allow_email	\\x74727565	2017-02-08 13:28:53.506908
4b491bbc-e94f-44fc-aa88-ad52ffeb7a91	allow_posts	\\x74727565	2017-02-08 13:28:53.50869
e2e50bf7-914a-4dfb-bd57-2d88f6d18f9e	facebook	\\x68747470733a2f2f66616365626f6f6b2e636f6d2f3130323131343833343635333337363837	2017-02-08 14:03:45.419057
e2e50bf7-914a-4dfb-bd57-2d88f6d18f9e	first_name	\\x52616368656c	2017-02-08 14:03:45.433287
e2e50bf7-914a-4dfb-bd57-2d88f6d18f9e	last_name	\\x436f68656e	2017-02-08 14:03:45.437015
e2e50bf7-914a-4dfb-bd57-2d88f6d18f9e	allow_posts	\\x74727565	2017-02-08 14:03:45.444325
40e3e37c-21ae-4532-aac2-1fc73f4d896a	facebook	\\x68747470733a2f2f66616365626f6f6b2e636f6d2f3130323039353935303232363039363334	2017-02-08 14:05:09.432041
40e3e37c-21ae-4532-aac2-1fc73f4d896a	first_name	\\x526f62626965	2017-02-08 14:05:09.439263
40e3e37c-21ae-4532-aac2-1fc73f4d896a	last_name	\\x52656564	2017-02-08 14:05:09.44093
40e3e37c-21ae-4532-aac2-1fc73f4d896a	allow_posts	\\x74727565	2017-02-08 14:05:09.444059
9994cfcc-e3a1-4e56-a490-221305c455fd	facebook	\\x68747470733a2f2f66616365626f6f6b2e636f6d2f31303631323132343130363738383636	2017-02-08 14:06:54.788812
9994cfcc-e3a1-4e56-a490-221305c455fd	photo	\\x68747470733a2f2f67726170682e66616365626f6f6b2e636f6d2f313036313231323431303637383836362f706963747572653f77696474683d31303030	2017-02-08 14:06:54.791599
9994cfcc-e3a1-4e56-a490-221305c455fd	photo_thumb	\\x68747470733a2f2f67726170682e66616365626f6f6b2e636f6d2f313036313231323431303637383836362f706963747572653f77696474683d333030266865696768743d333030	2017-02-08 14:06:54.793078
9994cfcc-e3a1-4e56-a490-221305c455fd	first_name	\\x416e6e6965	2017-02-08 14:06:54.794563
9994cfcc-e3a1-4e56-a490-221305c455fd	last_name	\\x437269736572	2017-02-08 14:06:54.795904
9994cfcc-e3a1-4e56-a490-221305c455fd	allow_posts	\\x74727565	2017-02-08 14:06:54.79864
9b6dd072-7c42-4f0b-a1f2-19a01bb10e29	allow_post	\\x66616c7365	2017-02-08 14:12:10.717839
63a60da6-b08c-4b57-9344-8cb41a14caa5	facebook	\\x68747470733a2f2f66616365626f6f6b2e636f6d2f343033313330323433333636393236	2017-02-08 14:16:56.194817
63a60da6-b08c-4b57-9344-8cb41a14caa5	first_name	\\x4772616365	2017-02-08 14:16:56.202082
63a60da6-b08c-4b57-9344-8cb41a14caa5	last_name	\\x4d7572726179	2017-02-08 14:16:56.203688
63a60da6-b08c-4b57-9344-8cb41a14caa5	allow_posts	\\x74727565	2017-02-08 14:16:56.206457
febee2be-4c07-43f5-b57e-c4ec21cd3a30	facebook	\\x68747470733a2f2f66616365626f6f6b2e636f6d2f31343236343232353637333930393033	2017-02-08 14:23:30.194614
febee2be-4c07-43f5-b57e-c4ec21cd3a30	photo	\\x68747470733a2f2f67726170682e66616365626f6f6b2e636f6d2f313432363432323536373339303930332f706963747572653f77696474683d31303030	2017-02-08 14:23:30.196885
febee2be-4c07-43f5-b57e-c4ec21cd3a30	photo_thumb	\\x68747470733a2f2f67726170682e66616365626f6f6b2e636f6d2f313432363432323536373339303930332f706963747572653f77696474683d333030266865696768743d333030	2017-02-08 14:23:30.198263
febee2be-4c07-43f5-b57e-c4ec21cd3a30	first_name	\\x416d616e6461	2017-02-08 14:23:30.199654
febee2be-4c07-43f5-b57e-c4ec21cd3a30	last_name	\\x536172626579	2017-02-08 14:23:30.201031
febee2be-4c07-43f5-b57e-c4ec21cd3a30	allow_email	\\x74727565	2017-02-08 14:23:30.202287
febee2be-4c07-43f5-b57e-c4ec21cd3a30	allow_posts	\\x74727565	2017-02-08 14:23:30.203639
342b6e50-99fd-4ba9-87be-57f12168c89c	facebook	\\x68747470733a2f2f66616365626f6f6b2e636f6d2f31323232303334333237383436323839	2017-02-08 14:24:08.10797
342b6e50-99fd-4ba9-87be-57f12168c89c	photo	\\x68747470733a2f2f67726170682e66616365626f6f6b2e636f6d2f313232323033343332373834363238392f706963747572653f77696474683d31303030	2017-02-08 14:24:08.109933
342b6e50-99fd-4ba9-87be-57f12168c89c	photo_thumb	\\x68747470733a2f2f67726170682e66616365626f6f6b2e636f6d2f313232323033343332373834363238392f706963747572653f77696474683d333030266865696768743d333030	2017-02-08 14:24:08.11388
342b6e50-99fd-4ba9-87be-57f12168c89c	first_name	\\x4d69636861656c	2017-02-08 14:24:08.116153
342b6e50-99fd-4ba9-87be-57f12168c89c	last_name	\\x4261636b737472616e64	2017-02-08 14:24:08.117485
342b6e50-99fd-4ba9-87be-57f12168c89c	allow_email	\\x74727565	2017-02-08 14:24:08.118871
342b6e50-99fd-4ba9-87be-57f12168c89c	allow_posts	\\x74727565	2017-02-08 14:24:08.120261
9ca22649-2f29-45a4-801f-3fd278b4c1c0	facebook	\\x68747470733a2f2f66616365626f6f6b2e636f6d2f31353238393032343330343732303032	2017-02-08 14:33:23.059949
9ca22649-2f29-45a4-801f-3fd278b4c1c0	photo	\\x68747470733a2f2f67726170682e66616365626f6f6b2e636f6d2f313532383930323433303437323030322f706963747572653f77696474683d31303030	2017-02-08 14:33:23.065898
9ca22649-2f29-45a4-801f-3fd278b4c1c0	photo_thumb	\\x68747470733a2f2f67726170682e66616365626f6f6b2e636f6d2f313532383930323433303437323030322f706963747572653f77696474683d333030266865696768743d333030	2017-02-08 14:33:23.069098
9ca22649-2f29-45a4-801f-3fd278b4c1c0	first_name	\\x436f6e726164	2017-02-08 14:33:23.072589
9ca22649-2f29-45a4-801f-3fd278b4c1c0	last_name	\\x41676572	2017-02-08 14:33:23.076293
9ca22649-2f29-45a4-801f-3fd278b4c1c0	allow_email	\\x74727565	2017-02-08 14:33:23.080095
9ca22649-2f29-45a4-801f-3fd278b4c1c0	allow_posts	\\x74727565	2017-02-08 14:33:23.083792
aa51a2e0-9f74-460c-8b1b-e8294d5301ce	facebook	\\x68747470733a2f2f66616365626f6f6b2e636f6d2f3130323130393237373332393433383131	2017-02-08 14:38:59.044713
63a60da6-b08c-4b57-9344-8cb41a14caa5	photo	\\x68747470733a2f2f67726170682e66616365626f6f6b2e636f6d2f3430333133303234333336363932362f706963747572653f77696474683d31303030	2017-02-08 14:16:56.198433
63a60da6-b08c-4b57-9344-8cb41a14caa5	photo_thumb	\\x68747470733a2f2f67726170682e66616365626f6f6b2e636f6d2f3430333133303234333336363932362f706963747572653f77696474683d333030266865696768743d333030	2017-02-08 14:16:56.200255
40e3e37c-21ae-4532-aac2-1fc73f4d896a	photo	\\x68747470733a2f2f67726170682e66616365626f6f6b2e636f6d2f31303230393539353032323630393633342f706963747572653f77696474683d31303030	2017-02-08 14:05:09.436064
40e3e37c-21ae-4532-aac2-1fc73f4d896a	photo_thumb	\\x68747470733a2f2f67726170682e66616365626f6f6b2e636f6d2f31303230393539353032323630393633342f706963747572653f77696474683d333030266865696768743d333030	2017-02-08 14:05:09.437669
40e3e37c-21ae-4532-aac2-1fc73f4d896a	allow_email	\\x74727565	2017-02-08 14:05:09.44252
e2e50bf7-914a-4dfb-bd57-2d88f6d18f9e	photo	\\x68747470733a2f2f67726170682e66616365626f6f6b2e636f6d2f31303231313438333436353333373638372f706963747572653f77696474683d31303030	2017-02-08 14:03:45.425339
00430266-b81a-4640-afcb-e0b7d6c21802	photo	\\x68747470733a2f2f67726170682e66616365626f6f6b2e636f6d2f313836343235343932333739303734302f706963747572653f77696474683d31303030	2017-02-08 09:04:49.371251
00430266-b81a-4640-afcb-e0b7d6c21802	photo_thumb	\\x68747470733a2f2f67726170682e66616365626f6f6b2e636f6d2f313836343235343932333739303734302f706963747572653f77696474683d333030266865696768743d333030	2017-02-08 09:04:49.375228
e2e50bf7-914a-4dfb-bd57-2d88f6d18f9e	photo_thumb	\\x68747470733a2f2f67726170682e66616365626f6f6b2e636f6d2f31303231313438333436353333373638372f706963747572653f77696474683d333030266865696768743d333030	2017-02-08 14:03:45.429398
e2e50bf7-914a-4dfb-bd57-2d88f6d18f9e	allow_email	\\x74727565	2017-02-08 14:03:45.440822
ebffae00-4db8-470e-8cd3-d1115e7bf716	photo	\\x68747470733a2f2f67726170682e66616365626f6f6b2e636f6d2f313336353237363131303230333935362f706963747572653f77696474683d31303030	2017-02-08 13:18:54.624822
ebffae00-4db8-470e-8cd3-d1115e7bf716	photo_thumb	\\x68747470733a2f2f67726170682e66616365626f6f6b2e636f6d2f313336353237363131303230333935362f706963747572653f77696474683d333030266865696768743d333030	2017-02-08 13:18:54.626402
ebffae00-4db8-470e-8cd3-d1115e7bf716	allow_email	\\x74727565	2017-02-08 13:18:54.631833
9994cfcc-e3a1-4e56-a490-221305c455fd	allow_email	\\x66616c7365	2017-02-08 14:06:54.797229
f35992ee-8e01-422f-b291-7ef7d7ac672a	photo	\\x68747470733a2f2f67726170682e66616365626f6f6b2e636f6d2f313530393338373632323432373935342f706963747572653f77696474683d31303030	2017-02-08 12:36:33.707392
f35992ee-8e01-422f-b291-7ef7d7ac672a	photo_thumb	\\x68747470733a2f2f67726170682e66616365626f6f6b2e636f6d2f313530393338373632323432373935342f706963747572653f77696474683d333030266865696768743d333030	2017-02-08 12:36:33.710576
f35992ee-8e01-422f-b291-7ef7d7ac672a	allow_email	\\x74727565	2017-02-08 12:36:33.719852
f35992ee-8e01-422f-b291-7ef7d7ac672a	allow_post	\\x66616c7365	2017-02-08 13:42:28.078743
aa51a2e0-9f74-460c-8b1b-e8294d5301ce	first_name	\\x5361726168	2017-02-08 14:38:59.056203
aa51a2e0-9f74-460c-8b1b-e8294d5301ce	last_name	\\x4279726573	2017-02-08 14:38:59.059644
aa51a2e0-9f74-460c-8b1b-e8294d5301ce	allow_posts	\\x74727565	2017-02-08 14:38:59.066254
aa51a2e0-9f74-460c-8b1b-e8294d5301ce	photo	\\x68747470733a2f2f67726170682e66616365626f6f6b2e636f6d2f31303231303932373733323934333831312f706963747572653f77696474683d31303030	2017-02-08 14:38:59.050146
aa51a2e0-9f74-460c-8b1b-e8294d5301ce	photo_thumb	\\x68747470733a2f2f67726170682e66616365626f6f6b2e636f6d2f31303231303932373733323934333831312f706963747572653f77696474683d333030266865696768743d333030	2017-02-08 14:38:59.053223
aa51a2e0-9f74-460c-8b1b-e8294d5301ce	allow_email	\\x74727565	2017-02-08 14:38:59.062951
aa51a2e0-9f74-460c-8b1b-e8294d5301ce	allow_post	\\x66616c7365	2017-02-08 14:40:04.689974
312bb888-d6a2-49aa-80f0-a5f167958465	facebook	\\x68747470733a2f2f66616365626f6f6b2e636f6d2f3130323131383739343938383932353837	2017-02-08 14:42:16.192105
312bb888-d6a2-49aa-80f0-a5f167958465	photo	\\x68747470733a2f2f67726170682e66616365626f6f6b2e636f6d2f31303231313837393439383839323538372f706963747572653f77696474683d31303030	2017-02-08 14:42:16.194897
312bb888-d6a2-49aa-80f0-a5f167958465	photo_thumb	\\x68747470733a2f2f67726170682e66616365626f6f6b2e636f6d2f31303231313837393439383839323538372f706963747572653f77696474683d333030266865696768743d333030	2017-02-08 14:42:16.196445
312bb888-d6a2-49aa-80f0-a5f167958465	first_name	\\x4a6f6e	2017-02-08 14:42:16.198062
312bb888-d6a2-49aa-80f0-a5f167958465	last_name	\\x4c65	2017-02-08 14:42:16.199579
312bb888-d6a2-49aa-80f0-a5f167958465	allow_email	\\x74727565	2017-02-08 14:42:16.201101
312bb888-d6a2-49aa-80f0-a5f167958465	allow_posts	\\x74727565	2017-02-08 14:42:16.202588
b554c5d8-191d-4a1f-9b5a-df3482b17d8f	facebook	\\x68747470733a2f2f66616365626f6f6b2e636f6d2f363839393532343734353138363836	2017-02-08 14:43:50.427725
b554c5d8-191d-4a1f-9b5a-df3482b17d8f	photo	\\x68747470733a2f2f67726170682e66616365626f6f6b2e636f6d2f3638393935323437343531383638362f706963747572653f77696474683d31303030	2017-02-08 14:43:50.432375
b554c5d8-191d-4a1f-9b5a-df3482b17d8f	photo_thumb	\\x68747470733a2f2f67726170682e66616365626f6f6b2e636f6d2f3638393935323437343531383638362f706963747572653f77696474683d333030266865696768743d333030	2017-02-08 14:43:50.435691
b554c5d8-191d-4a1f-9b5a-df3482b17d8f	first_name	\\x4d61646479	2017-02-08 14:43:50.438928
b554c5d8-191d-4a1f-9b5a-df3482b17d8f	last_name	\\x5469676865	2017-02-08 14:43:50.441995
b554c5d8-191d-4a1f-9b5a-df3482b17d8f	allow_email	\\x74727565	2017-02-08 14:43:50.445033
b554c5d8-191d-4a1f-9b5a-df3482b17d8f	allow_posts	\\x74727565	2017-02-08 14:43:50.447908
a1c9ad72-be97-44a2-a263-f22a8e25f08a	facebook	\\x68747470733a2f2f66616365626f6f6b2e636f6d2f3130323131343231333131363239373435	2017-02-08 14:49:25.269226
a1c9ad72-be97-44a2-a263-f22a8e25f08a	photo	\\x68747470733a2f2f67726170682e66616365626f6f6b2e636f6d2f31303231313432313331313632393734352f706963747572653f77696474683d31303030	2017-02-08 14:49:25.27242
a1c9ad72-be97-44a2-a263-f22a8e25f08a	photo_thumb	\\x68747470733a2f2f67726170682e66616365626f6f6b2e636f6d2f31303231313432313331313632393734352f706963747572653f77696474683d333030266865696768743d333030	2017-02-08 14:49:25.277531
a1c9ad72-be97-44a2-a263-f22a8e25f08a	first_name	\\x4772616365	2017-02-08 14:49:25.279819
a1c9ad72-be97-44a2-a263-f22a8e25f08a	last_name	\\x43617377656c6c	2017-02-08 14:49:25.283437
a1c9ad72-be97-44a2-a263-f22a8e25f08a	allow_email	\\x74727565	2017-02-08 14:49:25.288867
a1c9ad72-be97-44a2-a263-f22a8e25f08a	allow_posts	\\x74727565	2017-02-08 14:49:25.292338
e9a42fe5-bf14-4900-aad5-141fee2e0387	facebook	\\x68747470733a2f2f66616365626f6f6b2e636f6d2f31343139393138373734373035303136	2017-02-08 14:53:31.745771
e9a42fe5-bf14-4900-aad5-141fee2e0387	first_name	\\x4a656e6e79	2017-02-08 14:53:31.752791
e9a42fe5-bf14-4900-aad5-141fee2e0387	last_name	\\x566173696c6f6666	2017-02-08 14:53:31.754801
e9a42fe5-bf14-4900-aad5-141fee2e0387	allow_posts	\\x74727565	2017-02-08 14:53:31.758561
2b540b9d-4cd0-4b39-8170-8b714cea311d	facebook	\\x68747470733a2f2f66616365626f6f6b2e636f6d2f31353534343633333837393031393031	2017-02-08 14:56:56.139872
2b540b9d-4cd0-4b39-8170-8b714cea311d	photo	\\x68747470733a2f2f67726170682e66616365626f6f6b2e636f6d2f313535343436333338373930313930312f706963747572653f77696474683d31303030	2017-02-08 14:56:56.142264
2b540b9d-4cd0-4b39-8170-8b714cea311d	photo_thumb	\\x68747470733a2f2f67726170682e66616365626f6f6b2e636f6d2f313535343436333338373930313930312f706963747572653f77696474683d333030266865696768743d333030	2017-02-08 14:56:56.143769
2b540b9d-4cd0-4b39-8170-8b714cea311d	first_name	\\x5061747269636961	2017-02-08 14:56:56.145216
2b540b9d-4cd0-4b39-8170-8b714cea311d	last_name	\\x576f6a746f7769637a	2017-02-08 14:56:56.146589
2b540b9d-4cd0-4b39-8170-8b714cea311d	allow_email	\\x74727565	2017-02-08 14:56:56.148008
2b540b9d-4cd0-4b39-8170-8b714cea311d	allow_posts	\\x74727565	2017-02-08 14:56:56.149424
ca268aef-8997-4636-bce4-9152784a9e33	facebook	\\x68747470733a2f2f66616365626f6f6b2e636f6d2f31303334343330363836363632393439	2017-02-08 15:02:19.602124
ca268aef-8997-4636-bce4-9152784a9e33	first_name	\\x4173686c6579	2017-02-08 15:02:19.614112
ca268aef-8997-4636-bce4-9152784a9e33	last_name	\\x466973686572	2017-02-08 15:02:19.617796
ca268aef-8997-4636-bce4-9152784a9e33	allow_posts	\\x74727565	2017-02-08 15:02:19.624615
0807166d-2953-4160-abc6-f2566fa38597	photo	\\x68747470733a2f2f67726170682e66616365626f6f6b2e636f6d2f31303231323231333036333338383135322f706963747572653f77696474683d31303030	2017-02-07 10:23:09.639548
0807166d-2953-4160-abc6-f2566fa38597	photo_thumb	\\x68747470733a2f2f67726170682e66616365626f6f6b2e636f6d2f31303231323231333036333338383135322f706963747572653f77696474683d333030266865696768743d333030	2017-02-07 10:23:09.640913
0807166d-2953-4160-abc6-f2566fa38597	allow_post	\\x66616c7365	2017-02-08 15:02:37.293909
ddcd8a7d-eda6-4e0b-9f71-f4c5e9a71970	facebook	\\x68747470733a2f2f66616365626f6f6b2e636f6d2f3130323132343832323335363335373130	2017-02-08 15:04:58.210324
ddcd8a7d-eda6-4e0b-9f71-f4c5e9a71970	photo	\\x68747470733a2f2f67726170682e66616365626f6f6b2e636f6d2f31303231323438323233353633353731302f706963747572653f77696474683d31303030	2017-02-08 15:04:58.213119
ddcd8a7d-eda6-4e0b-9f71-f4c5e9a71970	photo_thumb	\\x68747470733a2f2f67726170682e66616365626f6f6b2e636f6d2f31303231323438323233353633353731302f706963747572653f77696474683d333030266865696768743d333030	2017-02-08 15:04:58.214557
ddcd8a7d-eda6-4e0b-9f71-f4c5e9a71970	first_name	\\x5374657068616e6965	2017-02-08 15:04:58.216085
ddcd8a7d-eda6-4e0b-9f71-f4c5e9a71970	last_name	\\x4b696e63686c61	2017-02-08 15:04:58.217323
ddcd8a7d-eda6-4e0b-9f71-f4c5e9a71970	allow_email	\\x74727565	2017-02-08 15:04:58.218793
ddcd8a7d-eda6-4e0b-9f71-f4c5e9a71970	allow_posts	\\x74727565	2017-02-08 15:04:58.220506
e9a42fe5-bf14-4900-aad5-141fee2e0387	photo	\\x68747470733a2f2f67726170682e66616365626f6f6b2e636f6d2f313431393931383737343730353031362f706963747572653f77696474683d31303030	2017-02-08 14:53:31.7492
e9a42fe5-bf14-4900-aad5-141fee2e0387	photo_thumb	\\x68747470733a2f2f67726170682e66616365626f6f6b2e636f6d2f313431393931383737343730353031362f706963747572653f77696474683d333030266865696768743d333030	2017-02-08 14:53:31.750968
e9a42fe5-bf14-4900-aad5-141fee2e0387	allow_email	\\x74727565	2017-02-08 14:53:31.756634
e9a42fe5-bf14-4900-aad5-141fee2e0387	allow_post	\\x66616c7365	2017-02-08 15:06:35.834922
55d85251-51db-4732-ad30-44d8c5042243	facebook	\\x68747470733a2f2f66616365626f6f6b2e636f6d2f31333934333737353937323530313739	2017-02-08 15:07:53.536126
55d85251-51db-4732-ad30-44d8c5042243	photo	\\x68747470733a2f2f67726170682e66616365626f6f6b2e636f6d2f313339343337373539373235303137392f706963747572653f77696474683d31303030	2017-02-08 15:07:53.541959
55d85251-51db-4732-ad30-44d8c5042243	photo_thumb	\\x68747470733a2f2f67726170682e66616365626f6f6b2e636f6d2f313339343337373539373235303137392f706963747572653f77696474683d333030266865696768743d333030	2017-02-08 15:07:53.546761
55d85251-51db-4732-ad30-44d8c5042243	first_name	\\x436f6c65	2017-02-08 15:07:53.554288
55d85251-51db-4732-ad30-44d8c5042243	last_name	\\x466965646c6572	2017-02-08 15:07:53.558635
55d85251-51db-4732-ad30-44d8c5042243	allow_email	\\x74727565	2017-02-08 15:07:53.562689
55d85251-51db-4732-ad30-44d8c5042243	allow_posts	\\x74727565	2017-02-08 15:07:53.565645
661af839-f34b-4d85-ab6d-dd7aeb6c8c62	facebook	\\x68747470733a2f2f66616365626f6f6b2e636f6d2f31373538383130363837343737393434	2017-02-08 15:09:14.775865
661af839-f34b-4d85-ab6d-dd7aeb6c8c62	first_name	\\x4d6172792042657468	2017-02-08 15:09:14.780385
661af839-f34b-4d85-ab6d-dd7aeb6c8c62	last_name	\\x43616d7062656c6c	2017-02-08 15:09:14.781603
661af839-f34b-4d85-ab6d-dd7aeb6c8c62	allow_posts	\\x74727565	2017-02-08 15:09:14.784251
85dda92a-6bd8-45ef-b300-c5037fe9d43b	facebook	\\x68747470733a2f2f66616365626f6f6b2e636f6d2f31353838323535333931313837393735	2017-02-08 15:14:58.187399
85dda92a-6bd8-45ef-b300-c5037fe9d43b	first_name	\\x4b61746965	2017-02-08 15:14:58.194451
85dda92a-6bd8-45ef-b300-c5037fe9d43b	last_name	\\x4b696d736579	2017-02-08 15:14:58.195942
85dda92a-6bd8-45ef-b300-c5037fe9d43b	allow_posts	\\x74727565	2017-02-08 15:14:58.199277
661af839-f34b-4d85-ab6d-dd7aeb6c8c62	photo	\\x68747470733a2f2f67726170682e66616365626f6f6b2e636f6d2f313735383831303638373437373934342f706963747572653f77696474683d31303030	2017-02-08 15:09:14.777843
661af839-f34b-4d85-ab6d-dd7aeb6c8c62	photo_thumb	\\x68747470733a2f2f67726170682e66616365626f6f6b2e636f6d2f313735383831303638373437373934342f706963747572653f77696474683d333030	2017-02-08 15:09:14.779097
661af839-f34b-4d85-ab6d-dd7aeb6c8c62	allow_email	\\x74727565	2017-02-08 15:09:14.782901
6d3c8d08-025a-4e29-9c2e-d05dd910d3b2	facebook	\\x68747470733a2f2f66616365626f6f6b2e636f6d2f31363138333932333131353039343636	2017-02-08 15:31:34.983192
6d3c8d08-025a-4e29-9c2e-d05dd910d3b2	photo	\\x68747470733a2f2f67726170682e66616365626f6f6b2e636f6d2f313631383339323331313530393436362f706963747572653f77696474683d31303030	2017-02-08 15:31:34.986633
6d3c8d08-025a-4e29-9c2e-d05dd910d3b2	photo_thumb	\\x68747470733a2f2f67726170682e66616365626f6f6b2e636f6d2f313631383339323331313530393436362f706963747572653f77696474683d333030266865696768743d333030	2017-02-08 15:31:34.988377
85dda92a-6bd8-45ef-b300-c5037fe9d43b	photo	\\x68747470733a2f2f67726170682e66616365626f6f6b2e636f6d2f313538383235353339313138373937352f706963747572653f77696474683d31303030	2017-02-08 15:14:58.191323
85dda92a-6bd8-45ef-b300-c5037fe9d43b	photo_thumb	\\x68747470733a2f2f67726170682e66616365626f6f6b2e636f6d2f313538383235353339313138373937352f706963747572653f77696474683d333030266865696768743d333030	2017-02-08 15:14:58.192893
0807166d-2953-4160-abc6-f2566fa38597	allow_email	\\x66616c7365	2017-02-07 10:23:09.645467
6d3c8d08-025a-4e29-9c2e-d05dd910d3b2	first_name	\\x526f6e6e6965	2017-02-08 15:31:34.99003
6d3c8d08-025a-4e29-9c2e-d05dd910d3b2	last_name	\\x4865696e6b656c	2017-02-08 15:31:34.991916
6d3c8d08-025a-4e29-9c2e-d05dd910d3b2	allow_email	\\x74727565	2017-02-08 15:31:34.99378
6d3c8d08-025a-4e29-9c2e-d05dd910d3b2	allow_posts	\\x74727565	2017-02-08 15:31:34.995636
b5e9c4cb-3d36-4959-b355-63a35b3b9fbb	facebook	\\x68747470733a2f2f66616365626f6f6b2e636f6d2f3130323036313937303931303035373031	2017-02-08 15:33:42.805078
b5e9c4cb-3d36-4959-b355-63a35b3b9fbb	photo	\\x68747470733a2f2f67726170682e66616365626f6f6b2e636f6d2f31303230363139373039313030353730312f706963747572653f77696474683d31303030	2017-02-08 15:33:42.810119
b5e9c4cb-3d36-4959-b355-63a35b3b9fbb	photo_thumb	\\x68747470733a2f2f67726170682e66616365626f6f6b2e636f6d2f31303230363139373039313030353730312f706963747572653f77696474683d333030266865696768743d333030	2017-02-08 15:33:42.813782
b5e9c4cb-3d36-4959-b355-63a35b3b9fbb	first_name	\\x53616d616e746861	2017-02-08 15:33:42.817585
b5e9c4cb-3d36-4959-b355-63a35b3b9fbb	last_name	\\x526567756c61	2017-02-08 15:33:42.821142
b5e9c4cb-3d36-4959-b355-63a35b3b9fbb	allow_email	\\x74727565	2017-02-08 15:33:42.825385
b5e9c4cb-3d36-4959-b355-63a35b3b9fbb	allow_posts	\\x74727565	2017-02-08 15:33:42.829251
e8526afb-55fd-42d2-a892-186958de9bc7	facebook	\\x68747470733a2f2f66616365626f6f6b2e636f6d2f31333830333133333635333234393632	2017-02-08 17:40:54.0594
e8526afb-55fd-42d2-a892-186958de9bc7	first_name	\\x436872697374696e65	2017-02-08 17:40:54.076392
e8526afb-55fd-42d2-a892-186958de9bc7	last_name	\\x4a6f73657068	2017-02-08 17:40:54.078247
e8526afb-55fd-42d2-a892-186958de9bc7	allow_posts	\\x74727565	2017-02-08 17:40:54.082123
5acc17ab-6c7a-499d-bbd2-5a275f78382b	facebook	\\x68747470733a2f2f66616365626f6f6b2e636f6d2f3130323130343136363131373233353138	2017-02-08 18:13:41.926379
5acc17ab-6c7a-499d-bbd2-5a275f78382b	photo	\\x68747470733a2f2f67726170682e66616365626f6f6b2e636f6d2f31303231303431363631313732333531382f706963747572653f77696474683d31303030	2017-02-08 18:13:41.933677
5acc17ab-6c7a-499d-bbd2-5a275f78382b	photo_thumb	\\x68747470733a2f2f67726170682e66616365626f6f6b2e636f6d2f31303231303431363631313732333531382f706963747572653f77696474683d333030266865696768743d333030	2017-02-08 18:13:41.937349
5acc17ab-6c7a-499d-bbd2-5a275f78382b	first_name	\\x54686f6d6173	2017-02-08 18:13:41.941639
5acc17ab-6c7a-499d-bbd2-5a275f78382b	last_name	\\x52616c65696768	2017-02-08 18:13:41.945964
5acc17ab-6c7a-499d-bbd2-5a275f78382b	allow_email	\\x74727565	2017-02-08 18:13:41.9507
5acc17ab-6c7a-499d-bbd2-5a275f78382b	allow_posts	\\x74727565	2017-02-08 18:13:41.954825
6cbfb64c-aa72-403c-af29-2d33424b11cc	facebook	\\x68747470733a2f2f66616365626f6f6b2e636f6d2f3130323037323533383836333339383437	2017-02-08 18:48:04.493376
6cbfb64c-aa72-403c-af29-2d33424b11cc	photo	\\x68747470733a2f2f67726170682e66616365626f6f6b2e636f6d2f31303230373235333838363333393834372f706963747572653f77696474683d31303030	2017-02-08 18:48:04.496422
6cbfb64c-aa72-403c-af29-2d33424b11cc	photo_thumb	\\x68747470733a2f2f67726170682e66616365626f6f6b2e636f6d2f31303230373235333838363333393834372f706963747572653f77696474683d333030266865696768743d333030	2017-02-08 18:48:04.498196
6cbfb64c-aa72-403c-af29-2d33424b11cc	first_name	\\x4d616469736f6e	2017-02-08 18:48:04.500115
6cbfb64c-aa72-403c-af29-2d33424b11cc	last_name	\\x477261737479	2017-02-08 18:48:04.50173
6cbfb64c-aa72-403c-af29-2d33424b11cc	allow_email	\\x74727565	2017-02-08 18:48:04.503282
6cbfb64c-aa72-403c-af29-2d33424b11cc	allow_posts	\\x74727565	2017-02-08 18:48:04.504901
ad28c7a6-4230-4e53-80c6-4ba5dbf39007	facebook	\\x68747470733a2f2f66616365626f6f6b2e636f6d2f31363132373739393835343135323833	2017-02-08 18:50:59.724826
ad28c7a6-4230-4e53-80c6-4ba5dbf39007	first_name	\\x4c697a7a6565	2017-02-08 18:50:59.732778
ad28c7a6-4230-4e53-80c6-4ba5dbf39007	last_name	\\x4c6f686d616e6e	2017-02-08 18:50:59.734575
ad28c7a6-4230-4e53-80c6-4ba5dbf39007	allow_posts	\\x74727565	2017-02-08 18:50:59.738027
25c4532f-b113-439a-8ff5-5e05d66ea33f	facebook	\\x68747470733a2f2f66616365626f6f6b2e636f6d2f3130323036373332303033343533373431	2017-02-08 19:09:32.273985
25c4532f-b113-439a-8ff5-5e05d66ea33f	photo	\\x68747470733a2f2f67726170682e66616365626f6f6b2e636f6d2f31303230363733323030333435333734312f706963747572653f77696474683d31303030	2017-02-08 19:09:32.282438
25c4532f-b113-439a-8ff5-5e05d66ea33f	photo_thumb	\\x68747470733a2f2f67726170682e66616365626f6f6b2e636f6d2f31303230363733323030333435333734312f706963747572653f77696474683d333030266865696768743d333030	2017-02-08 19:09:32.286839
25c4532f-b113-439a-8ff5-5e05d66ea33f	first_name	\\x4a6577656c6961	2017-02-08 19:09:32.292796
25c4532f-b113-439a-8ff5-5e05d66ea33f	last_name	\\x53746576656e73	2017-02-08 19:09:32.298729
25c4532f-b113-439a-8ff5-5e05d66ea33f	allow_email	\\x74727565	2017-02-08 19:09:32.303049
25c4532f-b113-439a-8ff5-5e05d66ea33f	allow_posts	\\x74727565	2017-02-08 19:09:32.308431
293262a5-1834-4910-a1cf-a3b1fb667141	facebook	\\x68747470733a2f2f66616365626f6f6b2e636f6d2f31333238323831303537323138383738	2017-02-08 19:38:21.396489
293262a5-1834-4910-a1cf-a3b1fb667141	first_name	\\x416e61	2017-02-08 19:38:21.403057
293262a5-1834-4910-a1cf-a3b1fb667141	last_name	\\x4761627269656c6c65	2017-02-08 19:38:21.404966
293262a5-1834-4910-a1cf-a3b1fb667141	allow_posts	\\x74727565	2017-02-08 19:38:21.407849
293262a5-1834-4910-a1cf-a3b1fb667141	photo	\\x68747470733a2f2f67726170682e66616365626f6f6b2e636f6d2f313332383238313035373231383837382f706963747572653f77696474683d31303030	2017-02-08 19:38:21.399912
293262a5-1834-4910-a1cf-a3b1fb667141	photo_thumb	\\x68747470733a2f2f67726170682e66616365626f6f6b2e636f6d2f313332383238313035373231383837382f706963747572653f77696474683d333030266865696768743d333030	2017-02-08 19:38:21.40158
293262a5-1834-4910-a1cf-a3b1fb667141	allow_email	\\x74727565	2017-02-08 19:38:21.406383
293262a5-1834-4910-a1cf-a3b1fb667141	allow_post	\\x66616c7365	2017-02-08 19:38:59.167603
2106f0ec-ca4d-4f32-bae3-19caae3ff69e	facebook	\\x68747470733a2f2f66616365626f6f6b2e636f6d2f31353433333038333135363939303033	2017-02-08 20:30:59.628177
2106f0ec-ca4d-4f32-bae3-19caae3ff69e	first_name	\\x416c79737361	2017-02-08 20:30:59.64011
2106f0ec-ca4d-4f32-bae3-19caae3ff69e	last_name	\\x536b727964	2017-02-08 20:30:59.64169
2106f0ec-ca4d-4f32-bae3-19caae3ff69e	allow_posts	\\x74727565	2017-02-08 20:30:59.644926
2106f0ec-ca4d-4f32-bae3-19caae3ff69e	photo	\\x68747470733a2f2f67726170682e66616365626f6f6b2e636f6d2f313534333330383331353639393030332f706963747572653f77696474683d31303030	2017-02-08 20:30:59.635712
2106f0ec-ca4d-4f32-bae3-19caae3ff69e	photo_thumb	\\x68747470733a2f2f67726170682e66616365626f6f6b2e636f6d2f313534333330383331353639393030332f706963747572653f77696474683d333030	2017-02-08 20:30:59.638261
2106f0ec-ca4d-4f32-bae3-19caae3ff69e	allow_email	\\x74727565	2017-02-08 20:30:59.643405
3a5ae02f-6193-4c73-9c5b-e76ac0ca996b	facebook	\\x68747470733a2f2f66616365626f6f6b2e636f6d2f31363035373839343336313032323536	2017-02-08 20:33:57.98686
3a5ae02f-6193-4c73-9c5b-e76ac0ca996b	photo	\\x68747470733a2f2f67726170682e66616365626f6f6b2e636f6d2f313630353738393433363130323235362f706963747572653f77696474683d31303030	2017-02-08 20:33:57.991389
3a5ae02f-6193-4c73-9c5b-e76ac0ca996b	photo_thumb	\\x68747470733a2f2f67726170682e66616365626f6f6b2e636f6d2f313630353738393433363130323235362f706963747572653f77696474683d333030266865696768743d333030	2017-02-08 20:33:57.993794
3a5ae02f-6193-4c73-9c5b-e76ac0ca996b	first_name	\\x53617261	2017-02-08 20:33:57.99583
3a5ae02f-6193-4c73-9c5b-e76ac0ca996b	last_name	\\x4272656e6e6572	2017-02-08 20:33:57.997702
3a5ae02f-6193-4c73-9c5b-e76ac0ca996b	allow_email	\\x74727565	2017-02-08 20:33:58.002538
3a5ae02f-6193-4c73-9c5b-e76ac0ca996b	allow_posts	\\x74727565	2017-02-08 20:33:58.005236
6081748a-1434-4361-96b8-613aa5a6f9ed	allow_posts	\\x74727565	2017-02-08 21:03:02.056451
0dc60f0c-6087-4544-8231-7b10fd78faf5	facebook	\\x68747470733a2f2f66616365626f6f6b2e636f6d2f3130323038383331333333343834353730	2017-02-08 21:13:55.99803
0dc60f0c-6087-4544-8231-7b10fd78faf5	photo	\\x68747470733a2f2f67726170682e66616365626f6f6b2e636f6d2f31303230383833313333333438343537302f706963747572653f77696474683d31303030	2017-02-08 21:13:56.000819
2106f0ec-ca4d-4f32-bae3-19caae3ff69e	allow_post	\\x66616c7365	2017-02-08 20:46:05.766892
6081748a-1434-4361-96b8-613aa5a6f9ed	facebook	\\x68747470733a2f2f66616365626f6f6b2e636f6d2f31353438313234363038353438393238	2017-02-08 21:03:02.04351
6081748a-1434-4361-96b8-613aa5a6f9ed	photo	\\x68747470733a2f2f67726170682e66616365626f6f6b2e636f6d2f313534383132343630383534383932382f706963747572653f77696474683d31303030	2017-02-08 21:03:02.04726
6081748a-1434-4361-96b8-613aa5a6f9ed	photo_thumb	\\x68747470733a2f2f67726170682e66616365626f6f6b2e636f6d2f313534383132343630383534383932382f706963747572653f77696474683d333030266865696768743d333030	2017-02-08 21:03:02.049551
6081748a-1434-4361-96b8-613aa5a6f9ed	first_name	\\x416e64726577	2017-02-08 21:03:02.051485
6081748a-1434-4361-96b8-613aa5a6f9ed	last_name	\\x4a656e73656e	2017-02-08 21:03:02.053101
6081748a-1434-4361-96b8-613aa5a6f9ed	allow_email	\\x74727565	2017-02-08 21:03:02.054829
0dc60f0c-6087-4544-8231-7b10fd78faf5	photo_thumb	\\x68747470733a2f2f67726170682e66616365626f6f6b2e636f6d2f31303230383833313333333438343537302f706963747572653f77696474683d333030266865696768743d333030	2017-02-08 21:13:56.002563
0dc60f0c-6087-4544-8231-7b10fd78faf5	first_name	\\x43686c6f65	2017-02-08 21:13:56.004269
0dc60f0c-6087-4544-8231-7b10fd78faf5	last_name	\\x42757267657373	2017-02-08 21:13:56.005802
0dc60f0c-6087-4544-8231-7b10fd78faf5	allow_email	\\x74727565	2017-02-08 21:13:56.009386
0dc60f0c-6087-4544-8231-7b10fd78faf5	allow_posts	\\x74727565	2017-02-08 21:13:56.01141
eebbedbb-eb62-4f11-901e-966d3a11cd7a	facebook	\\x68747470733a2f2f66616365626f6f6b2e636f6d2f31343339333437313639343130303837	2017-02-08 21:31:39.333472
ad28c7a6-4230-4e53-80c6-4ba5dbf39007	photo	\\x68747470733a2f2f67726170682e66616365626f6f6b2e636f6d2f313631323737393938353431353238332f706963747572653f77696474683d31303030	2017-02-08 18:50:59.728816
ad28c7a6-4230-4e53-80c6-4ba5dbf39007	photo_thumb	\\x68747470733a2f2f67726170682e66616365626f6f6b2e636f6d2f313631323737393938353431353238332f706963747572653f77696474683d333030266865696768743d333030	2017-02-08 18:50:59.730894
eebbedbb-eb62-4f11-901e-966d3a11cd7a	photo	\\x68747470733a2f2f67726170682e66616365626f6f6b2e636f6d2f313433393334373136393431303038372f706963747572653f77696474683d31303030	2017-02-08 21:31:39.342974
eebbedbb-eb62-4f11-901e-966d3a11cd7a	photo_thumb	\\x68747470733a2f2f67726170682e66616365626f6f6b2e636f6d2f313433393334373136393431303038372f706963747572653f77696474683d333030266865696768743d333030	2017-02-08 21:31:39.346209
0e3328a4-1f2b-4a66-a270-af7fd6929cda	facebook	\\x68747470733a2f2f66616365626f6f6b2e636f6d2f3130323131363331303138373439353135	2017-02-08 21:33:10.467692
0e3328a4-1f2b-4a66-a270-af7fd6929cda	photo	\\x68747470733a2f2f67726170682e66616365626f6f6b2e636f6d2f31303231313633313031383734393531352f706963747572653f77696474683d31303030	2017-02-08 21:33:10.470347
0e3328a4-1f2b-4a66-a270-af7fd6929cda	photo_thumb	\\x68747470733a2f2f67726170682e66616365626f6f6b2e636f6d2f31303231313633313031383734393531352f706963747572653f77696474683d333030266865696768743d333030	2017-02-08 21:33:10.472009
0e3328a4-1f2b-4a66-a270-af7fd6929cda	first_name	\\x52616368656c	2017-02-08 21:33:10.473899
0e3328a4-1f2b-4a66-a270-af7fd6929cda	last_name	\\x41756c64	2017-02-08 21:33:10.475447
0e3328a4-1f2b-4a66-a270-af7fd6929cda	allow_email	\\x74727565	2017-02-08 21:33:10.476767
0e3328a4-1f2b-4a66-a270-af7fd6929cda	allow_posts	\\x74727565	2017-02-08 21:33:10.478102
07f05cc9-d4b5-4fb8-9dd2-e929e7b35dd8	facebook	\\x68747470733a2f2f66616365626f6f6b2e636f6d2f31353531333131333234383835323830	2017-02-08 21:47:07.219991
07f05cc9-d4b5-4fb8-9dd2-e929e7b35dd8	photo	\\x68747470733a2f2f67726170682e66616365626f6f6b2e636f6d2f313535313331313332343838353238302f706963747572653f77696474683d31303030	2017-02-08 21:47:07.225191
07f05cc9-d4b5-4fb8-9dd2-e929e7b35dd8	photo_thumb	\\x68747470733a2f2f67726170682e66616365626f6f6b2e636f6d2f313535313331313332343838353238302f706963747572653f77696474683d333030266865696768743d333030	2017-02-08 21:47:07.228908
07f05cc9-d4b5-4fb8-9dd2-e929e7b35dd8	first_name	\\x52616368656c	2017-02-08 21:47:07.233177
07f05cc9-d4b5-4fb8-9dd2-e929e7b35dd8	last_name	\\x436172746572	2017-02-08 21:47:07.236799
07f05cc9-d4b5-4fb8-9dd2-e929e7b35dd8	allow_posts	\\x74727565	2017-02-08 21:47:07.246537
83bd986a-bc65-4092-8ece-ed37223ddcb3	facebook	\\x68747470733a2f2f66616365626f6f6b2e636f6d2f31343033383532323036333132363433	2017-02-08 22:06:40.178942
83bd986a-bc65-4092-8ece-ed37223ddcb3	first_name	\\x4c756b65	2017-02-08 22:06:40.193364
83bd986a-bc65-4092-8ece-ed37223ddcb3	last_name	\\x4576616e73	2017-02-08 22:06:40.19786
83bd986a-bc65-4092-8ece-ed37223ddcb3	allow_posts	\\x74727565	2017-02-08 22:06:40.205262
fe03af15-debc-431d-b0fa-0015ee1448f2	facebook	\\x68747470733a2f2f66616365626f6f6b2e636f6d2f3130323032353037383532363533333737	2017-02-08 23:49:12.459885
fe03af15-debc-431d-b0fa-0015ee1448f2	photo	\\x68747470733a2f2f67726170682e66616365626f6f6b2e636f6d2f31303230323530373835323635333337372f706963747572653f77696474683d31303030	2017-02-08 23:49:12.471437
fe6d3acf-bbbf-4c96-af82-a78eee9cc0fc	facebook	\\x68747470733a2f2f66616365626f6f6b2e636f6d2f3130323132323730383937363731363131	2017-02-08 22:38:38.343261
fe6d3acf-bbbf-4c96-af82-a78eee9cc0fc	first_name	\\x4c617572656e	2017-02-08 22:38:38.350432
fe6d3acf-bbbf-4c96-af82-a78eee9cc0fc	last_name	\\x4d65616e6579	2017-02-08 22:38:38.352038
fe6d3acf-bbbf-4c96-af82-a78eee9cc0fc	allow_posts	\\x74727565	2017-02-08 22:38:38.36336
63a60da6-b08c-4b57-9344-8cb41a14caa5	allow_email	\\x74727565	2017-02-08 14:16:56.205084
63a60da6-b08c-4b57-9344-8cb41a14caa5	allow_post	\\x66616c7365	2017-02-08 22:26:40.426311
f0ffaa16-4f54-4ffa-83eb-57f2a87c850c	photo	\\x68747470733a2f2f67726170682e66616365626f6f6b2e636f6d2f313236393732343931363431303730332f706963747572653f77696474683d31303030	2017-02-08 09:16:51.760871
f0ffaa16-4f54-4ffa-83eb-57f2a87c850c	photo_thumb	\\x68747470733a2f2f67726170682e66616365626f6f6b2e636f6d2f313236393732343931363431303730332f706963747572653f77696474683d333030266865696768743d333030	2017-02-08 09:16:51.762644
f0ffaa16-4f54-4ffa-83eb-57f2a87c850c	allow_email	\\x74727565	2017-02-08 09:16:51.766883
f0ffaa16-4f54-4ffa-83eb-57f2a87c850c	allow_post	\\x66616c7365	2017-02-08 22:45:42.673103
037c6800-6589-4d58-b9b8-d34324d93f1c	allow_email	\\x74727565	2017-02-08 09:06:21.492689
037c6800-6589-4d58-b9b8-d34324d93f1c	allow_post	\\x66616c7365	2017-02-08 22:47:11.623536
e8526afb-55fd-42d2-a892-186958de9bc7	photo	\\x68747470733a2f2f67726170682e66616365626f6f6b2e636f6d2f313338303331333336353332343936322f706963747572653f77696474683d31303030	2017-02-08 17:40:54.069691
e8526afb-55fd-42d2-a892-186958de9bc7	photo_thumb	\\x68747470733a2f2f67726170682e66616365626f6f6b2e636f6d2f313338303331333336353332343936322f706963747572653f77696474683d333030266865696768743d333030	2017-02-08 17:40:54.074036
e8526afb-55fd-42d2-a892-186958de9bc7	allow_email	\\x74727565	2017-02-08 17:40:54.08036
e8526afb-55fd-42d2-a892-186958de9bc7	allow_post	\\x66616c7365	2017-02-08 22:48:31.597463
c0f4e6b2-bdcd-4538-bafb-75d8729a8ca9	photo	\\x68747470733a2f2f67726170682e66616365626f6f6b2e636f6d2f31303230363938313835313439393239302f706963747572653f77696474683d31303030	2017-02-08 08:58:31.916362
c0f4e6b2-bdcd-4538-bafb-75d8729a8ca9	photo_thumb	\\x68747470733a2f2f67726170682e66616365626f6f6b2e636f6d2f31303230363938313835313439393239302f706963747572653f77696474683d333030266865696768743d333030	2017-02-08 08:58:31.918421
c0f4e6b2-bdcd-4538-bafb-75d8729a8ca9	allow_post	\\x66616c7365	2017-02-08 22:48:51.478868
ad28c7a6-4230-4e53-80c6-4ba5dbf39007	allow_email	\\x74727565	2017-02-08 18:50:59.736347
ad28c7a6-4230-4e53-80c6-4ba5dbf39007	allow_post	\\x66616c7365	2017-02-08 22:50:57.830608
b61c57c9-6051-498c-811b-852dd6ef4ae6	facebook	\\x68747470733a2f2f66616365626f6f6b2e636f6d2f31353833393537353434393534323033	2017-02-08 22:53:17.306226
b61c57c9-6051-498c-811b-852dd6ef4ae6	photo	\\x68747470733a2f2f67726170682e66616365626f6f6b2e636f6d2f313538333935373534343935343230332f706963747572653f77696474683d31303030	2017-02-08 22:53:17.30874
b61c57c9-6051-498c-811b-852dd6ef4ae6	photo_thumb	\\x68747470733a2f2f67726170682e66616365626f6f6b2e636f6d2f313538333935373534343935343230332f706963747572653f77696474683d333030266865696768743d333030	2017-02-08 22:53:17.310314
b61c57c9-6051-498c-811b-852dd6ef4ae6	first_name	\\x4d617279	2017-02-08 22:53:17.311799
b61c57c9-6051-498c-811b-852dd6ef4ae6	last_name	\\x48616e766579	2017-02-08 22:53:17.313189
b61c57c9-6051-498c-811b-852dd6ef4ae6	allow_email	\\x74727565	2017-02-08 22:53:17.314488
b61c57c9-6051-498c-811b-852dd6ef4ae6	allow_posts	\\x74727565	2017-02-08 22:53:17.3158
07a86a61-7de8-411b-b138-64d4aace9811	facebook	\\x68747470733a2f2f66616365626f6f6b2e636f6d2f31333933383831383530363834383638	2017-02-08 22:57:08.284556
07a86a61-7de8-411b-b138-64d4aace9811	first_name	\\x42656c6c61	2017-02-08 22:57:08.29129
07a86a61-7de8-411b-b138-64d4aace9811	last_name	\\x5065726b696e73	2017-02-08 22:57:08.292761
07a86a61-7de8-411b-b138-64d4aace9811	allow_posts	\\x74727565	2017-02-08 22:57:08.29618
a2145206-ceb7-480d-b4d7-68e44ccfa803	facebook	\\x68747470733a2f2f66616365626f6f6b2e636f6d2f3130323038323434363031353237393132	2017-02-08 22:59:36.498932
a2145206-ceb7-480d-b4d7-68e44ccfa803	first_name	\\x5370656e636572	2017-02-08 22:59:36.505883
a2145206-ceb7-480d-b4d7-68e44ccfa803	last_name	\\x4b616e65	2017-02-08 22:59:36.50771
a2145206-ceb7-480d-b4d7-68e44ccfa803	allow_posts	\\x74727565	2017-02-08 22:59:36.511047
a2145206-ceb7-480d-b4d7-68e44ccfa803	photo	\\x68747470733a2f2f67726170682e66616365626f6f6b2e636f6d2f31303230383234343630313532373931322f706963747572653f77696474683d31303030	2017-02-08 22:59:36.502257
a2145206-ceb7-480d-b4d7-68e44ccfa803	photo_thumb	\\x68747470733a2f2f67726170682e66616365626f6f6b2e636f6d2f31303230383234343630313532373931322f706963747572653f77696474683d333030266865696768743d333030	2017-02-08 22:59:36.504155
a2145206-ceb7-480d-b4d7-68e44ccfa803	allow_email	\\x74727565	2017-02-08 22:59:36.509502
a2145206-ceb7-480d-b4d7-68e44ccfa803	allow_post	\\x66616c7365	2017-02-08 23:27:45.204361
b30e5a76-c6a0-426d-8cd6-07a1e15b8ee6	facebook	\\x68747470733a2f2f66616365626f6f6b2e636f6d2f3130323130323835303033303733343633	2017-02-08 23:35:49.103001
b30e5a76-c6a0-426d-8cd6-07a1e15b8ee6	photo	\\x68747470733a2f2f67726170682e66616365626f6f6b2e636f6d2f31303231303238353030333037333436332f706963747572653f77696474683d31303030	2017-02-08 23:35:49.109826
b30e5a76-c6a0-426d-8cd6-07a1e15b8ee6	photo_thumb	\\x68747470733a2f2f67726170682e66616365626f6f6b2e636f6d2f31303231303238353030333037333436332f706963747572653f77696474683d333030266865696768743d333030	2017-02-08 23:35:49.113115
b30e5a76-c6a0-426d-8cd6-07a1e15b8ee6	first_name	\\x426f626279	2017-02-08 23:35:49.117716
b30e5a76-c6a0-426d-8cd6-07a1e15b8ee6	last_name	\\x46696e6967616e	2017-02-08 23:35:49.121642
b30e5a76-c6a0-426d-8cd6-07a1e15b8ee6	allow_email	\\x74727565	2017-02-08 23:35:49.12569
b30e5a76-c6a0-426d-8cd6-07a1e15b8ee6	allow_posts	\\x74727565	2017-02-08 23:35:49.128975
eebbedbb-eb62-4f11-901e-966d3a11cd7a	allow_email	\\x74727565	2017-02-08 21:31:39.354007
eebbedbb-eb62-4f11-901e-966d3a11cd7a	allow_post	\\x66616c7365	2017-02-08 23:39:00.320256
fe03af15-debc-431d-b0fa-0015ee1448f2	photo_thumb	\\x68747470733a2f2f67726170682e66616365626f6f6b2e636f6d2f31303230323530373835323635333337372f706963747572653f77696474683d333030266865696768743d333030	2017-02-08 23:49:12.476589
fe03af15-debc-431d-b0fa-0015ee1448f2	first_name	\\x4164616d	2017-02-08 23:49:12.479307
fe03af15-debc-431d-b0fa-0015ee1448f2	last_name	\\x4c6173736c6579	2017-02-08 23:49:12.481338
fe03af15-debc-431d-b0fa-0015ee1448f2	allow_email	\\x74727565	2017-02-08 23:49:12.483164
fe03af15-debc-431d-b0fa-0015ee1448f2	allow_posts	\\x74727565	2017-02-08 23:49:12.485615
5d2cedc2-bb6c-4f29-a535-6d38ad7b77e0	facebook	\\x68747470733a2f2f66616365626f6f6b2e636f6d2f3130323131393335313632303737363930	2017-02-08 23:50:23.008499
5d2cedc2-bb6c-4f29-a535-6d38ad7b77e0	photo	\\x68747470733a2f2f67726170682e66616365626f6f6b2e636f6d2f31303231313933353136323037373639302f706963747572653f77696474683d31303030	2017-02-08 23:50:23.012569
5d2cedc2-bb6c-4f29-a535-6d38ad7b77e0	photo_thumb	\\x68747470733a2f2f67726170682e66616365626f6f6b2e636f6d2f31303231313933353136323037373639302f706963747572653f77696474683d333030266865696768743d333030	2017-02-08 23:50:23.017109
5d2cedc2-bb6c-4f29-a535-6d38ad7b77e0	first_name	\\x4d6173796e	2017-02-08 23:50:23.01917
5d2cedc2-bb6c-4f29-a535-6d38ad7b77e0	last_name	\\x4d634d696c6c696e	2017-02-08 23:50:23.02076
5d2cedc2-bb6c-4f29-a535-6d38ad7b77e0	allow_email	\\x74727565	2017-02-08 23:50:23.022202
5d2cedc2-bb6c-4f29-a535-6d38ad7b77e0	allow_posts	\\x74727565	2017-02-08 23:50:23.024176
9a83df87-bc2d-4187-8a3e-442bda01e284	allow_email	\\x74727565	2017-02-08 08:53:50.493947
fe6d3acf-bbbf-4c96-af82-a78eee9cc0fc	allow_email	\\x74727565	2017-02-08 22:38:38.353728
07f05cc9-d4b5-4fb8-9dd2-e929e7b35dd8	allow_email	\\x66616c7365	2017-02-08 21:47:07.239829
9a83df87-bc2d-4187-8a3e-442bda01e284	allow_post	\\x66616c7365	2017-02-08 22:56:03.992209
ab179b46-b08c-4546-99fd-e27c05c26cd1	allow_post	\\x66616c7365	2017-02-09 00:06:32.891531
83bd986a-bc65-4092-8ece-ed37223ddcb3	photo	\\x68747470733a2f2f67726170682e66616365626f6f6b2e636f6d2f313430333835323230363331323634332f706963747572653f77696474683d31303030	2017-02-08 22:06:40.183549
83bd986a-bc65-4092-8ece-ed37223ddcb3	photo_thumb	\\x68747470733a2f2f67726170682e66616365626f6f6b2e636f6d2f313430333835323230363331323634332f706963747572653f77696474683d333030266865696768743d333030	2017-02-08 22:06:40.187523
07a86a61-7de8-411b-b138-64d4aace9811	photo	\\x68747470733a2f2f67726170682e66616365626f6f6b2e636f6d2f313339333838313835303638343836382f706963747572653f77696474683d31303030	2017-02-08 22:57:08.286786
07a86a61-7de8-411b-b138-64d4aace9811	photo_thumb	\\x68747470733a2f2f67726170682e66616365626f6f6b2e636f6d2f313339333838313835303638343836382f706963747572653f77696474683d333030266865696768743d333030	2017-02-08 22:57:08.289109
07a86a61-7de8-411b-b138-64d4aace9811	allow_email	\\x74727565	2017-02-08 22:57:08.294236
f2adc628-13a0-4748-9516-42e364f0b7fc	facebook	\\x68747470733a2f2f66616365626f6f6b2e636f6d2f31353130373133313538393537343831	2017-02-09 00:17:03.335692
f2adc628-13a0-4748-9516-42e364f0b7fc	photo	\\x68747470733a2f2f67726170682e66616365626f6f6b2e636f6d2f313531303731333135383935373438312f706963747572653f77696474683d31303030	2017-02-09 00:17:03.34408
f2adc628-13a0-4748-9516-42e364f0b7fc	photo_thumb	\\x68747470733a2f2f67726170682e66616365626f6f6b2e636f6d2f313531303731333135383935373438312f706963747572653f77696474683d333030266865696768743d333030	2017-02-09 00:17:03.347286
f2adc628-13a0-4748-9516-42e364f0b7fc	first_name	\\x526f62796e	2017-02-09 00:17:03.350265
f2adc628-13a0-4748-9516-42e364f0b7fc	last_name	\\x436f746e6579	2017-02-09 00:17:03.353485
f2adc628-13a0-4748-9516-42e364f0b7fc	allow_email	\\x74727565	2017-02-09 00:17:03.357102
f2adc628-13a0-4748-9516-42e364f0b7fc	allow_posts	\\x74727565	2017-02-09 00:17:03.360232
1c160c9a-3843-42da-bb2a-2f479a3dc898	facebook	\\x68747470733a2f2f66616365626f6f6b2e636f6d2f31383035303532353039383230353732	2017-02-09 00:23:58.208223
1c160c9a-3843-42da-bb2a-2f479a3dc898	photo	\\x68747470733a2f2f67726170682e66616365626f6f6b2e636f6d2f313830353035323530393832303537322f706963747572653f77696474683d31303030	2017-02-09 00:23:58.212412
1c160c9a-3843-42da-bb2a-2f479a3dc898	photo_thumb	\\x68747470733a2f2f67726170682e66616365626f6f6b2e636f6d2f313830353035323530393832303537322f706963747572653f77696474683d333030266865696768743d333030	2017-02-09 00:23:58.215559
1c160c9a-3843-42da-bb2a-2f479a3dc898	first_name	\\x4b61746965	2017-02-09 00:23:58.223094
1c160c9a-3843-42da-bb2a-2f479a3dc898	last_name	\\x4d634775696e6e657373	2017-02-09 00:23:58.225469
1c160c9a-3843-42da-bb2a-2f479a3dc898	allow_email	\\x74727565	2017-02-09 00:23:58.230679
1c160c9a-3843-42da-bb2a-2f479a3dc898	allow_posts	\\x74727565	2017-02-09 00:23:58.233749
40e3e37c-21ae-4532-aac2-1fc73f4d896a	allow_post	\\x66616c7365	2017-02-09 01:25:24.335852
b79e039f-ba72-47f9-bec7-29ce24df6650	facebook	\\x68747470733a2f2f66616365626f6f6b2e636f6d2f31333436393635353032303331333239	2017-02-09 01:43:29.438169
b79e039f-ba72-47f9-bec7-29ce24df6650	first_name	\\x4361726c6965	2017-02-09 01:43:29.446769
b79e039f-ba72-47f9-bec7-29ce24df6650	last_name	\\x59656e74	2017-02-09 01:43:29.448354
b79e039f-ba72-47f9-bec7-29ce24df6650	allow_posts	\\x74727565	2017-02-09 01:43:29.451516
f2899a0e-2b82-47ec-b046-5936ce163a7a	allow_post	\\x66616c7365	2017-02-09 03:26:53.54359
6f5fb503-f209-41f4-815a-3a57c97208d0	facebook	\\x68747470733a2f2f66616365626f6f6b2e636f6d2f31353736303838323032343037313537	2017-02-09 08:29:04.255976
6f5fb503-f209-41f4-815a-3a57c97208d0	photo	\\x68747470733a2f2f67726170682e66616365626f6f6b2e636f6d2f313537363038383230323430373135372f706963747572653f77696474683d31303030	2017-02-09 08:29:04.25972
6f5fb503-f209-41f4-815a-3a57c97208d0	photo_thumb	\\x68747470733a2f2f67726170682e66616365626f6f6b2e636f6d2f313537363038383230323430373135372f706963747572653f77696474683d333030266865696768743d333030	2017-02-09 08:29:04.262215
6f5fb503-f209-41f4-815a-3a57c97208d0	first_name	\\x436172746572	2017-02-09 08:29:04.264883
6f5fb503-f209-41f4-815a-3a57c97208d0	last_name	\\x4c6f6e67	2017-02-09 08:29:04.266462
6f5fb503-f209-41f4-815a-3a57c97208d0	allow_email	\\x74727565	2017-02-09 08:29:04.267973
6f5fb503-f209-41f4-815a-3a57c97208d0	allow_posts	\\x74727565	2017-02-09 08:29:04.269396
2f632299-9a13-47e3-901a-9b2ece7979af	facebook	\\x68747470733a2f2f66616365626f6f6b2e636f6d2f3130323131393735353338353639373738	2017-02-09 08:43:04.152036
2f632299-9a13-47e3-901a-9b2ece7979af	photo	\\x68747470733a2f2f67726170682e66616365626f6f6b2e636f6d2f31303231313937353533383536393737382f706963747572653f77696474683d31303030	2017-02-09 08:43:04.155303
2f632299-9a13-47e3-901a-9b2ece7979af	photo_thumb	\\x68747470733a2f2f67726170682e66616365626f6f6b2e636f6d2f31303231313937353533383536393737382f706963747572653f77696474683d333030266865696768743d333030	2017-02-09 08:43:04.15677
2f632299-9a13-47e3-901a-9b2ece7979af	first_name	\\x436174686572696e65	2017-02-09 08:43:04.158245
2f632299-9a13-47e3-901a-9b2ece7979af	last_name	\\x48616c6579	2017-02-09 08:43:04.159759
2f632299-9a13-47e3-901a-9b2ece7979af	allow_email	\\x74727565	2017-02-09 08:43:04.16148
2f632299-9a13-47e3-901a-9b2ece7979af	allow_posts	\\x74727565	2017-02-09 08:43:04.163003
5fc8c2fb-49dd-45f7-bf95-34ab3d9c2423	facebook	\\x68747470733a2f2f66616365626f6f6b2e636f6d2f31323936363535333030333733343237	2017-02-09 08:47:09.139679
5fc8c2fb-49dd-45f7-bf95-34ab3d9c2423	photo	\\x68747470733a2f2f67726170682e66616365626f6f6b2e636f6d2f313239363635353330303337333432372f706963747572653f77696474683d31303030	2017-02-09 08:47:09.141735
5fc8c2fb-49dd-45f7-bf95-34ab3d9c2423	photo_thumb	\\x68747470733a2f2f67726170682e66616365626f6f6b2e636f6d2f313239363635353330303337333432372f706963747572653f77696474683d333030266865696768743d333030	2017-02-09 08:47:09.143439
5fc8c2fb-49dd-45f7-bf95-34ab3d9c2423	first_name	\\x4b617373696479	2017-02-09 08:47:09.145203
5fc8c2fb-49dd-45f7-bf95-34ab3d9c2423	last_name	\\x526f6265727473	2017-02-09 08:47:09.146997
5fc8c2fb-49dd-45f7-bf95-34ab3d9c2423	allow_email	\\x74727565	2017-02-09 08:47:09.148548
5fc8c2fb-49dd-45f7-bf95-34ab3d9c2423	allow_posts	\\x74727565	2017-02-09 08:47:09.149991
93bf3e26-4dc7-41ad-9e9c-09e1ad64cf68	photo	\\x68747470733a2f2f67726170682e66616365626f6f6b2e636f6d2f313231323532303336383830313835382f706963747572653f77696474683d31303030	2017-02-08 10:46:00.747439
93bf3e26-4dc7-41ad-9e9c-09e1ad64cf68	photo_thumb	\\x68747470733a2f2f67726170682e66616365626f6f6b2e636f6d2f313231323532303336383830313835382f706963747572653f77696474683d333030266865696768743d333030	2017-02-08 10:46:00.751031
93bf3e26-4dc7-41ad-9e9c-09e1ad64cf68	allow_email	\\x74727565	2017-02-08 10:46:00.763812
93bf3e26-4dc7-41ad-9e9c-09e1ad64cf68	allow_post	\\x66616c7365	2017-02-09 08:47:31.167084
cbd1ab92-e6be-4df9-89a8-d933e17f8d2b	allow_post	\\x66616c7365	2017-02-08 23:02:08.173093
e8049419-7102-4092-9a38-4f51353f1d6d	photo	\\x68747470733a2f2f67726170682e66616365626f6f6b2e636f6d2f313630343135343832393630313236382f706963747572653f77696474683d31303030	2017-02-08 11:14:30.808477
e8049419-7102-4092-9a38-4f51353f1d6d	photo_thumb	\\x68747470733a2f2f67726170682e66616365626f6f6b2e636f6d2f313630343135343832393630313236382f706963747572653f77696474683d333030266865696768743d333030	2017-02-08 11:14:30.815248
e8049419-7102-4092-9a38-4f51353f1d6d	allow_email	\\x74727565	2017-02-08 11:14:30.829494
e8049419-7102-4092-9a38-4f51353f1d6d	allow_post	\\x66616c7365	2017-02-09 08:51:28.005831
faf3bdb3-708c-47e7-8a5f-8dd7bda76e42	facebook	\\x68747470733a2f2f66616365626f6f6b2e636f6d2f373336373336373439383232373139	2017-02-09 09:42:46.878707
faf3bdb3-708c-47e7-8a5f-8dd7bda76e42	photo	\\x68747470733a2f2f67726170682e66616365626f6f6b2e636f6d2f3733363733363734393832323731392f706963747572653f77696474683d31303030	2017-02-09 09:42:46.883237
faf3bdb3-708c-47e7-8a5f-8dd7bda76e42	photo_thumb	\\x68747470733a2f2f67726170682e66616365626f6f6b2e636f6d2f3733363733363734393832323731392f706963747572653f77696474683d333030266865696768743d333030	2017-02-09 09:42:46.889714
faf3bdb3-708c-47e7-8a5f-8dd7bda76e42	first_name	\\x4d634b656e6e61	2017-02-09 09:42:46.893352
faf3bdb3-708c-47e7-8a5f-8dd7bda76e42	last_name	\\x536368616172	2017-02-09 09:42:46.895429
faf3bdb3-708c-47e7-8a5f-8dd7bda76e42	allow_email	\\x74727565	2017-02-09 09:42:46.897383
faf3bdb3-708c-47e7-8a5f-8dd7bda76e42	allow_posts	\\x74727565	2017-02-09 09:42:46.899368
fe6d3acf-bbbf-4c96-af82-a78eee9cc0fc	photo	\\x68747470733a2f2f67726170682e66616365626f6f6b2e636f6d2f31303231323237303839373637313631312f706963747572653f77696474683d31303030	2017-02-08 22:38:38.34688
fe6d3acf-bbbf-4c96-af82-a78eee9cc0fc	photo_thumb	\\x68747470733a2f2f67726170682e66616365626f6f6b2e636f6d2f31303231323237303839373637313631312f706963747572653f77696474683d333030266865696768743d333030	2017-02-08 22:38:38.34878
fe6d3acf-bbbf-4c96-af82-a78eee9cc0fc	allow_post	\\x66616c7365	2017-02-09 09:51:53.148551
e3940141-da84-438b-b3ad-9286b3f5f006	allow_post	\\x66616c7365	2017-02-09 09:56:58.286681
5fc8c2fb-49dd-45f7-bf95-34ab3d9c2423	last_killed	\\x31343836363532353033	2017-02-09 10:01:43.832678
72ef8ab8-9ac8-46b9-8985-5c6b788447ed	allow_post	\\x66616c7365	2017-02-09 10:42:54.939485
b79e039f-ba72-47f9-bec7-29ce24df6650	photo	\\x68747470733a2f2f67726170682e66616365626f6f6b2e636f6d2f313334363936353530323033313332392f706963747572653f77696474683d31303030	2017-02-09 01:43:29.442415
b79e039f-ba72-47f9-bec7-29ce24df6650	photo_thumb	\\x68747470733a2f2f67726170682e66616365626f6f6b2e636f6d2f313334363936353530323033313332392f706963747572653f77696474683d333030266865696768743d333030	2017-02-09 01:43:29.444573
b79e039f-ba72-47f9-bec7-29ce24df6650	allow_email	\\x74727565	2017-02-09 01:43:29.449923
b79e039f-ba72-47f9-bec7-29ce24df6650	allow_post	\\x66616c7365	2017-02-09 10:44:19.995244
e9f43146-d7fa-4ec6-8e8c-f1a29f7c39ea	facebook	\\x68747470733a2f2f66616365626f6f6b2e636f6d2f3130323037383631383230333733323533	2017-02-09 10:57:25.092917
e9f43146-d7fa-4ec6-8e8c-f1a29f7c39ea	photo	\\x68747470733a2f2f67726170682e66616365626f6f6b2e636f6d2f31303230373836313832303337333235332f706963747572653f77696474683d31303030	2017-02-09 10:57:25.096329
e9f43146-d7fa-4ec6-8e8c-f1a29f7c39ea	photo_thumb	\\x68747470733a2f2f67726170682e66616365626f6f6b2e636f6d2f31303230373836313832303337333235332f706963747572653f77696474683d333030266865696768743d333030	2017-02-09 10:57:25.097853
e9f43146-d7fa-4ec6-8e8c-f1a29f7c39ea	first_name	\\x4c756b65	2017-02-09 10:57:25.099366
e9f43146-d7fa-4ec6-8e8c-f1a29f7c39ea	last_name	\\x4d697365796b6f	2017-02-09 10:57:25.100836
e9f43146-d7fa-4ec6-8e8c-f1a29f7c39ea	allow_email	\\x74727565	2017-02-09 10:57:25.102159
e9f43146-d7fa-4ec6-8e8c-f1a29f7c39ea	allow_posts	\\x74727565	2017-02-09 10:57:25.103757
00430266-b81a-4640-afcb-e0b7d6c21802	allow_email	\\x74727565	2017-02-08 09:04:49.387017
00430266-b81a-4640-afcb-e0b7d6c21802	allow_post	\\x66616c7365	2017-02-08 10:32:59.59825
a5e76010-573c-480c-b886-d70d2a207d66	facebook	\\x68747470733a2f2f66616365626f6f6b2e636f6d2f3130323039393331363135323234373339	2017-02-09 11:13:14.093935
a5e76010-573c-480c-b886-d70d2a207d66	photo	\\x68747470733a2f2f67726170682e66616365626f6f6b2e636f6d2f31303230393933313631353232343733392f706963747572653f77696474683d31303030	2017-02-09 11:13:14.100693
a5e76010-573c-480c-b886-d70d2a207d66	photo_thumb	\\x68747470733a2f2f67726170682e66616365626f6f6b2e636f6d2f31303230393933313631353232343733392f706963747572653f77696474683d333030266865696768743d333030	2017-02-09 11:13:14.104716
a5e76010-573c-480c-b886-d70d2a207d66	first_name	\\x4a616d6965	2017-02-09 11:13:14.108162
a5e76010-573c-480c-b886-d70d2a207d66	last_name	\\x46617368	2017-02-09 11:13:14.111683
a5e76010-573c-480c-b886-d70d2a207d66	allow_email	\\x74727565	2017-02-09 11:13:14.115015
a5e76010-573c-480c-b886-d70d2a207d66	allow_posts	\\x74727565	2017-02-09 11:13:14.118723
7d5eccb3-9562-4291-bf90-905c7be5ffb2	allow_post	\\x66616c7365	2017-02-08 10:17:23.576803
e2e50bf7-914a-4dfb-bd57-2d88f6d18f9e	allow_post	\\x66616c7365	2017-02-09 11:24:47.038954
0701a351-4cf2-4494-b2ab-03d429bb2ec5	last_killed	\\x31343836363630393331	2017-02-09 12:22:11.531092
ebffae00-4db8-470e-8cd3-d1115e7bf716	allow_post	\\x66616c7365	2017-02-09 12:37:37.283211
2263343d-30ea-4bf5-8863-ab4fd8db42ab	last_killed	\\x31343836363633363536	2017-02-09 13:07:36.347057
092a9f97-2fec-4b64-84f4-6680de909523	last_killed	\\x31343836363635313137	2017-02-09 13:31:57.639376
e4e88163-9b34-48a7-a0de-501fc92c9e97	last_killed	\\x31343836363637393931	2017-02-09 14:19:51.413017
2ec3766a-deaf-4231-b6ed-b05755ad9a5b	allow_post	\\x66616c7365	2017-02-09 15:14:50.682882
278c0b57-22db-4159-99a0-721b3c41000e	allow_post	\\x66616c7365	2017-02-09 16:13:03.513722
88e2ef9c-d355-4d9a-919b-655a6104ec67	last_killed	\\x31343836363736373137	2017-02-09 16:45:17.919586
5ba3287b-ba6b-4722-87d1-fa3ae317b1b2	last_killed	\\x31343836363738373330	2017-02-09 17:18:50.202089
72338ab3-aa9a-4205-8e62-2ae682cca18a	last_killed	\\x31343836363830343735	2017-02-09 17:47:55.558232
bfa8b351-95d1-4b3e-a5de-c04dd637dc6e	last_killed	\\x31343836363831303830	2017-02-09 17:58:00.739553
cbd1ab92-e6be-4df9-89a8-d933e17f8d2b	last_killed	\\x31343836363831343833	2017-02-09 18:04:43.494973
befe286d-fd6a-4cc5-8549-aeec99c3b647	last_killed	\\x31343836363838333133	2017-02-09 19:58:33.119556
a282295c-5e34-45a4-993e-b05ef4d2c546	last_killed	\\x31343836363930303035	2017-02-09 20:26:45.21763
9bad7dbb-2bc8-4d1c-9210-e2aac20b6afb	allow_post	\\x66616c7365	2017-02-09 20:36:26.999184
1889ec57-365b-46b4-a695-b8ca5770b882	last_killed	\\x31343836363932313133	2017-02-09 21:01:53.577151
0c08a714-6fab-4abb-bf11-4dc1bbfac5eb	last_killed	\\x31343836363934323034	2017-02-09 21:36:44.353261
ca268aef-8997-4636-bce4-9152784a9e33	allow_post	\\x66616c7365	2017-02-14 22:45:05.963516
2f632299-9a13-47e3-901a-9b2ece7979af	last_killed	\\x31343836363939393730	2017-02-09 23:12:50.813321
8014993c-deae-4dc4-a5db-69b98c5615b5	last_killed	\\x31343836373033383937	2017-02-10 00:18:17.272247
1cbc2a10-7b8c-4197-a0f4-fb5e40e95ba6	last_killed	\\x31343836373433363232	2017-02-10 11:20:22.094783
aa861649-227b-407b-9694-4af23579cdda	last_killed	\\x31343836373436343134	2017-02-10 12:06:54.771563
685fba41-719d-45fb-97e1-84fb3873f63a	last_killed	\\x31343836373436373931	2017-02-10 01:08:18.404151
0970d571-074a-4ac6-b2df-1271193ffe54	allow_email	\\x74727565	2017-02-08 09:56:22.210265
394f9809-075f-400f-a35c-6164f6e4a2ed	last_killed	\\x31343836373635363538	2017-02-10 17:27:38.704991
22cafc2f-384e-463c-82a1-263c4e916285	last_killed	\\x31343836373737343930	2017-02-10 20:44:50.084712
312bb888-d6a2-49aa-80f0-a5f167958465	last_killed	\\x31343836373930353935	2017-02-11 00:23:15.227842
9ca22649-2f29-45a4-801f-3fd278b4c1c0	last_killed	\\x31343836373931373930	2017-02-11 00:43:10.868868
43a26053-1613-4f3b-af2d-c7443d511f56	last_killed	\\x31343836383731363236	2017-02-11 22:53:46.058888
76a5ebf6-0c62-45e0-a6b4-1e37ecea1261	last_killed	\\x31343836383833363633	2017-02-12 02:14:23.360213
fc595ded-0daf-4ad6-958e-239f64c1ce56	last_killed	\\x31343836393137383738	2017-02-12 11:44:38.11336
76e917fd-1eed-4b88-b0bc-fc08864dcc15	last_killed	\\x31343836393433373031	2017-02-12 18:55:01.224497
cc1cf9c6-f2fd-48f5-a6df-708ee1126a9d	last_killed	\\x31343836393436303830	2017-02-12 19:34:40.646469
0970d571-074a-4ac6-b2df-1271193ffe54	allow_post	\\x66616c7365	2017-02-14 23:23:45.343043
2aeda0c9-261d-4ef2-9127-8ef050a3e9a9	allow_email	\\x66616c7365	2017-02-08 12:09:41.310953
87f55db1-ba54-4719-84e8-81deb3540414	allow_email	\\x66616c7365	2017-02-08 09:25:37.478901
6b54e54c-d93a-4d16-9a96-e2f39d83629f	last_killed	\\x31343837323238393339	2017-02-09 18:47:16.834846
439c5f59-6e1d-4c06-aeaa-a3db85bee0d8	last_killed	\\x31343837303036333734	2017-02-13 12:19:34.816518
494a4a04-3e44-481b-b059-705c9f732514	last_killed	\\x31343837303037323933	2017-02-11 13:04:57.967508
9bad7dbb-2bc8-4d1c-9210-e2aac20b6afb	last_killed	\\x31343837303039383035	2017-02-13 13:16:45.191181
4afa504f-abb5-4d19-b044-08b06e22ebc7	allow_post	\\x66616c7365	2017-02-13 13:29:48.809206
76e917fd-1eed-4b88-b0bc-fc08864dcc15	allow_email	\\x74727565	2017-02-06 23:00:44.89658
76e917fd-1eed-4b88-b0bc-fc08864dcc15	allow_post	\\x66616c7365	2017-02-13 13:46:58.142493
07a86a61-7de8-411b-b138-64d4aace9811	last_killed	\\x31343837323633333635	2017-02-10 12:19:53.874435
797de3e3-cf98-46a7-97b7-b3d3e905c43a	facebook	\\x68747470733a2f2f66616365626f6f6b2e636f6d2f3130313535303431343937383731393133	2017-02-13 17:11:35.77056
797de3e3-cf98-46a7-97b7-b3d3e905c43a	photo	\\x68747470733a2f2f67726170682e66616365626f6f6b2e636f6d2f31303135353034313439373837313931332f706963747572653f77696474683d31303030	2017-02-13 17:11:35.773976
797de3e3-cf98-46a7-97b7-b3d3e905c43a	photo_thumb	\\x68747470733a2f2f67726170682e66616365626f6f6b2e636f6d2f31303135353034313439373837313931332f706963747572653f77696474683d333030266865696768743d333030	2017-02-13 17:11:35.776079
797de3e3-cf98-46a7-97b7-b3d3e905c43a	first_name	\\x4d617474686577	2017-02-13 17:11:35.778884
797de3e3-cf98-46a7-97b7-b3d3e905c43a	last_name	\\x47657273746d616e	2017-02-13 17:11:35.781056
797de3e3-cf98-46a7-97b7-b3d3e905c43a	allow_email	\\x74727565	2017-02-13 17:11:35.783142
797de3e3-cf98-46a7-97b7-b3d3e905c43a	allow_posts	\\x74727565	2017-02-13 17:11:35.785412
278c0b57-22db-4159-99a0-721b3c41000e	last_killed	\\x31343837323637303534	2017-02-13 21:16:10.2153
b5e9c4cb-3d36-4959-b355-63a35b3b9fbb	last_killed	\\x31343837303235323032	2017-02-09 16:44:42.965591
b30e5a76-c6a0-426d-8cd6-07a1e15b8ee6	last_killed	\\x31343837303332333138	2017-02-13 19:31:58.342461
3c6aa4b9-6aa4-4483-8522-0ca0b0dbd1e8	last_killed	\\x31343837303335303539	2017-02-13 20:17:39.393634
244ae30b-4391-4b89-912a-17f0e1ea3498	last_killed	\\x31343837303338363134	2017-02-09 19:52:54.792576
f9d9e97d-b3d5-4955-a63e-456099a01ab7	last_killed	\\x31343837303430303238	2017-02-13 21:40:28.003928
4b491bbc-e94f-44fc-aa88-ad52ffeb7a91	last_killed	\\x31343837303430343639	2017-02-13 21:35:13.235568
14563c9f-53f0-4664-b329-e91e7e90f8ed	allow_post	\\x66616c7365	2017-02-14 11:15:53.562357
ca268aef-8997-4636-bce4-9152784a9e33	last_killed	\\x31343837303838393831	2017-02-13 18:07:35.218338
cc1cf9c6-f2fd-48f5-a6df-708ee1126a9d	allow_post	\\x66616c7365	2017-02-14 12:55:22.91973
aded8552-a875-48a6-a1d2-2f58f641c9d6	facebook	\\x68747470733a2f2f66616365626f6f6b2e636f6d2f31343432343435373935373635363637	2017-02-14 14:30:38.866242
aded8552-a875-48a6-a1d2-2f58f641c9d6	photo	\\x68747470733a2f2f67726170682e66616365626f6f6b2e636f6d2f313434323434353739353736353636372f706963747572653f77696474683d31303030	2017-02-14 14:30:38.8729
aded8552-a875-48a6-a1d2-2f58f641c9d6	photo_thumb	\\x68747470733a2f2f67726170682e66616365626f6f6b2e636f6d2f313434323434353739353736353636372f706963747572653f77696474683d333030266865696768743d333030	2017-02-14 14:30:38.878299
aded8552-a875-48a6-a1d2-2f58f641c9d6	first_name	\\x54796c6572	2017-02-14 14:30:38.882223
aded8552-a875-48a6-a1d2-2f58f641c9d6	last_name	\\x4272656e6e616e	2017-02-14 14:30:38.886054
aded8552-a875-48a6-a1d2-2f58f641c9d6	allow_email	\\x74727565	2017-02-14 14:30:38.889509
aded8552-a875-48a6-a1d2-2f58f641c9d6	allow_posts	\\x74727565	2017-02-14 14:30:38.892185
2106f0ec-ca4d-4f32-bae3-19caae3ff69e	last_killed	\\x31343837313037333532	2017-02-14 16:22:32.598001
12775fb1-11df-480c-b433-dd0dea227636	last_killed	\\x31343837313130353034	2017-02-14 17:15:04.29014
83bd986a-bc65-4092-8ece-ed37223ddcb3	allow_email	\\x74727565	2017-02-08 22:06:40.201744
2aeda0c9-261d-4ef2-9127-8ef050a3e9a9	last_killed	\\x31343837313135343837	2017-02-14 18:38:07.840004
be42bc9b-c579-4e2c-bcb3-2422684c7324	allow_post	\\x66616c7365	2017-02-14 19:25:15.87132
16fb554b-84c7-448b-b8a6-c5dcbc10739f	last_killed	\\x31343837313230373433	2017-02-14 20:05:43.939337
c0f4e6b2-bdcd-4538-bafb-75d8729a8ca9	last_killed	\\x31343837313231303732	2017-02-09 18:50:35.138194
0786d6d3-c70b-4abb-a6ad-21c0fc487b9a	last_killed	\\x31343837313232333839	2017-02-14 20:33:09.946078
a37f3985-c980-4388-9c07-4a20fafc749e	allow_post	\\x66616c7365	2017-02-14 22:33:38.623945
ca268aef-8997-4636-bce4-9152784a9e33	photo	\\x68747470733a2f2f67726170682e66616365626f6f6b2e636f6d2f313033343433303638363636323934392f706963747572653f77696474683d31303030	2017-02-08 15:02:19.605273
ca268aef-8997-4636-bce4-9152784a9e33	photo_thumb	\\x68747470733a2f2f67726170682e66616365626f6f6b2e636f6d2f313033343433303638363636323934392f706963747572653f77696474683d333030266865696768743d333030	2017-02-08 15:02:19.609963
ca268aef-8997-4636-bce4-9152784a9e33	allow_email	\\x74727565	2017-02-08 15:02:19.621645
83bd986a-bc65-4092-8ece-ed37223ddcb3	allow_post	\\x66616c7365	2017-02-15 09:46:29.549447
5ba3287b-ba6b-4722-87d1-fa3ae317b1b2	photo	\\x68747470733a2f2f67726170682e66616365626f6f6b2e636f6d2f313139323637313635303835323437342f706963747572653f77696474683d31303030	2017-02-08 09:36:52.878991
5ba3287b-ba6b-4722-87d1-fa3ae317b1b2	photo_thumb	\\x68747470733a2f2f67726170682e66616365626f6f6b2e636f6d2f313139323637313635303835323437342f706963747572653f77696474683d333030266865696768743d333030	2017-02-08 09:36:52.880375
5ba3287b-ba6b-4722-87d1-fa3ae317b1b2	allow_post	\\x66616c7365	2017-02-08 09:41:01.566861
d382dcce-f6cb-457b-ae32-549ec153be50	last_killed	\\x31343837313739303732	2017-02-15 12:17:52.733039
4725ad02-b46d-4ca6-ad81-6e51cfb0b748	last_killed	\\x31343837313832323234	2017-02-15 13:10:24.524623
12775fb1-11df-480c-b433-dd0dea227636	allow_post	\\x66616c7365	2017-02-15 14:57:29.802723
096062d9-5b4e-46b3-99c0-106f4161769b	photo	\\x68747470733a2f2f67726170682e66616365626f6f6b2e636f6d2f313232373339373335373330393432342f706963747572653f77696474683d31303030	2017-02-08 11:52:27.02427
85dda92a-6bd8-45ef-b300-c5037fe9d43b	allow_post	\\x66616c7365	2017-02-15 14:03:18.560818
00599e6f-de86-43ac-b30e-5f7697781409	last_killed	\\x31343837313837353134	2017-02-15 14:38:34.332581
7d7eee15-e0c2-41cf-b116-af250e7eb5e2	allow_email	\\x74727565	2017-02-08 09:16:56.17962
7d7eee15-e0c2-41cf-b116-af250e7eb5e2	allow_post	\\x66616c7365	2017-02-08 09:19:38.817318
096062d9-5b4e-46b3-99c0-106f4161769b	photo_thumb	\\x68747470733a2f2f67726170682e66616365626f6f6b2e636f6d2f313232373339373335373330393432342f706963747572653f77696474683d333030	2017-02-08 11:52:27.029628
c237fce7-fd0d-4bca-a84a-277177a0e0e4	last_killed	\\x31343837313839333335	2017-02-15 15:08:55.383997
9a83df87-bc2d-4187-8a3e-442bda01e284	last_killed	\\x31343837323032353631	2017-02-15 18:49:21.659653
e8049419-7102-4092-9a38-4f51353f1d6d	last_killed	\\x31343837323033343931	2017-02-15 19:04:51.406318
6cbfb64c-aa72-403c-af29-2d33424b11cc	last_killed	\\x31343837323035393730	2017-02-09 21:11:21.562626
c1f5a537-691c-40f6-bfe2-16a7fba534f4	last_killed	\\x31343837323037343937	2017-02-15 20:11:37.628905
85dda92a-6bd8-45ef-b300-c5037fe9d43b	allow_email	\\x66616c7365	2017-02-08 15:14:58.197678
0701a351-4cf2-4494-b2ab-03d429bb2ec5	allow_post	\\x66616c7365	2017-02-16 00:16:36.337767
07a86a61-7de8-411b-b138-64d4aace9811	allow_post	\\x66616c7365	2017-02-16 11:41:45.129114
4ee71cef-2913-41ed-8b3a-7548780401be	facebook	\\x68747470733a2f2f66616365626f6f6b2e636f6d2f313138343134383738363739353430	2017-02-16 12:35:38.9223
4ee71cef-2913-41ed-8b3a-7548780401be	photo	\\x68747470733a2f2f67726170682e66616365626f6f6b2e636f6d2f3131383431343837383637393534302f706963747572653f77696474683d31303030	2017-02-16 12:35:38.925582
4ee71cef-2913-41ed-8b3a-7548780401be	photo_thumb	\\x68747470733a2f2f67726170682e66616365626f6f6b2e636f6d2f3131383431343837383637393534302f706963747572653f77696474683d333030266865696768743d333030	2017-02-16 12:35:38.927196
4ee71cef-2913-41ed-8b3a-7548780401be	first_name	\\x4e6174	2017-02-16 12:35:38.928692
4ee71cef-2913-41ed-8b3a-7548780401be	last_name	\\x43686562	2017-02-16 12:35:38.930471
4ee71cef-2913-41ed-8b3a-7548780401be	allow_email	\\x74727565	2017-02-16 12:35:38.932528
4ee71cef-2913-41ed-8b3a-7548780401be	allow_posts	\\x74727565	2017-02-16 12:35:38.934321
abc38c16-0f4f-43aa-8531-4d79c090800d	facebook	\\x68747470733a2f2f66616365626f6f6b2e636f6d2f31373330343631373337323833373033	2017-02-16 12:46:59.678885
abc38c16-0f4f-43aa-8531-4d79c090800d	photo	\\x68747470733a2f2f67726170682e66616365626f6f6b2e636f6d2f313733303436313733373238333730332f706963747572653f77696474683d31303030	2017-02-16 12:46:59.682728
abc38c16-0f4f-43aa-8531-4d79c090800d	photo_thumb	\\x68747470733a2f2f67726170682e66616365626f6f6b2e636f6d2f313733303436313733373238333730332f706963747572653f77696474683d333030266865696768743d333030	2017-02-16 12:46:59.684653
abc38c16-0f4f-43aa-8531-4d79c090800d	first_name	\\x4265636361	2017-02-16 12:46:59.686555
abc38c16-0f4f-43aa-8531-4d79c090800d	last_name	\\x4e676f	2017-02-16 12:46:59.688558
abc38c16-0f4f-43aa-8531-4d79c090800d	allow_email	\\x74727565	2017-02-16 12:46:59.690553
abc38c16-0f4f-43aa-8531-4d79c090800d	allow_posts	\\x74727565	2017-02-16 12:46:59.692698
67dd9f75-74aa-46ac-88f7-1d42ed6dbe77	last_killed	\\x31343837323730303537	2017-02-16 13:34:17.086796
f77087b9-297f-4b51-b23b-ff4d9fe1c292	last_killed	\\x31343837323732313633	2017-02-16 14:09:23.707891
14d9321c-ec6f-4696-a362-e13b81b9d773	allow_post	\\x66616c7365	2017-02-16 15:27:45.383827
4d9b7480-61cc-4906-9839-3877862d0e5b	last_killed	\\x31343837323836313638	2017-02-09 22:59:48.239914
ebffae00-4db8-470e-8cd3-d1115e7bf716	last_killed	\\x31343837323836373431	2017-02-16 18:12:21.360832
0807166d-2953-4160-abc6-f2566fa38597	last_killed	\\x31343837323930393133	2017-02-16 19:21:53.044658
bfa8b351-95d1-4b3e-a5de-c04dd637dc6e	photo	\\x68747470733a2f2f67726170682e66616365626f6f6b2e636f6d2f313334323238363132353833333332302f706963747572653f77696474683d31303030	2017-02-08 09:29:15.435471
bfa8b351-95d1-4b3e-a5de-c04dd637dc6e	photo_thumb	\\x68747470733a2f2f67726170682e66616365626f6f6b2e636f6d2f313334323238363132353833333332302f706963747572653f77696474683d333030266865696768743d333030	2017-02-08 09:29:15.437158
bfa8b351-95d1-4b3e-a5de-c04dd637dc6e	allow_post	\\x66616c7365	2017-02-08 09:31:31.163511
\.


--
-- Data for Name: dm_user_targets; Type: TABLE DATA; Schema: public; Owner: postgres
--

COPY dm_user_targets (user_id, target_id, game_id, create_ts) FROM stdin;
c1f5a537-691c-40f6-bfe2-16a7fba534f4	75b30434-813c-4196-8ed5-138df4794377	b3bfee96-3f8b-4402-8b81-39ff8a8424ad	2017-02-15 14:41:53.377041
07a86a61-7de8-411b-b138-64d4aace9811	3f0fe21b-5fd3-4814-a77b-f3568996fa9f	b3bfee96-3f8b-4402-8b81-39ff8a8424ad	2017-02-15 14:41:53.377041
278c0b57-22db-4159-99a0-721b3c41000e	6d3c8d08-025a-4e29-9c2e-d05dd910d3b2	b3bfee96-3f8b-4402-8b81-39ff8a8424ad	2017-02-15 14:41:53.377041
67dd9f75-74aa-46ac-88f7-1d42ed6dbe77	4d1a38cb-4b07-462e-8f45-75eb868422ba	b3bfee96-3f8b-4402-8b81-39ff8a8424ad	2017-02-15 14:41:53.377041
eb491e9f-1155-45a0-b100-bc3d3d887037	c3fa3ce4-07b0-4c84-b12d-4725c3e998aa	b3bfee96-3f8b-4402-8b81-39ff8a8424ad	2017-02-15 14:41:53.377041
3f0fe21b-5fd3-4814-a77b-f3568996fa9f	9b1a5d54-ef14-4f84-9874-f5441f0545c9	b3bfee96-3f8b-4402-8b81-39ff8a8424ad	2017-02-15 14:41:53.377041
75b30434-813c-4196-8ed5-138df4794377	3c6aa4b9-6aa4-4483-8522-0ca0b0dbd1e8	b3bfee96-3f8b-4402-8b81-39ff8a8424ad	2017-02-15 14:41:53.377041
722de95e-7aa0-4a30-bb65-d843e68da141	00430266-b81a-4640-afcb-e0b7d6c21802	b3bfee96-3f8b-4402-8b81-39ff8a8424ad	2017-02-15 14:41:53.377041
00430266-b81a-4640-afcb-e0b7d6c21802	7259e5d8-be01-4b84-a663-8fada2af0825	b3bfee96-3f8b-4402-8b81-39ff8a8424ad	2017-02-15 14:41:53.377041
7259e5d8-be01-4b84-a663-8fada2af0825	29139203-f81c-4b69-be19-4e63080b0fa0	b3bfee96-3f8b-4402-8b81-39ff8a8424ad	2017-02-15 14:41:53.377041
902a3ca2-80c6-4360-8f0e-af4c71769d8f	661af839-f34b-4d85-ab6d-dd7aeb6c8c62	b3bfee96-3f8b-4402-8b81-39ff8a8424ad	2017-02-15 14:41:53.377041
661af839-f34b-4d85-ab6d-dd7aeb6c8c62	0dc60f0c-6087-4544-8231-7b10fd78faf5	b3bfee96-3f8b-4402-8b81-39ff8a8424ad	2017-02-15 14:41:53.377041
0dc60f0c-6087-4544-8231-7b10fd78faf5	6cbfb64c-aa72-403c-af29-2d33424b11cc	b3bfee96-3f8b-4402-8b81-39ff8a8424ad	2017-02-15 14:41:53.377041
2aeda0c9-261d-4ef2-9127-8ef050a3e9a9	99aabe50-e1c0-4bc4-9770-ec723dc24732	b3bfee96-3f8b-4402-8b81-39ff8a8424ad	2017-02-15 14:41:53.377041
99aabe50-e1c0-4bc4-9770-ec723dc24732	12775fb1-11df-480c-b433-dd0dea227636	b3bfee96-3f8b-4402-8b81-39ff8a8424ad	2017-02-15 14:41:53.377041
d28e1e2e-5a47-4366-8c54-9aea271c2e57	247e25c3-186d-45c2-968b-b2335d7de262	b3bfee96-3f8b-4402-8b81-39ff8a8424ad	2017-02-15 14:41:53.377041
247e25c3-186d-45c2-968b-b2335d7de262	be42bc9b-c579-4e2c-bcb3-2422684c7324	b3bfee96-3f8b-4402-8b81-39ff8a8424ad	2017-02-15 14:41:53.377041
be42bc9b-c579-4e2c-bcb3-2422684c7324	394f9809-075f-400f-a35c-6164f6e4a2ed	b3bfee96-3f8b-4402-8b81-39ff8a8424ad	2017-02-15 14:41:53.377041
b26f105b-3f36-4ce6-9ce9-bbeba5a51424	87f55db1-ba54-4719-84e8-81deb3540414	b3bfee96-3f8b-4402-8b81-39ff8a8424ad	2017-02-15 14:41:53.377041
87f55db1-ba54-4719-84e8-81deb3540414	278c0b57-22db-4159-99a0-721b3c41000e	b3bfee96-3f8b-4402-8b81-39ff8a8424ad	2017-02-15 14:41:53.377041
6d3c8d08-025a-4e29-9c2e-d05dd910d3b2	aa861649-227b-407b-9694-4af23579cdda	b3bfee96-3f8b-4402-8b81-39ff8a8424ad	2017-02-15 14:41:53.377041
aa861649-227b-407b-9694-4af23579cdda	5ba3287b-ba6b-4722-87d1-fa3ae317b1b2	b3bfee96-3f8b-4402-8b81-39ff8a8424ad	2017-02-15 14:41:53.377041
5ba3287b-ba6b-4722-87d1-fa3ae317b1b2	a37f3985-c980-4388-9c07-4a20fafc749e	b3bfee96-3f8b-4402-8b81-39ff8a8424ad	2017-02-15 14:41:53.377041
a37f3985-c980-4388-9c07-4a20fafc749e	5acc17ab-6c7a-499d-bbd2-5a275f78382b	b3bfee96-3f8b-4402-8b81-39ff8a8424ad	2017-02-15 14:41:53.377041
5acc17ab-6c7a-499d-bbd2-5a275f78382b	b79e039f-ba72-47f9-bec7-29ce24df6650	b3bfee96-3f8b-4402-8b81-39ff8a8424ad	2017-02-15 14:41:53.377041
b79e039f-ba72-47f9-bec7-29ce24df6650	2106f0ec-ca4d-4f32-bae3-19caae3ff69e	b3bfee96-3f8b-4402-8b81-39ff8a8424ad	2017-02-15 14:41:53.377041
2106f0ec-ca4d-4f32-bae3-19caae3ff69e	76e917fd-1eed-4b88-b0bc-fc08864dcc15	b3bfee96-3f8b-4402-8b81-39ff8a8424ad	2017-02-15 14:41:53.377041
76e917fd-1eed-4b88-b0bc-fc08864dcc15	d8bcf1d4-cc2f-4e65-a1ef-3db1a864d1e5	b3bfee96-3f8b-4402-8b81-39ff8a8424ad	2017-02-15 14:41:53.377041
d8bcf1d4-cc2f-4e65-a1ef-3db1a864d1e5	128b2d6b-e60b-46e4-bfdd-955bc7487d5a	b3bfee96-3f8b-4402-8b81-39ff8a8424ad	2017-02-15 14:41:53.377041
128b2d6b-e60b-46e4-bfdd-955bc7487d5a	fe03af15-debc-431d-b0fa-0015ee1448f2	b3bfee96-3f8b-4402-8b81-39ff8a8424ad	2017-02-15 14:41:53.377041
fe03af15-debc-431d-b0fa-0015ee1448f2	bc80f376-4bd1-489c-a7a2-e287e7d5ab75	b3bfee96-3f8b-4402-8b81-39ff8a8424ad	2017-02-15 14:41:53.377041
bc80f376-4bd1-489c-a7a2-e287e7d5ab75	685fba41-719d-45fb-97e1-84fb3873f63a	b3bfee96-3f8b-4402-8b81-39ff8a8424ad	2017-02-15 14:41:53.377041
685fba41-719d-45fb-97e1-84fb3873f63a	2ec3766a-deaf-4231-b6ed-b05755ad9a5b	b3bfee96-3f8b-4402-8b81-39ff8a8424ad	2017-02-15 14:41:53.377041
2ec3766a-deaf-4231-b6ed-b05755ad9a5b	f2899a0e-2b82-47ec-b046-5936ce163a7a	b3bfee96-3f8b-4402-8b81-39ff8a8424ad	2017-02-15 14:41:53.377041
f2899a0e-2b82-47ec-b046-5936ce163a7a	9bad7dbb-2bc8-4d1c-9210-e2aac20b6afb	b3bfee96-3f8b-4402-8b81-39ff8a8424ad	2017-02-15 14:41:53.377041
9bad7dbb-2bc8-4d1c-9210-e2aac20b6afb	c993b196-2da5-4dae-b1be-baad2513f18a	b3bfee96-3f8b-4402-8b81-39ff8a8424ad	2017-02-15 14:41:53.377041
c993b196-2da5-4dae-b1be-baad2513f18a	67dd9f75-74aa-46ac-88f7-1d42ed6dbe77	b3bfee96-3f8b-4402-8b81-39ff8a8424ad	2017-02-15 14:41:53.377041
4d1a38cb-4b07-462e-8f45-75eb868422ba	7d5eccb3-9562-4291-bf90-905c7be5ffb2	b3bfee96-3f8b-4402-8b81-39ff8a8424ad	2017-02-15 14:41:53.377041
7d5eccb3-9562-4291-bf90-905c7be5ffb2	0f090ef3-a214-46ef-b6de-53f000f87d7c	b3bfee96-3f8b-4402-8b81-39ff8a8424ad	2017-02-15 14:41:53.377041
0f090ef3-a214-46ef-b6de-53f000f87d7c	047a54dc-8cdc-4057-a1a0-0537c49f363b	b3bfee96-3f8b-4402-8b81-39ff8a8424ad	2017-02-15 14:41:53.377041
047a54dc-8cdc-4057-a1a0-0537c49f363b	b61c57c9-6051-498c-811b-852dd6ef4ae6	b3bfee96-3f8b-4402-8b81-39ff8a8424ad	2017-02-15 14:41:53.377041
b61c57c9-6051-498c-811b-852dd6ef4ae6	2f632299-9a13-47e3-901a-9b2ece7979af	b3bfee96-3f8b-4402-8b81-39ff8a8424ad	2017-02-15 14:41:53.377041
2f632299-9a13-47e3-901a-9b2ece7979af	9760a699-ee8e-47fb-8015-52fd935308ab	b3bfee96-3f8b-4402-8b81-39ff8a8424ad	2017-02-15 14:41:53.377041
9760a699-ee8e-47fb-8015-52fd935308ab	312bb888-d6a2-49aa-80f0-a5f167958465	b3bfee96-3f8b-4402-8b81-39ff8a8424ad	2017-02-15 14:41:53.377041
312bb888-d6a2-49aa-80f0-a5f167958465	f8299f1d-e9c7-4513-9977-9c4c25b10d41	b3bfee96-3f8b-4402-8b81-39ff8a8424ad	2017-02-15 14:41:53.377041
f8299f1d-e9c7-4513-9977-9c4c25b10d41	2b9f8ffc-b3ff-429c-a1ca-6fe160b0cc0d	b3bfee96-3f8b-4402-8b81-39ff8a8424ad	2017-02-15 14:41:53.377041
2b9f8ffc-b3ff-429c-a1ca-6fe160b0cc0d	baaabefa-010f-4656-881d-f951dd245db9	b3bfee96-3f8b-4402-8b81-39ff8a8424ad	2017-02-15 14:41:53.377041
baaabefa-010f-4656-881d-f951dd245db9	d2d13112-7fa6-481c-9536-817c0725bb0e	b3bfee96-3f8b-4402-8b81-39ff8a8424ad	2017-02-15 14:41:53.377041
d2d13112-7fa6-481c-9536-817c0725bb0e	6b54e54c-d93a-4d16-9a96-e2f39d83629f	b3bfee96-3f8b-4402-8b81-39ff8a8424ad	2017-02-15 14:41:53.377041
e2e50bf7-914a-4dfb-bd57-2d88f6d18f9e	c0f4e6b2-bdcd-4538-bafb-75d8729a8ca9	b3bfee96-3f8b-4402-8b81-39ff8a8424ad	2017-02-15 14:41:53.377041
c0f4e6b2-bdcd-4538-bafb-75d8729a8ca9	88e2ef9c-d355-4d9a-919b-655a6104ec67	b3bfee96-3f8b-4402-8b81-39ff8a8424ad	2017-02-15 14:41:53.377041
88e2ef9c-d355-4d9a-919b-655a6104ec67	c237fce7-fd0d-4bca-a84a-277177a0e0e4	b3bfee96-3f8b-4402-8b81-39ff8a8424ad	2017-02-15 14:41:53.377041
befe286d-fd6a-4cc5-8549-aeec99c3b647	e3940141-da84-438b-b3ad-9286b3f5f006	b3bfee96-3f8b-4402-8b81-39ff8a8424ad	2017-02-15 14:41:53.377041
e3940141-da84-438b-b3ad-9286b3f5f006	93bf3e26-4dc7-41ad-9e9c-09e1ad64cf68	b3bfee96-3f8b-4402-8b81-39ff8a8424ad	2017-02-15 14:41:53.377041
93bf3e26-4dc7-41ad-9e9c-09e1ad64cf68	096062d9-5b4e-46b3-99c0-106f4161769b	b3bfee96-3f8b-4402-8b81-39ff8a8424ad	2017-02-15 14:41:53.377041
096062d9-5b4e-46b3-99c0-106f4161769b	85dda92a-6bd8-45ef-b300-c5037fe9d43b	b3bfee96-3f8b-4402-8b81-39ff8a8424ad	2017-02-15 14:41:53.377041
85dda92a-6bd8-45ef-b300-c5037fe9d43b	1738b116-f61f-40c1-b770-6dcc2163d402	b3bfee96-3f8b-4402-8b81-39ff8a8424ad	2017-02-15 14:41:53.377041
1738b116-f61f-40c1-b770-6dcc2163d402	16fb554b-84c7-448b-b8a6-c5dcbc10739f	b3bfee96-3f8b-4402-8b81-39ff8a8424ad	2017-02-15 14:41:53.377041
16fb554b-84c7-448b-b8a6-c5dcbc10739f	3cba51e7-6038-4d91-8bf5-acd0c490e09e	b3bfee96-3f8b-4402-8b81-39ff8a8424ad	2017-02-15 14:41:53.377041
3cba51e7-6038-4d91-8bf5-acd0c490e09e	e6d42734-c55b-4e7c-8f87-ccf6952e6edb	b3bfee96-3f8b-4402-8b81-39ff8a8424ad	2017-02-15 14:41:53.377041
e6d42734-c55b-4e7c-8f87-ccf6952e6edb	f9d9e97d-b3d5-4955-a63e-456099a01ab7	b3bfee96-3f8b-4402-8b81-39ff8a8424ad	2017-02-15 14:41:53.377041
f9d9e97d-b3d5-4955-a63e-456099a01ab7	4d9b7480-61cc-4906-9839-3877862d0e5b	b3bfee96-3f8b-4402-8b81-39ff8a8424ad	2017-02-15 14:41:53.377041
527a5915-bc20-454f-ba0d-a0a954292ba5	ca268aef-8997-4636-bce4-9152784a9e33	b3bfee96-3f8b-4402-8b81-39ff8a8424ad	2017-02-15 14:41:53.377041
ca268aef-8997-4636-bce4-9152784a9e33	14d9321c-ec6f-4696-a362-e13b81b9d773	b3bfee96-3f8b-4402-8b81-39ff8a8424ad	2017-02-15 14:41:53.377041
14d9321c-ec6f-4696-a362-e13b81b9d773	81589201-f177-4e1d-ac51-c3466e3eeff5	b3bfee96-3f8b-4402-8b81-39ff8a8424ad	2017-02-15 14:41:53.377041
81589201-f177-4e1d-ac51-c3466e3eeff5	5e5e3a33-521c-483a-99ea-8c8ad98db817	b3bfee96-3f8b-4402-8b81-39ff8a8424ad	2017-02-15 14:41:53.377041
5e5e3a33-521c-483a-99ea-8c8ad98db817	293262a5-1834-4910-a1cf-a3b1fb667141	b3bfee96-3f8b-4402-8b81-39ff8a8424ad	2017-02-15 14:41:53.377041
293262a5-1834-4910-a1cf-a3b1fb667141	ebffae00-4db8-470e-8cd3-d1115e7bf716	b3bfee96-3f8b-4402-8b81-39ff8a8424ad	2017-02-15 14:41:53.377041
0786d6d3-c70b-4abb-a6ad-21c0fc487b9a	40e3e37c-21ae-4532-aac2-1fc73f4d896a	b3bfee96-3f8b-4402-8b81-39ff8a8424ad	2017-02-15 14:41:53.377041
40e3e37c-21ae-4532-aac2-1fc73f4d896a	e8049419-7102-4092-9a38-4f51353f1d6d	b3bfee96-3f8b-4402-8b81-39ff8a8424ad	2017-02-15 14:41:53.377041
0e182938-3c83-4a58-8547-9ff148419ad6	1b859ee8-8ba1-4248-8819-fff218673018	b3bfee96-3f8b-4402-8b81-39ff8a8424ad	2017-02-15 14:41:53.377041
1b859ee8-8ba1-4248-8819-fff218673018	76a5ebf6-0c62-45e0-a6b4-1e37ecea1261	b3bfee96-3f8b-4402-8b81-39ff8a8424ad	2017-02-15 14:41:53.377041
76a5ebf6-0c62-45e0-a6b4-1e37ecea1261	fe6d3acf-bbbf-4c96-af82-a78eee9cc0fc	b3bfee96-3f8b-4402-8b81-39ff8a8424ad	2017-02-15 14:41:53.377041
fe6d3acf-bbbf-4c96-af82-a78eee9cc0fc	b5e9c4cb-3d36-4959-b355-63a35b3b9fbb	b3bfee96-3f8b-4402-8b81-39ff8a8424ad	2017-02-15 14:41:53.377041
b5e9c4cb-3d36-4959-b355-63a35b3b9fbb	55d85251-51db-4732-ad30-44d8c5042243	b3bfee96-3f8b-4402-8b81-39ff8a8424ad	2017-02-15 14:41:53.377041
55d85251-51db-4732-ad30-44d8c5042243	05c89d06-d75f-4574-b5ce-63aa094f6c10	b3bfee96-3f8b-4402-8b81-39ff8a8424ad	2017-02-15 14:41:53.377041
05c89d06-d75f-4574-b5ce-63aa094f6c10	00599e6f-de86-43ac-b30e-5f7697781409	b3bfee96-3f8b-4402-8b81-39ff8a8424ad	2017-02-15 14:41:53.377041
00599e6f-de86-43ac-b30e-5f7697781409	7b4afef0-3774-4e7b-8046-b04a89fb496a	b3bfee96-3f8b-4402-8b81-39ff8a8424ad	2017-02-15 14:41:53.377041
7b4afef0-3774-4e7b-8046-b04a89fb496a	e9a42fe5-bf14-4900-aad5-141fee2e0387	b3bfee96-3f8b-4402-8b81-39ff8a8424ad	2017-02-15 14:41:53.377041
e9a42fe5-bf14-4900-aad5-141fee2e0387	179f457a-9e6e-4c84-9af2-8326d40a573a	b3bfee96-3f8b-4402-8b81-39ff8a8424ad	2017-02-15 14:41:53.377041
179f457a-9e6e-4c84-9af2-8326d40a573a	9994cfcc-e3a1-4e56-a490-221305c455fd	b3bfee96-3f8b-4402-8b81-39ff8a8424ad	2017-02-15 14:41:53.377041
9994cfcc-e3a1-4e56-a490-221305c455fd	4b491bbc-e94f-44fc-aa88-ad52ffeb7a91	b3bfee96-3f8b-4402-8b81-39ff8a8424ad	2017-02-15 14:41:53.377041
4b491bbc-e94f-44fc-aa88-ad52ffeb7a91	f838ef7a-35bd-46f6-a442-3a92918b1ae2	b3bfee96-3f8b-4402-8b81-39ff8a8424ad	2017-02-15 14:41:53.377041
f838ef7a-35bd-46f6-a442-3a92918b1ae2	7514e056-09e1-4d13-beee-d87f30d8896b	b3bfee96-3f8b-4402-8b81-39ff8a8424ad	2017-02-15 14:41:53.377041
7514e056-09e1-4d13-beee-d87f30d8896b	ced06b2c-1329-4549-94c9-92062e3fdf63	b3bfee96-3f8b-4402-8b81-39ff8a8424ad	2017-02-15 14:41:53.377041
ced06b2c-1329-4549-94c9-92062e3fdf63	244ae30b-4391-4b89-912a-17f0e1ea3498	b3bfee96-3f8b-4402-8b81-39ff8a8424ad	2017-02-15 14:41:53.377041
244ae30b-4391-4b89-912a-17f0e1ea3498	f77087b9-297f-4b51-b23b-ff4d9fe1c292	b3bfee96-3f8b-4402-8b81-39ff8a8424ad	2017-02-15 14:41:53.377041
ab179b46-b08c-4546-99fd-e27c05c26cd1	7d7eee15-e0c2-41cf-b116-af250e7eb5e2	b3bfee96-3f8b-4402-8b81-39ff8a8424ad	2017-02-15 14:41:53.377041
7d7eee15-e0c2-41cf-b116-af250e7eb5e2	0970d571-074a-4ac6-b2df-1271193ffe54	b3bfee96-3f8b-4402-8b81-39ff8a8424ad	2017-02-15 14:41:53.377041
0970d571-074a-4ac6-b2df-1271193ffe54	2b540b9d-4cd0-4b39-8170-8b714cea311d	b3bfee96-3f8b-4402-8b81-39ff8a8424ad	2017-02-15 14:41:53.377041
2b540b9d-4cd0-4b39-8170-8b714cea311d	0807166d-2953-4160-abc6-f2566fa38597	b3bfee96-3f8b-4402-8b81-39ff8a8424ad	2017-02-15 14:41:53.377041
5576a7dd-9981-4a0c-81bd-ee14fda48673	0824cf44-3b70-4aef-a34b-a1143bcebc73	b3bfee96-3f8b-4402-8b81-39ff8a8424ad	2017-02-15 14:41:53.377041
0824cf44-3b70-4aef-a34b-a1143bcebc73	4725ad02-b46d-4ca6-ad81-6e51cfb0b748	b3bfee96-3f8b-4402-8b81-39ff8a8424ad	2017-02-15 14:41:53.377041
4725ad02-b46d-4ca6-ad81-6e51cfb0b748	7da7379a-1e84-4ded-9342-8637ea9c8845	b3bfee96-3f8b-4402-8b81-39ff8a8424ad	2017-02-15 14:41:53.377041
7da7379a-1e84-4ded-9342-8637ea9c8845	9a83df87-bc2d-4187-8a3e-442bda01e284	b3bfee96-3f8b-4402-8b81-39ff8a8424ad	2017-02-15 14:41:53.377041
a282295c-5e34-45a4-993e-b05ef4d2c546	a2708c0a-676c-42b8-94ed-65d5f1d3877c	b3bfee96-3f8b-4402-8b81-39ff8a8424ad	2017-02-15 14:41:53.377041
a2708c0a-676c-42b8-94ed-65d5f1d3877c	3d1a5ec9-8ef2-40e3-8938-2d06a2470347	b3bfee96-3f8b-4402-8b81-39ff8a8424ad	2017-02-15 14:41:53.377041
3d1a5ec9-8ef2-40e3-8938-2d06a2470347	18b77e08-2150-4d4d-b460-0791ff2d56b7	b3bfee96-3f8b-4402-8b81-39ff8a8424ad	2017-02-15 14:41:53.377041
18b77e08-2150-4d4d-b460-0791ff2d56b7	cc1cf9c6-f2fd-48f5-a6df-708ee1126a9d	b3bfee96-3f8b-4402-8b81-39ff8a8424ad	2017-02-15 14:41:53.377041
cc1cf9c6-f2fd-48f5-a6df-708ee1126a9d	b554c5d8-191d-4a1f-9b5a-df3482b17d8f	b3bfee96-3f8b-4402-8b81-39ff8a8424ad	2017-02-15 14:41:53.377041
b554c5d8-191d-4a1f-9b5a-df3482b17d8f	eb491e9f-1155-45a0-b100-bc3d3d887037	b3bfee96-3f8b-4402-8b81-39ff8a8424ad	2017-02-15 14:41:53.377041
aa51a2e0-9f74-460c-8b1b-e8294d5301ce	07a86a61-7de8-411b-b138-64d4aace9811	b3bfee96-3f8b-4402-8b81-39ff8a8424ad	2017-02-15 14:41:53.377041
ee07d476-dc31-4232-bf7c-4ff27d7c47d5	c1f5a537-691c-40f6-bfe2-16a7fba534f4	b3bfee96-3f8b-4402-8b81-39ff8a8424ad	2017-02-15 14:41:53.377041
9ca22649-2f29-45a4-801f-3fd278b4c1c0	aa51a2e0-9f74-460c-8b1b-e8294d5301ce	b3bfee96-3f8b-4402-8b81-39ff8a8424ad	2017-02-15 14:41:53.377041
9b1a5d54-ef14-4f84-9874-f5441f0545c9	ee07d476-dc31-4232-bf7c-4ff27d7c47d5	b3bfee96-3f8b-4402-8b81-39ff8a8424ad	2017-02-15 14:41:53.377041
3c6aa4b9-6aa4-4483-8522-0ca0b0dbd1e8	722de95e-7aa0-4a30-bb65-d843e68da141	b3bfee96-3f8b-4402-8b81-39ff8a8424ad	2017-02-15 14:41:53.377041
29139203-f81c-4b69-be19-4e63080b0fa0	902a3ca2-80c6-4360-8f0e-af4c71769d8f	b3bfee96-3f8b-4402-8b81-39ff8a8424ad	2017-02-15 14:41:53.377041
12775fb1-11df-480c-b433-dd0dea227636	d28e1e2e-5a47-4366-8c54-9aea271c2e57	b3bfee96-3f8b-4402-8b81-39ff8a8424ad	2017-02-15 14:41:53.377041
394f9809-075f-400f-a35c-6164f6e4a2ed	b26f105b-3f36-4ce6-9ce9-bbeba5a51424	b3bfee96-3f8b-4402-8b81-39ff8a8424ad	2017-02-15 14:41:53.377041
c3fa3ce4-07b0-4c84-b12d-4725c3e998aa	9ca22649-2f29-45a4-801f-3fd278b4c1c0	b3bfee96-3f8b-4402-8b81-39ff8a8424ad	2017-02-15 14:41:53.377041
c237fce7-fd0d-4bca-a84a-277177a0e0e4	befe286d-fd6a-4cc5-8549-aeec99c3b647	b3bfee96-3f8b-4402-8b81-39ff8a8424ad	2017-02-15 14:41:53.377041
9a83df87-bc2d-4187-8a3e-442bda01e284	a282295c-5e34-45a4-993e-b05ef4d2c546	b3bfee96-3f8b-4402-8b81-39ff8a8424ad	2017-02-15 14:41:53.377041
e8049419-7102-4092-9a38-4f51353f1d6d	0e182938-3c83-4a58-8547-9ff148419ad6	b3bfee96-3f8b-4402-8b81-39ff8a8424ad	2017-02-15 14:41:53.377041
6cbfb64c-aa72-403c-af29-2d33424b11cc	2aeda0c9-261d-4ef2-9127-8ef050a3e9a9	b3bfee96-3f8b-4402-8b81-39ff8a8424ad	2017-02-15 14:41:53.377041
6b54e54c-d93a-4d16-9a96-e2f39d83629f	e2e50bf7-914a-4dfb-bd57-2d88f6d18f9e	b3bfee96-3f8b-4402-8b81-39ff8a8424ad	2017-02-15 14:41:53.377041
f77087b9-297f-4b51-b23b-ff4d9fe1c292	ab179b46-b08c-4546-99fd-e27c05c26cd1	b3bfee96-3f8b-4402-8b81-39ff8a8424ad	2017-02-15 14:41:53.377041
4d9b7480-61cc-4906-9839-3877862d0e5b	527a5915-bc20-454f-ba0d-a0a954292ba5	b3bfee96-3f8b-4402-8b81-39ff8a8424ad	2017-02-15 14:41:53.377041
ebffae00-4db8-470e-8cd3-d1115e7bf716	0786d6d3-c70b-4abb-a6ad-21c0fc487b9a	b3bfee96-3f8b-4402-8b81-39ff8a8424ad	2017-02-15 14:41:53.377041
0807166d-2953-4160-abc6-f2566fa38597	5576a7dd-9981-4a0c-81bd-ee14fda48673	b3bfee96-3f8b-4402-8b81-39ff8a8424ad	2017-02-15 14:41:53.377041
\.


--
-- Data for Name: dm_users; Type: TABLE DATA; Schema: public; Owner: postgres
--

COPY dm_users (user_id, username, email, facebook_id, facebook_token, create_ts) FROM stdin;
37caae88-f0a7-4a5f-b1ba-800976549b00	Connor Elkin	flashconnor@hotmail.com	1560525417297635	EAAQDT6V6j7UBAP41HAy1S5tfPXoChObZAFyDgp6tZAaZBYHllEijxrT2KHKYyKy8mPSS6feblRrNtqGtU3D27sNhg4TSbA9NB7ZCznimUNJSJ8C5I08lQ67f0vfrskRc7uxpdLTAoUrr0eqm7yp5D3tvIQL1rQEZD	2017-02-07 20:31:54.838059
f838ef7a-35bd-46f6-a442-3a92918b1ae2	Karly Parsons	karlymparsons@ufl.edu	1069810293131440	EAAQDT6V6j7UBAJzxMpbaiIRfiiCYluJtzRoLfBJGbi4RTGU2d0sbqdY1iDLZAPavvTMb4HWSv77DQ5p4Or7lfPOsaJO2dJKRG9roXJvLhWtpvnQsBcJSPKjZBSOwVgyQsaI7ldP3CZBZBfZBBdrJAVdZC1iAmIDLQZD	2017-02-08 08:51:30.221453
0807166d-2953-4160-abc6-f2566fa38597	Kelcie Roscoe	kelctastic@yahoo.com	10212213063388152	EAAQDT6V6j7UBADZCKIEsTCkZAZByVxPRFAJXHYVZBNJleYLV1wQmSQZB4UP2cPwnuYneyW3EyJo7Ic2yZAxxgJzHZCGNCWEDmpnHRvqNb53BJgpZAYiZBfDG1i59HKNV93GVH76ZCcB5PnR6HkcDwwItraxWHUUO2d1K0ZD	2017-02-07 10:23:09.636157
ab179b46-b08c-4546-99fd-e27c05c26cd1	Layton Wiemer	wiemerlayton@gmail.com	1302475243131677	EAAQDT6V6j7UBAKG8YEBySvZCPe91hs0inmhA8wAdPYD1WiqLr53nJE0Kb6Kot2lZAlL31NUkvV0WI87QARwYQUkNIOxXiZC0VkyMt603iZB2m0JmQglb6PnMy8NFUY5oRz46QeIe5IKVxv1oykh9btnWVOqZAvnwZD	2017-02-08 08:55:30.612078
44e43142-518f-43ad-8606-453cc83d420b	Rebecca Shalloway	none-provided@playassassins.com	10206397688420649	EAAQDT6V6j7UBALkmX6NrJVUX3jRh4cB3ONekNGI0PRoddRsgdVyENg1cZBtyb6yEB9eZAB4IuFt978PHbT5KX8G40K3miJp9IZBUCNhU5jBlTxFNNX0vIxJ6U63L6rkvRZBHITTfp3WHO0GZC3qP2xj7tEFPMIMAZD	2017-02-07 09:24:16.885232
4d9b7480-61cc-4906-9839-3877862d0e5b	Jesse Zilberman	jesseliad123@aol.com	1686502841363474	EAAQDT6V6j7UBABekZC6VeOnlZA6zmZBlG8ZAUTVlcZC51ZBeT1hyyHQkKBRrJ3YaLw1qTw2gc6CHQkzJfzhBBVdSWaO5yd1PK9vO7KuHo5ZBx526nmFZBZABHUQGmQjFvJV0O2RrkNvUs67hAdegN24q96TM9D9cqWigZD	2017-02-08 09:02:43.423333
63a4fe20-1f16-4acf-af41-3f3f218599fc	Bryan Rivera	brbriv@gmail.com	1324975197523018	EAAQDT6V6j7UBAJ4xvMxIOV9AbDL5MEa5mmZBq5WayIrhTeZB1vDZBl7WFKZAIKRCmKtDMqOwQMFg7KZAlDAeRU31Ww5kTQjIaZAjZAfV5nhhgCl7GuvZChvRuNjWYFCmsm66gX64j4evmtU28iXEZCKG4Xpj8CGKZAN4sZD	2017-02-07 13:51:13.654616
29139203-f81c-4b69-be19-4e63080b0fa0	Hannah Rae	hraeb@hotmail.com	10208177177058246	EAAQDT6V6j7UBAEu9YMNomYVGnGramc6vah4Pm92VkSWvkeFabaZBP7SgBImlZBOqaPebuJV0AlmHHZBCCBL36xlu2sx30zl1QBDLHYEgZBXrBzp33QubvgGUi6V5ZAP88X5FfQpX4Ki5y5CKKXqfZB	2017-02-08 08:53:13.86837
0824cf44-3b70-4aef-a34b-a1143bcebc73	Hannah Hallman	lacrosse003@gmail.com	1638821509479943	EAAQDT6V6j7UBAJcIGZA3pVOwAHZB7DEjZBZAoXpZBf3m6rteuJS3kZCqhADNKP4gpu848y6YKwknCRT7DYZCtZB76yc5OGtftxjXg4PzzJUKvvOBzRxkBVJPIKcdgFshTZCiRv0KrfZA0bU1NFNXJdMyfiUtpRgKCJF6cZD	2017-02-08 08:54:10.88181
9a83df87-bc2d-4187-8a3e-442bda01e284	Julie Smith	juliekimberlys@gmail.com	1593218330693630	EAAQDT6V6j7UBAEhrWsAGtvcmwCuIs37gjxZBVWBjjupVQeolcD4ClMJACYEU4Yk5aiwt0mcNFZAFnFgZCY2MZCpZCrNB1z87cW1QSSVtcyqcIoSWZB8U2Dx3DX5mowkkQYlyGYwFYWVlf4TaynqOWdRJFUAZAZBfhZAQZD	2017-02-08 08:53:50.481787
ae4493f4-b99a-47e9-abd7-385f545c13f2	Zach Ginsburg	zginsburg@ufl.edu	10208714505685445	EAAQDT6V6j7UBAFDZADNisiGRvracDvRSPhyWyvSqPeI8aOgpu8BzTZA35gQEA70waejjLDz4poOww4J9ZAvl8ZBebj8MCjIXS4VNncIXUgqyaceF7PFnHTMdFvRU77zSG1D9ZB3DMelcROeO4wOnFFy84wyeDsZBMZD	2017-02-08 08:52:39.338645
c0f4e6b2-bdcd-4538-bafb-75d8729a8ca9	Caitlyn Nicholson	caitlynnicholson@me.com	10206981851499290	EAAQDT6V6j7UBAOZAkgqnVp6KpoepZCdZCcaqMmSFvIJ1MLuJ984suk00ORmMK5dRlwg4Qyxz898ZB3tv0ewCFMg8DtHL8ZAjo5G21cuMMVYZCD5iYdxpQizkNFo9W2sArldCdKG6776X0FvVkRbJS6ZBwbTrngzdvwZD	2017-02-08 08:58:31.912806
cbd1ab92-e6be-4df9-89a8-d933e17f8d2b	Nicole Paige	nicolepallison@ufl.edu	10212235711232215	EAAQDT6V6j7UBAJWMyrSncAC1ZCjmbsEv6KAGMH0W7LmYxNnaITidZB0GdACESIR2q7OuwSnJ6ZBo4qep0dgLCElAIpAS3pgOiZCk0LxgycEJLxZBzZASoX5Oq16oUyN15LlLeAq9M1ic0lUjfx7Ep2	2017-02-08 08:58:54.082934
7da7379a-1e84-4ded-9342-8637ea9c8845	Landon Myers	redsoxrule2@me.com	1466053310072544	EAAQDT6V6j7UBAEGkeqr8iu9P0rp6hM2aKHZBpn5LPL9hi9HwYw4GOAPJ0iX8Tbwmjwvj7VBfHp0xmF7ghGaSIoEPMdzOZBlyUefbjfber4GoFkC9JFwzONHCMFsO81BafNHujucbbqJUqfAhLrHWizZAOdw8vwZD	2017-02-08 08:59:23.348305
0f090ef3-a214-46ef-b6de-53f000f87d7c	Carly Mackler	carlymack@ufl.edu	10210054504691723	EAAQDT6V6j7UBALJ01jZBsH0w2d34lb2VlbDtZCTG7YTrNxzUI3ZAJ2axltlpriIWa3es6apmiOPezWESQsZCMqjSPUpZCeOEbVDZA9EbNlo37j3BFZC4FQKIzbUI54wIBa79Hftr2tAtrl2zVsYK8kZB	2017-02-08 08:54:09.413288
8014993c-deae-4dc4-a5db-69b98c5615b5	Cydney Glasser	cyd2632@yahoo.com	1449138715096548	EAAQDT6V6j7UBADZAgYJEwk9e5GYq3mE8mOZBoB3f5zQCPf0Tg8hUpGUv1huFy0dRxP2L0bcwfM7z0mpLaApXAORBvh8J50qok3rOP2SdCoJZByOcN9RJQys1mbqZAdbQMCt3aeKUdZAT3inoLnWJwmTVqcP2fZBKEZD	2017-02-08 08:59:31.380491
05c89d06-d75f-4574-b5ce-63aa094f6c10	Alexis Castro	alexisnc7@gmail.com	10210141296501700	EAAQDT6V6j7UBAPJ3I0kPnR1uClbAcEkXPE8iSiV5xPDnwxPf1e3co0AbH92JRci4qZBuuYdXZAs1KwopDWGyVC4DhYSqv6ZAtncaSOXWN2hfufosxOMRi6grTHLyZCHsv4pDI6s3P3SNB6NF39zi0FZBnkZCqMcQcZD	2017-02-08 08:52:51.700451
78da03d6-7f9c-47d3-bcab-12c7a2940b8b	Alexander Robau	aerobau@gmail.com	1363186503722874	EAAQDT6V6j7UBAOoxRBFGLgZB1H3uQo7MQ056yBxXIX7mp5007eOGfnbRa9SsZBS0CZAHl9QSyX3XPnhvEcCz4GZCPZAnXfFcZBRjxV2AotLubVYSaC42sFJ4UmVzrseCzApHF7GDiLRZCQe02eQxbXehjV1udQO2oEZD	2017-02-06 23:51:41.011606
a1546597-13b3-47d2-8d98-1c8ffea592dc	Paris Aubin	parisaubin@yahoo.com	1917559775147248	EAAQDT6V6j7UBAAyMzABUMIRartWsYrPCCs6E3vJr6Peu9IcjcMj5AAcdyqXIvQfyTvmjPQmD6TTcXSc32DsPESldGZCw3M5Gjcdn7IDAO3I3UGHJSBpliBxs3wmT2K12ZAWLcKYfwPY4GcXk5YlE31cDwGCRIZD	2017-02-08 09:00:05.772766
0c08a714-6fab-4abb-bf11-4dc1bbfac5eb	Corey Huff	chsoccer5@aol.com	10202831346379963	EAAQDT6V6j7UBAHyJoUQIeqZBLMW2YaZBALDQ4bMfFAe4ii5zpzvqd2fatqp3nzN7g6GJPDp5BBZAeLncVsREtByGBR6Ima9hZCUXwwjZAwgQbvZCyNZAtKRcQRB7B8g25rW1TvK4K7ov6AYpXwOg5KE	2017-02-08 08:57:40.914308
1b859ee8-8ba1-4248-8819-fff218673018	Andie Waldman	andie.waldman@gmail.com	10212077088428344	EAAQDT6V6j7UBAKuF1AAazhVwk2ETLgu77YmsvcamdXW1pBbcla5HSXFZCSvfMdkrCfKEliSIZBZBZA1jIXHMJwy0jZBNNHZBdikZA0qAt5Bl1tLEJCA1gNDzF4Qzwgvtpni3GZCy7rGX5BiH2sWivT0b	2017-02-08 08:53:40.289863
4afa504f-abb5-4d19-b044-08b06e22ebc7	Tami Moreno	tmoreno@floridadm.org	10157897032020417	EAAQDT6V6j7UBAAs7FTNsO0NPI95BHsFXIkuZBnUWRiifLGOmc1Wd8hIpJZBQrTRXB2tMgFXSBU5EZCTU5KxGmTXdcYkoO07tolCUEsgoW32xq2wYLZCsKgfCuDsFBWcTnvIIPVDhdcgZA3lYDejSQ	2017-02-07 22:10:48.497899
c1f5a537-691c-40f6-bfe2-16a7fba534f4	Lucas Lopez	lucanator13@gmail.com	1535447329818617	EAAQDT6V6j7UBAMPznOuCyPFMpH7ZBi9yylFPZBMZBddkWriMXZAJ5ZCirmLWYf2uKpIWP1t6fpP38Lyp9v4rccynxoPMP363QGc0SzYuRTU1UBpcWqUUNRvQZAk9sgR6NgG15y4xmJ4ZCwvdUfelZAFD3KnKcXYaeOkZD	2017-02-08 08:54:47.680731
c993b196-2da5-4dae-b1be-baad2513f18a	Marra Sirianni	marrasirianni@gmail.com	10203257642557759	EAAQDT6V6j7UBAM7LbrAqw2EZAZAH1dptBQ5eteblxSp47QIZBqB7ZApYm0cOjWMI8IZBpZBYJ5xeBI6eGBXkFr5t88C4v0wVIqJxC5WOIZBdIVEDj5rpARikFHPpSTk0MlDHW1JXXcUKT9cIZBwWsWIQ	2017-02-08 08:56:12.362761
76e917fd-1eed-4b88-b0bc-fc08864dcc15	Ed Tischler	edwardtischler2@gmail.com	999673456804051	EAAQDT6V6j7UBAJZALcEG58xk646w3gYz4Bxr8vXRaBquQxo0koOxZCFb1YxDNYrlFmGSusJo1ZBENqOuM8vTZAPwb6gAXvGO8UUQ4azWEw6izbdrctyc4M7T0XBA7dZCrZCgw8eDqfU0O95eLD4pNblJNoES3wcAUZD	2017-02-06 23:00:44.876711
9b5fba47-efc1-406b-a38d-0092d6f0d052	Carly Breitbart	carlybreitbart@ufl.edu	10210254477656133	EAAQDT6V6j7UBADjNcgBysZBEErD6I2ue7XXSwd4jy0RRO6vlKD4EZA5pjtYPZBqVPwFWVMttNiPUdeHmDHrhmtHKhntZB47iwRYNUYG0gnbN8GfJ8uE35rWwGYP5gOmTkNWYZA3FnP9Htp2AD951IfmgU7bEUUQ8ZD	2017-02-08 08:52:52.57407
d8bcf1d4-cc2f-4e65-a1ef-3db1a864d1e5	Patricia Ferrer	singing.snails@yahoo.com	10212535250482075	EAAQDT6V6j7UBAB1GldQCbGwoZCTZC4vg8o7j4ShJCdv0o8ZCLDuI7o5q9ZCgczQHi9ZBjzNs9hl7yHd0RzNB8iSlga4oGwJmaLQ9FcMXuAXUaSVpTNkHeALuSKLXg4fbecqTa0WCNltiIXfabTkMD	2017-02-08 08:55:47.686965
e3940141-da84-438b-b3ad-9286b3f5f006	Jack Austin	jackacheney@gmail.com	1262824013810883	EAAQDT6V6j7UBAOE7jUzVQiYn9gs19ueC2pCnlzusQdTqEb8YHJwK1GgqEnTK9ZANR1NYjkjRqI1D7UiBpEc9QAes77aqQWYGHrjLnVRI8QJSbjG8p1pUKEjKoYXbVHplfjNnmKUYALutHIZBpBK198gAQJ57AZD	2017-02-08 08:53:20.2768
a37f3985-c980-4388-9c07-4a20fafc749e	Ariel Harris	arielzharris12@gmail.com	10208333844199541	EAAQDT6V6j7UBADtgjUA8po4e1GKnviJfTo1bZAb05tlEAdiLJSr33mMr5WQrAsUi5wcPZBpXcQa4F9pldH27AZC2g4Doa7H6vMudhtTRn20ksv9rW0VH4uabBgrtswF8QbtscltBYaroKjaeJpuSUOqFZC4zF5gZD	2017-02-08 09:03:20.355681
76a5ebf6-0c62-45e0-a6b4-1e37ecea1261	Mckenna Schaar	mcschaar6044@eagle.fgcu.edu	10202807879274644	EAAQDT6V6j7UBADrMdXCvzCcRe3TGVkejHiuM31HWvNvT777WiYGLCPeY8gQFYbbYBX09OvvDmv0KCMsYZCYf5VGdxkaR7fHdCvntldt4eZCMn0pCZB05FB4lQIDiYWeuVSrJYeyRqUtiZCHBWtKfzVFyfQPGrrwZD	2017-02-08 09:28:56.048426
7cf28996-37fc-4470-bfe1-58323985d8e1	Rachel Kohl	rk@rachelkohl.com	1320463131333501	EAAQDT6V6j7UBAEC9fEdl1bdEZBYDed27P7vmJkxQ1OZCz6gqrXIoYwHFhGdg2YmmXeApw9WW4LBZAhmTQu0tx8ytgPZA6X2RM0ZAylp7iStypFLJe7lmHPW942vGv5EXdbPcV7ohSkqhgkbXZCn9JupqI5DZAIiRKcZD	2017-02-08 09:29:07.890739
912926d0-fc39-457c-a44b-368a8475f191	Brandon Barnett	brandonbarnett3@ufl.edu	1570408306302547	EAAQDT6V6j7UBAJcnqRr4dm10qwjivhYcEpYVIQzdHxZBr7dZAWtpbwx76M5c10Pvdjx5RSB3jr86HLhKlFxmGZBsrFKE0ux6Gab8ggjTNN5tPMj6EzIOOufEVG53JRKyZAVgCXcRep2jLxe6H8AMR1Os5kea2CEZD	2017-02-08 09:18:04.254145
179f457a-9e6e-4c84-9af2-8326d40a573a	Amanda Martinez	ballerinagirl253@gmail.com	689827631142455	EAAQDT6V6j7UBAKsWgH8z9ElOTLG4U97U9rPYtEpqd7PhQ1Xd5fFW0Y6zVjNtNySco9LsVJNoK2JZABJqLG2j9CfznAGv8CAECYJg9HShysIJ3gT5dgeds7YRDnqxZCIkiAxJRn83vuDZAI6gcWgvGQNi9lPdy8ZD	2017-02-08 08:52:10.271565
0e182938-3c83-4a58-8547-9ff148419ad6	Courtney Miles	cmiles@ufl.edu	10210191913528617	EAAQDT6V6j7UBAK4yUC6I7Hwn7Q4ZBgVfyCWb7jHWn0BFVEZBL8TyeffcPV0arnNZBo48YFPLRtHktv3i9lRbAslPzqXhXhNXcbIhsokZB88Saj3GKCwVBD5hEZB34LZCir23wHIGV84m32Q33nWUWU	2017-02-08 09:09:08.339342
72338ab3-aa9a-4205-8e62-2ae682cca18a	Eileen Cullen	ecullen@ufl.edu	10206417872604067	EAAQDT6V6j7UBAMqsCpMIb0kKWZCqmsOQLB1UockrjRDW1xUhVcy637sMgdAD9YesipKe9MOXu98OFYF3u9xtyNlZBkdiHsYM6okvWh6fXppUkkZCSknHJRCZCnu9zIfsz2DJjtq3ZB1GpkLoEYEvR	2017-02-08 09:04:05.117608
413c1e4c-d4cd-4de3-9469-d586f1d256be	Tyler Shaffner	gatorfan2013@hotmail.com	629423223919973	EAAQDT6V6j7UBAKYOeza2nQeWBkIcqKKEprEbB6IcztNOsZCD02BCYof7oSIJkuOQBfg8pGk2wOgyQ5sscYFoXINpcK6A4AfGiPgf3lKZCPO3E7HZBrZBcwNo705XuLzYUikdrZAPMwy8l19miGpDGcIJJo8WZAl0gZD	2017-02-08 09:24:17.144364
494a4a04-3e44-481b-b059-705c9f732514	Scout Farrow	scoutfarrow@gmail.com	1419301378082973	EAAQDT6V6j7UBAMZCkh5WcNmHLZAugKfiZC1bddgJKZBCL6uZBJXhQTlZCyS84iEokAxZBpxZBxrlmHFBG8G1Cr6ZACLJ5aWoMaZALJfzbHMPEr5hnEtmoNuT5ZByfmc6xVGNVXokjEty3NAP87bUarS6HaAChMgJpnilZA4ZD	2017-02-08 09:14:58.878163
18b77e08-2150-4d4d-b460-0791ff2d56b7	Emily Lassley	emrocks1242@yahoo.com	1601982303152536	EAAQDT6V6j7UBAAhRdnGfQ1g4lCkMujcYX3WDzyWET5gvM5Jgiu04UsxXvp3pfyHXb7xTlcrgqCFqRvH49bQSNjZCiUFLLfqMOaTkPyz847gHncV4Ji01IwP9b3ypwtRASOd7A1TbWZB76kZAD4Ue6T6crv4uSMZD	2017-02-08 09:19:57.788659
037c6800-6589-4d58-b9b8-d34324d93f1c	Nicole Zackowitz	nicolezackowitz@gmail.com	10210997930218307	EAAQDT6V6j7UBAH3TXV0kunSmospn1eQOKZAYigV49BTDRVSS7JSaWZAzDAbwObHsD6bktzRMcekx5ln1kOXZAtiPP1412jsaZA9gIn6A3jlZC62vDgZArRT9Az2ZANb7VaX13AZCGJZCNBSAAt9Sp7D3f	2017-02-08 09:06:21.468606
c237fce7-fd0d-4bca-a84a-277177a0e0e4	Joel Rivera	joelrivera41@gmail.com	1224588230968631	EAAQDT6V6j7UBALfTMwflJIZAc26CaaNTJM6PyH5upMZAv2U4aKt0ocJvMzAczgZAhT62dRwRZBXLChb0Y9nBnbbBv4XhfqVNMCU5XlVEPrDEJ1L9oV2PBjzxZBFZAJyZBixdLUGOR0XhaKupnuZBabbMOj72Sqit7D8ZD	2017-02-08 09:09:41.856816
f77087b9-297f-4b51-b23b-ff4d9fe1c292	Mallory Wood	mallorysarawood@gmail.com	153940561777969	EAAQDT6V6j7UBAEUGArM5UcdZCAFZBoyalS3aS94kAGr2FPE1D6ZCuiLZCUcuTVn10Dc9plZAMc0jk3wWPUXSxVUx12l4OCGOh9ZB9ZBbEvzvDPz51lbP5QW1ZAfrDHU8ZAxSPCqxQwtK314m0ZBxpCQWdDnePJOMZAuQl8ZD	2017-02-08 09:08:25.908695
f0ffaa16-4f54-4ffa-83eb-57f2a87c850c	Courtney Mastrorio	courtmastrorio@yahoo.com	1269724916410703	EAAQDT6V6j7UBAE2sGbgXFPec5ZBIInbfeWedoFwhG6KuGnzMJWxRSY3c1MHavWOa1YhxXFT85T60n9GLrlDvkkT3ZBidlkzDlroZAMZBgM3VIdWSOTItwoGqu9EZCQyLeGEqfKCEuQLt4qT5y9Dr977Ymre5zgooZD	2017-02-08 09:16:51.75742
c1df7fad-7bee-492b-83e4-5c158057e927	Zeni Quinn	zeniaquinn@gmail.com	1528081203903315	EAAQDT6V6j7UBAGuH2Bdfx8X0PGhZBFFHmj1ONkZBYl8JkHACDGx2GAZC5UpCZAvoTQ5aRQd8GOxoHGRELS5GXxO9kU19QsaFZCMetVi721LDDBNGSwtBSF8iXAXv0QJHjv1w1JHoZAXZCOH7mBaUwfdOtOZCekFbyaMZD	2017-02-08 09:14:58.215027
88e2ef9c-d355-4d9a-919b-655a6104ec67	Carly Marie	carly1130@bellsouth.net	10211263466969790	EAAQDT6V6j7UBAJ1F3Fn1IC9ITjsSGgF6tdiAJ5QM8cTdxmhM5G07SAIe9B9GlVoZAyP18tYGS9jOZCqdFd6q0NvWn1uUpzjmjZCzUiTdZAgfiShhiBAXc555KnhLZAIu3YCaZCSfmDfjyilYqPULyGOaZArSH3JK6kZD	2017-02-08 09:16:09.708639
244ae30b-4391-4b89-912a-17f0e1ea3498	Hunter Robbins	runtahobb@rocketmail.com	1578222975526762	EAAQDT6V6j7UBAB9PdX00zfkMuNDAFZA8xaCEma4f5L65m6AQ2TY4OMnADqbQc332DFifEMGeompWcuhrRMjrZAGLx52hTTiZBwVgAohLZAECUpTGQwzuygEx4wR9TLsCcMcfU53rPlxR6ruZCSIB1pEMp39bKZBZAkZD	2017-02-08 09:27:14.212412
d28e1e2e-5a47-4366-8c54-9aea271c2e57	Briana Hayes	b.hayes95@ufl.edu	10208586688046206	EAAQDT6V6j7UBAAtrpV0HS4HJ99ZAPMY3feZA5VqdS93ZBpbDF8QymdfZCUqBdGPSX1jC17sAacsEeGSx9TQGkinjkIrQGWs5nu3bnPTx8A5qLl7LblmgZCc8v5GAhIv6lYZBu16hmZCbd9WWCZBBKdDH	2017-02-08 09:28:23.608796
aa861649-227b-407b-9694-4af23579cdda	Kevin Goza	none-provided@playassassins.com	1445617965456775	EAAQDT6V6j7UBABQJTxJycDUxaT9rPwgkQo7hyQvPv1ZC7bmvAwcTo1toyXtTMitomZA1z975tGLPc5ZBjthfV3qIYNiZBqi5mD0LnV3i37Mrgo65OQfW8qx3xsZA4IsmdeI0AaqJSBUcmb1bFfM6i3dYalSPyb28ZD	2017-02-08 09:12:54.586234
7d7eee15-e0c2-41cf-b116-af250e7eb5e2	Haylee Lentin	haymonster5@aol.com	1459062420790905	EAAQDT6V6j7UBAPpMOxqQKGw5ETbS4iZBSZAXcCyIgnJJg3pTHFDzxoX0twSIZC1RoHlrqaZC8wcHsDmSnqwrwgPxsRsZCyoQeiZAYDh6hQmUfNGSbWfZCdbJGLjojU36L2mBEl4NwsrKEj30h1jzqXQl1nfalHWFqgZD	2017-02-08 09:16:56.169849
eb491e9f-1155-45a0-b100-bc3d3d887037	Marlo Mulhall	marlomulhall@yahoo.com	10211817043371062	EAAQDT6V6j7UBACxetcohbHbn3rh72R7REfUOi8hTrZBaPrfxM8DfZCeNH4YUmzHU35JDSFxXiOrW90nftNsAOse9Pra4kIJxqZAX8POSInTq9uSkgHUqMrFspqHaNHlgmxHNSlv9ZBySv8A9fF07	2017-02-08 09:25:03.595268
fc595ded-0daf-4ad6-958e-239f64c1ce56	Anna Noreman	anna@noreman.com	10208823608924458	EAAQDT6V6j7UBABXpZBl3d0E4v53xxUhFkA05hiUWtOhcxJuK4pMM9FoaijU7dDrr4FZCH5iFoWHinWl7Og6PMPX8b7FFMQojg5Xm78JwmVUZBOYbCL3wrDvYkhwfDc5DCXCHeHq4RV2x2gUiiEI	2017-02-08 09:05:35.510721
e4e88163-9b34-48a7-a0de-501fc92c9e97	DaShaun MackHenna	smckenna20@ufl.edu	1426573224021040	EAAQDT6V6j7UBAE9TKGANlGVskOFNYszoDA3dp1kbd8whxhxOucet2ZCpZCm3F9AlpcHUmXVzyN2tBCY0tTf7HoXyF4g31rDSWl6MTlaca8FY7p6Y0mc5iaPdoB8hL8ggFPhppQxVb06zsABiBPm2vgfP0KW14ZD	2017-02-08 09:12:45.163334
be42bc9b-c579-4e2c-bcb3-2422684c7324	Jessie Anderson	janderson7584@gmail.com	1459409214070851	EAAQDT6V6j7UBANXZBcZAFpQc6oZBZAjBp0oZAQErSqiIpTeNPG2KmwFILtrARaIes5TLtZAR8GYzDQaLXsZC9Tbpmay6wsx7mNVrnGGy9yEQEITZAqsEP6w1fMQ9A4kS7PZADA3VfA5fMDQYg47qS51OZC95MX0dj3Pc0ZD	2017-02-08 09:12:17.522105
ac751be3-242e-4647-9518-0aaa6157b87a	Jake Dube	j.dube1@ufl.edu	907314099372308	EAAQDT6V6j7UBAKe6UZAr2Hvn5Akq6f3R3IutclWxf8Xn8r7t5sG2jZBvd9dlMmjGQuob0vSfUeornU930iriUBG3CUpTTa0cqHkZCx6E3Dhq3ZAcqdyraxMqoaMZBJnlv6IFPKucQa2D1JZARmeAA8Obhv8q5LGxUZD	2017-02-08 09:07:13.239525
87f55db1-ba54-4719-84e8-81deb3540414	Andrea Benaim	andrubenaim@gmail.com	10158226731930080	EAAQDT6V6j7UBAItmdruUvWhUc4d18CpHgQBH65ZC7ui3kx4xW8tjhxvkBoiLZAaFJDjz0ufIDfMdIDPxi4ZBxI45cVNGhsKSoCl6tEqGqOXQ0BUc1FlasqcavgwnfA8YkbyuTLBxnOMZBgIJqRr7	2017-02-08 09:25:37.454371
ee07d476-dc31-4232-bf7c-4ff27d7c47d5	Autumn Ramsey	autumn.ramsey1@gmail.com	10206510531401189	EAAQDT6V6j7UBAFiYH33jmwy7dOSnyQ6dVkSEqLRmc8TEYtJUknWewqFQh4BA6tqMwuEgfG1BYLCCa1mn4DqnI4jOrZCZAT2eItRMstOdYZCjMSoY3lpBYVONtnnHZCkpnE7Mx3hfuZBN01Be3gtyM	2017-02-08 09:27:46.644432
2b9f8ffc-b3ff-429c-a1ca-6fe160b0cc0d	Brittney Hayes	bhayes10@hotmail.com	1224671700964565	EAAQDT6V6j7UBAAlr5MNfZCs4SyTNeWki0S2ZBp6HdI0uEk2ZA2zK5iWyYoamqvl6xkwSYXq24vQAk8dl3IYxayJQryfO4GXWiQxRrA4HlyHZC5FQ18nyLHUDVLrY2DHMCNy7GvvJRn9R2XlEqCcZAX5OhbkJ8GGEZD	2017-02-08 09:16:35.466464
2121a7c2-9051-4510-92fe-fd0f59de7f55	Megan Giovenco	megang226@gmail.com	1225805484170177	EAAQDT6V6j7UBAIbHMZBvXqK0UhxZBeh55g6B8zzoGrRMn6fhicdAiu85LswDzegZAh7LklrkqxhzfEugembtRrAIIUCN5H34ezQXKoHMds1KW6GbHZB01PMZB0pZCDZBTbMMc5HZAIt83b4BFy4xUox20ESw7hZC5j9MZD	2017-02-08 09:20:14.943699
22cafc2f-384e-463c-82a1-263c4e916285	Kyle Audet	kyle_audet@yahoo.com	10207541597929534	EAAQDT6V6j7UBAA8nyjZAh2MzpAfiDLuepL6vY3vWvvB2fGIT4qZBiZB4rIfQjnvZAy2hoPZBh6L84FYhIox17KZCK8AQOaZA0lTUq2WNLFQPvDUekZCytvHpjQXs4mKUTsckBsuBsFCG2oHJ1K8OeX5g4nSIAXLtc58ZD	2017-02-08 09:38:44.40877
55521ee2-b8bf-4ed2-a2a1-28cc6ba17891	Ashley Norus	anorus@ufl.edu	1429920997020503	EAAQDT6V6j7UBAK5SPYxG3JZC3G67y1vBGWwtB3cYYqcrSCus9WchazmyL6Ep7VYc9mSZBSzSUNt31foMpHWrNO9aM8sB5x290nQOZBDeHsByk4ixUMTSpuKiBERSOM1RxwbMWVHvsRCMei9cZAxJiaGRCRqBD5cZD	2017-02-08 09:35:50.128655
96948853-343c-43f4-8fec-84c830d5b263	Katlyn Annice	katlynnae@gmail.com	10208239697006628	EAAQDT6V6j7UBAM6nVB97bHFfqbTZBQATasboZBJNO6NZAR5DvwQcWq0OZAkbwoATH0Y3F96Da16veZBVnnxZCPAT019BnWbWUrNslXamhZBGJwl6ePKEhQZAUOsamSfswpwIS8ujBOFJjucLW0WXucxO	2017-02-08 09:40:43.236236
5576a7dd-9981-4a0c-81bd-ee14fda48673	Dakota Williams	dkwill123@yahoo.com	1391657230868762	EAAQDT6V6j7UBAByhW8ybUKGOhFXxgi6GOtze1uZB1V0d3D7LY8mv7S3g7IEz53o53BxXtpFV9GyL5ZBZClL5mm8D9s050esYKZAK1ELp2b5UESZC4zBsT7JHCAQjkwjSkGKTLFsWbibkVY8RUv63YGH2q1pBFFFIZD	2017-02-08 09:46:14.611498
d382dcce-f6cb-457b-ae32-549ec153be50	Stephanie Danielle	chittycamp3@aol.com	10154366379693177	EAAQDT6V6j7UBAMPN7uC1JPFl2qapMXp5ADRSSnMWsVtPVMZBhjgAvS2zlnytocZCKYZBBZBA6suy15PeiFdM6ytmGCmaEhe6dgkyJiA2sjEOqEPaTSwRpVvZB1PC39YSLIYo5PCXfVAEYF5ahdO0I	2017-02-08 09:46:20.250763
128b2d6b-e60b-46e4-bfdd-955bc7487d5a	Abby Wilwant	awilwant@ufl.edu	1270100483084097	EAAQDT6V6j7UBAFjEscpbDk4L66nKT639HDmwPZCgCi2uZBhDVJk0ZAsik7yIPHWKxPIbVA01vs9AEqaRDWkTxPeeDq9WvcKwZAA0gIKPCKLkRspYcBZBONgBrrZC89xI9irXquerumdEbg6h8eXjTklvsNzMZCY2JIZD	2017-02-08 09:40:28.992995
092a9f97-2fec-4b64-84f4-6680de909523	Taytum Orshan	xcrazynwildxtjo@gmail.com	10154766866500734	EAAQDT6V6j7UBAFjt7oPAzQnEVEtr3b5NkDJL2eRTJwVRfHT41jUHLkPvihSRWRNFZCFZB0tmRa9JWgDVn99OGMuIibxoBBPzrdtZA1kYae7sZAvsQKxr5tf12rypeNVW8dYMv2VpbbLD6PyTmfVl	2017-02-08 09:29:15.618063
5ba3287b-ba6b-4722-87d1-fa3ae317b1b2	Lindsey Harrison	lharrison186@aol.com	1192671650852474	EAAQDT6V6j7UBAPOQ7McizFS2uGFeX8GsPaxEgnZCWwV2ZB3YjVpDF8NHLNHTZBoXMxen7A42ZAZC2O0bpog7HZCrZCqZBYXV3fgjitj6djDz8UwG0i8IeO5ejmFK3hflS07F4XDZAeyFobBUJfcIufaYWp7rqgtNuad8ZD	2017-02-08 09:36:52.875547
00430266-b81a-4640-afcb-e0b7d6c21802	Alexis Ercia	alexisercia@yahoo.com	1864254923790740	EAAQDT6V6j7UBAIguk37BdPjim8sYJLaZBIk4dQBeQzZB4GqskZCThZAr6houHGszchBVpsQGAid1HANPiIrFLFpY0ABhbaFU0Nah7NTMuurCA3TFCHeX1zomDZAQKnbhPLPhOjq4xqwQLHrLeuzQqQzaax2q68g8ZD	2017-02-08 09:04:49.364582
befe286d-fd6a-4cc5-8549-aeec99c3b647	Aynsley Rasmussen	aynsleyras11@gmail.com	1704306243214366	EAAQDT6V6j7UBAAqvG3ZAlKD4xOZB9TM3tXnvG2hVFZCSUBhGSv0lilqb8OxqZCyqHjcnsrBuS1WqJhKC42rRHZCMri4yHSBLjOGu5JDaDr4CGIM8IVoaWGZA5BXtlkeobPqXaCDpd94DGAZBWZBuLxN9UQZCCo4SQyToZD	2017-02-08 09:33:59.656105
bfa8b351-95d1-4b3e-a5de-c04dd637dc6e	Joni Seligson	joniseligson@gmail.com	1342286125833320	EAAQDT6V6j7UBAESGoJwBl1HopULa7MLvUmm97CdR2majbZBKmeCzz495MN9VMxfuGO58vClXUpzp1rZABSpZCt8Xlt5PP1NBMp0mNw9HWzHGKRwQNz278kRzlfWbWRLHWVbHRuJbNbQLXLrRaMgZCZBqY1ZCfC9WQZD	2017-02-08 09:29:15.432532
f1329410-0bf7-4130-bd9d-a1b8a0cf03a6	Laura Asher	none-provided@playassassins.com	10212103415445720	EAAQDT6V6j7UBAHcLXQhHP2ZArvlXZAKf4Er6WCnYxpDRnmr18UlSO5rZBYOpS9UwqREEM9QZBYkRAqOBxerZBdfHjyy8ChM4s50oEMpTV6gsQeRK44tERW1RzjQQTRJOVlTl3eZB1a59LXK8gFQ1RlQUuBK5yfUP4ZD	2017-02-08 10:03:56.452602
16fb554b-84c7-448b-b8a6-c5dcbc10739f	Arie Hariton	ariehariton@gmail.com	10154130198066196	EAAQDT6V6j7UBAEVNRnjex5GSMN6L9vQkBAcukF7hhfKsFe40qma2lDIQu2sb3Q68fpqBh07z7oATGPIfTflredx44ZB7OnnRR2t2SWfDqdpyNhKo1ljdn3TWAXio4U1aZBE64YZCLSbNp0oUrcZC	2017-02-08 10:19:47.051529
a282295c-5e34-45a4-993e-b05ef4d2c546	Hayley Giambalvo	hayleygiambalvo@gmail.com	1340614406002213	EAAQDT6V6j7UBALt2GZANjN3IZCLGnQDXC6zIciBgBQD6FnGqwm1GloSLGsgwWY01r36amwOwcNlOf4U6zHdGX7gOH4D5qH14iARBEFYjk0w81hZAfZCbcs0J6LYwZCfFcP6kF2mXxhU5ZCzVf35vOG1FIQGfsseAgZD	2017-02-08 09:48:51.371538
c14a2d76-1236-4752-8131-8da6b619a0fe	Allie Becher	abecher14@icloud.com	10209743829005720	EAAQDT6V6j7UBAEKruZBqJTguXAYnPass9sCOP51W5jlrjQfBAoZA5umx4VDVmTJ2dvz2gGHFT4fl5LySPbVO8j3QGlrH7zYnzTvnOZBzi4aOfeYF0AKMLw150kkBgjh0GSDlyit2LzQYZAZB5dzCeZCs8BpR0pAOMZD	2017-02-08 09:32:49.404899
84f8924a-9320-4cd1-ac22-658ef7fd1379	Rory Neer	roryneer@gmail.com	10211978657961598	EAAQDT6V6j7UBAH0WdljEOfWaIubZCOgHyfNZAZCV5ZC4ToZB4Jm7QoFmfXpi3zytELxfAD9ZBP2HHEvZBPRVOHLEMVisDiOGWa69jq0LIovyqrCu0rsP32Uf4ukrsoV02RxZAgVGIdLsTCP7xJKZAZCZA4LmVBMTrSh16YZD	2017-02-08 09:32:52.502258
01355066-336a-4822-9fd6-4b07e9b75c14	Charles McMillan	mcmillan.c217@gmail.com	1259661807457328	EAAQDT6V6j7UBAFwHtBCa9dln8v5hYLLDh1IOCjfZBxvBqOVAdLMRo4FZBdqrNYHrTOZCaNqlZAhtuwHLIZBZAHvg16LZBtfp6khhKBBrIAm5OnAmUx9LZB6epDBmkSxp7uOrELrpg1q6I8DyPvgTzYv29ZAczuuuttWsZD	2017-02-08 10:02:58.051852
2eeb13aa-d0f1-411d-ba4c-95ce44270243	Hannah Seigel	bubble5@att.net	1402132023194918	EAAQDT6V6j7UBANTnvRwaAwUEcr2m4L4CNr6FDOVMXiLl0MQxAyDszXvsqzUKOnREwieqpbMIrjaE0XZB04mPrViZABYNUt1uCQay1seZCNZAaTcX1ZBOUbdTUdzBwvoOjlPjlUbvsSAqDyzUZCjMTSerUde4GArY4ZD	2017-02-08 10:16:47.727182
3f0fe21b-5fd3-4814-a77b-f3568996fa9f	Meghan Ballard	megsballard1@gmail.com	1902132500015159	EAAQDT6V6j7UBAOib2f53Ol8vyGnblzoh9ZCKzNTBaup1lCApOnYBGHW11NjwOkocpDoRETZCwY8x1b5T97R5KbiCZBgN0UKJELufaacxbHPNv7Az15RK9fZBaUCDakYZBXjMi6SZAhO9ZCfwqRD0x9ZCcpNEfycZCJ8MZD	2017-02-08 09:52:21.93428
f2899a0e-2b82-47ec-b046-5936ce163a7a	Cole Abrahamson	cole.abrahamson@gmail.com	10205967734870707	EAAQDT6V6j7UBAF7PD3xkBYdHm34oVgZBnkrC8euRgpO6Jr6gqM6Y9NdPYZCMXAEmajcm8qKGyYjF6ACxm3N1jGXGhEtjQmdyB1ZCAIT8akWVFU3s5PWplxoN7g2pc28ICjCxPI1ZB7rPJucvOWDCu11PgekAxeAZD	2017-02-08 09:55:44.923306
1fe8af71-adf0-439d-9186-4aa5c364a3c3	Erin Park	eringloriapark@gmail.com	10208199271279922	EAAQDT6V6j7UBAAvqWdBKjDQBJg9H1Bxgkz6SiZBc6NFqyZA5KUz7iJZANqnRSwIaRoQ9IU50fqcs2mauO4j3uoZBaRUGX7I1vZAlZBJXLmxeqrbSZBvnOzanHddttfBwnTt8ZBuRlQ35Jesol69fl7Q0darDO3woKN0ZD	2017-02-08 10:27:31.494029
2263343d-30ea-4bf5-8863-ab4fd8db42ab	Joey Whelihan	joeywhelihan48@gmail.com	10211728238908241	EAAQDT6V6j7UBABsxEmYA0wDRNj1JZCKXy4s1VCdI6SrO3YHZBfCslOXVYQ1bXzZA4goqSyiQ0ngXWl6ZCvSvotd9epdZCTNvKkMVllpRZCXRDa5umnqzlAzKb1IwClqvvZB28UvcJg0HhHSeTvXKTDEFZBSXl5ygKYAZD	2017-02-08 10:05:27.86019
d2d13112-7fa6-481c-9536-817c0725bb0e	Anglica Gonzlez	amgonzalez1998@gmail.com	1469373666429961	EAAQDT6V6j7UBAHsN7nXhC8YCDsP8mLG1sCIPlZBDxA0II7lgbdzugcL3xZCaSQ9Ytg5nEdxpBZAmfOE01DdZBtO4giT4oq4gifcOQHxVOqJvSLAQocjTE7IVX806GmVDb0hvLybUfr1qvqvQuwrdktJi3VTF28oZD	2017-02-08 10:22:44.586495
a2708c0a-676c-42b8-94ed-65d5f1d3877c	Ryan Owens	owensr37@gmail.com	1224817644261457	EAAQDT6V6j7UBAKnQag1HS6I5XHZCnWirXLS610KlAHPblQyPvG1AazoQ4IiHgd0iEKKi1Gt3pkht7KEceTlSJLVzvo7lqYlbTUTxOggxZB1DOu9m7NaItRvb06PylG14V9UbqSWjvdSur0ZCiYIPSYoXZCg6UwoZD	2017-02-08 09:47:11.445239
902a3ca2-80c6-4360-8f0e-af4c71769d8f	Jonathan Neiwirth	shaqfan12@aol.com	10206567364101505	EAAQDT6V6j7UBABvkaFP8q9l674dTdWB2WCt6RguCdOk92xRO85H1V7UzMVPJAEfH5mPdQqpMeLNTLgECJ4QrBLuH1AivasUgmmPtsrZBi4RKKWlLaYC4ZBSA2zYswjr38MKItrFdZBlro2M9X2O	2017-02-08 10:03:05.305921
a4728d43-84c7-4c59-9b82-19826608d2f5	Erin Reilly	ruby1796@yahoo.com	10211835151665360	EAAQDT6V6j7UBAJ17jlcKxlWt85m4Cx0ClLmvAtRLVm01rqqZBqeJ1T57RsLkyWBh6iW4Lt6SqtGvFe7fmG42BxQTFZB93o5nYNe30o5Ixj27BZAtBCJbjoKxE89MmxO8qHST57ZBqq0O6zreuOfN	2017-02-08 09:32:17.118783
4d1a38cb-4b07-462e-8f45-75eb868422ba	Shayna Goldrich	shayna7598@aol.com	1227458487341526	EAAQDT6V6j7UBAOA5SfsytZBRhMkAoA5xUgXZA8qdXXeDRxCElq7xZC53HxZBFxeoDvK5ZAu6shcwWhM0etpnBUtdC18nIBQWGQhgCNfZBtJ79Ntb4FEKucczoSrDEtxa5QqW4wZAzNkZCiqTJaVpHY4fZC9Gz24aCwAoZD	2017-02-08 09:32:30.486671
f681eb1c-ac1a-4f73-bcd6-1e95abb0659f	Olivia Piatkowski	opiatkowski@ufl.edu	10206426577742325	EAAQDT6V6j7UBANRIWYgVpHkjPLi41W9RyAWmiYGcEmv65LqffbjMvio0FqrJ3yWCpkzzpcIhrnD5aZAwbuIZAVBPZB317cqpiJsx1dRZABvoTco7kWGMSSFOgSwMp1Gr0jTZAhqNhk7meW5RlqGz4Ti4OubchkuwZD	2017-02-08 10:01:22.704987
e5e27050-a465-4a43-ba91-f7ecdd62d352	Lindsay Asher	none-provided@playassassins.com	1309887059081609	EAAQDT6V6j7UBAH8IycafMgRnWRkkLHiQPcj6ZAZBZCCB47qp77gNNk3aHVrZBHeA1RB1z9hihphQk146PSn0ZAkYJiCWwvoTEO6KvZBS80AZBaZBPPITEoqkuwgI0x42ITJbPMDOSx3KJUJoP8SXJgeNZAvZCty6ZCu4RsZD	2017-02-08 10:07:26.376724
7514e056-09e1-4d13-beee-d87f30d8896b	Isabelle Marie	isahad@gmail.com	10212533577313666	EAAQDT6V6j7UBABNMRPBYXKEIZCZARpdHZA0jpcFZCmpsqk8NaiGjc7s488k2655yzq9sDBFlCIZAZCYodc70OlFelN7iM6vglqZAWz86ZC5PVggt0VqvRJILh4lEfXsgH1SiZArtytRk1fIM3NG4ZChQ6XnZC1cA9Du96QZD	2017-02-08 10:08:11.99834
7d5eccb3-9562-4291-bf90-905c7be5ffb2	Jimmy Wheeler	jimjwheeler@embarqmail.com	1460341317311334	EAAQDT6V6j7UBABFgR58OgnOxOj0irBer1cr6wH9ZAcKytu7j7XDJw9dBqzwDmJOgDxdxh6YMoMlbXPmgjbHNWz5hgl3yMqCrodb4WEONPPCgkEb75zHBjZA6S3FZBCFZB2jvDKs6jmuYadtCMHF5S7YzQsRdzWAZD	2017-02-08 10:11:43.865273
6db50e83-b5a7-4270-846f-a68e97b140c9	Kevin Kimbrough	kkimbroughjr@hotmail.com	10212503114761442	EAAQDT6V6j7UBAIcZBHz1UAs9z6j1XKSPtA6Bq7XZCO5v2QgMJ3btkrLFxKmn5IrUYxITbZC43QzaSMMP6ms1xyZADd8iOqKyaT5LHl4koDZA43ypOZCYypqZAv33p9BuGIvTYpqQBT19Q61bnlRlgjamMu4VoID4SIZD	2017-02-08 10:23:27.686104
81589201-f177-4e1d-ac51-c3466e3eeff5	Alaina Brown	alaina.brown17@hotmail.com	1505422299487947	EAAQDT6V6j7UBAPcEobtmRIsv56HB7Ww0H8JxKhI7DOIyWNbX7zcxfHfpxjMjeuZCDx8Q3sGpcDDMvT3JyO7BE6s0uNh484UQLFZAcyjVnzuFVky7t2qsOXDHAyv3Ue1kfztknQbWlKSrQjYH5ZCuSv1rERmBKsZD	2017-02-08 10:15:13.829004
bc80f376-4bd1-489c-a7a2-e287e7d5ab75	Eva Prendergast	edptampafl@hotmail.com	1565719190109104	EAAQDT6V6j7UBAPPeKpbMWvM4y8ivKTNEruyO6zKocbLZBkaDyhHZCoSZBNXudFYVVXmIRqxNqZAQGytM8ztaZANzQMs6sPvS7F1e5ZBZBLrKHMuX3pW6WWTnkpZA7q1zMGeQWqwMyA4eiu8HZCVoBwhTsV53wAyZBHyjgZD	2017-02-08 10:29:35.918893
0970d571-074a-4ac6-b2df-1271193ffe54	Mary Clare Allen	maryclarea7@gmail.com	1202657966437704	EAAQDT6V6j7UBAJDpd2Eez9SCmff2r8awMFrUgm4eNbI4YvMMkkVGDZB5uOZA84wPqQ70krNkCWiIyNED3NG3ZB23zyG0J3sp6ZBcav5kJVq4ZC1DMbFflwpCsc4kuAhlVcbUQpgym7UK0JzN5Rf11kM4hw9ZAc1vAZD	2017-02-08 09:56:22.201779
eca2dbea-4820-4ec3-9c8e-2c4615557c79	Christine Anez	canez326@ufl.edu	1399835420068125	EAAQDT6V6j7UBAPF43mdIPNcfPaoqKZBxkdAORZCVZC6FbEsUnW6hNiGZB4knOedUzSsqeOabhh2tfjGkHge9KMwiC5Ivf0u6AOkK6MD0vuHVh4GgRlgB2iAgJPxyoZAGkZCtp74HsUuKZAyB2RUFiTOs2gAX1uZCsewZD	2017-02-08 10:09:01.142421
b26f105b-3f36-4ce6-9ce9-bbeba5a51424	Carli Fischer	carli.fischer@aol.com	1541573219189586	EAAQDT6V6j7UBABKTMb33ZCbmIIe0tK9waKp04N8gyS3RZAj5s0Xle3IpSOR0ViQZAUfsnOZAeI9ZA6GdySDuaR17RYi28C3vDsK80bf2ZAJCtbKl90eH9a8LoZBhZBpPfZBZCDBQKa3KZBKmCVbflTd2mHjwAH3rtYji70ZD	2017-02-08 10:10:34.852345
93bf3e26-4dc7-41ad-9e9c-09e1ad64cf68	Isabelle Oleck	izzyoleck@gmail.com	1212520368801858	EAAQDT6V6j7UBACYKHnTFan0tzcSEwQdXEuS4QFlkZCvjhBHPn1JW1Fw8ZCUEJbDjNCli48GE0Q5XAZBJIx39x0ZAdXY35CUKfzTTw3ZBsAtbX9ynugKMF5Wenkcx8i5Cz0wJ62ZCR88dLuFlLsEqu9PfThwh7BmcQZD	2017-02-08 10:46:00.742158
7b84f684-a2db-4eb6-968a-be6980ba7d18	Stephen Goldie	sngoldie@ufl.edu	1549077408452888	EAAQDT6V6j7UBAAoOVNUkbaJHWveMH6hiVglPcICtU5isFQ8IEjNNz3HHEko1WCdcK4YZCnSM1LVtxqr4PIeZCDDtpWfaaZBMmsAauVzU3CwfliN9mj3vkRZA8S7EhBUPT8B7cdVSln97csqe9HtpSoHpd6r4kZCAZD	2017-02-08 09:58:22.193046
0c9d8d87-c12b-4b7b-ba98-6d78c55380d7	Marni Rochkind	m18rock@aol.com	10206899049189761	EAAQDT6V6j7UBANs4BmufxVEZBBBcQqdqSqWvpF5ZCPFAQSUMj9s8tuStfmGTOSjZAl5OWi7Rp7vNuZCVANahF9UdcuGez4vYsZBSZCWdJyZAuFCt4pkdoL6yoxNNKav20boZArvdNzMdnOhFzpnoB7U3S0qFE27nk9MZD	2017-02-08 10:46:19.645611
1889ec57-365b-46b4-a695-b8ca5770b882	Kris Frydenberg	krisfry123@aol.com	1554824074557909	EAAQDT6V6j7UBANZCG9leCBA0dm3xDXINpVHVBguUsGZB4EuB7Y52pmZCd2WpvtV0zYyAI5bIqKUr4JkpCHjZCPdZAP6ACrROq9FUntXGZAGJV5o2QoxNkGPh0s1axa8ZBbgNn3Ks8tJQc2dDEqL0xKyYzzIwKlgBzYZD	2017-02-08 11:08:00.479799
72ef8ab8-9ac8-46b9-8985-5c6b788447ed	Lindsay Beveridge	lindsaybev@ufl.edu	10210892778889038	EAAQDT6V6j7UBAJb0vGPnYzF1Xv1d4vZBAyVgt7unsNxjXzOygCZAin77cRJPZBC2pWZBv5eLM4KQpRTUeBwyZBFUaYoGIZBbm4ync2Jf402jM9McZAybU1FS99j2DxVvZCfmUCCHTTZA7JT7YIygOR4y7nh3oQdUeNZAcZD	2017-02-08 10:30:54.997715
278c0b57-22db-4159-99a0-721b3c41000e	Taylor Clark	taylornicoleclark@gmail.com	1313883975317492	EAAQDT6V6j7UBAJkS9FbgZBJC66IhwBLY6ZAyIxfaKARH3ycDpCZC3pASfHsbYcEAUp1G1JbZA86HlVr9lvQq3vKCQfePGsmcHFkMk5MCTLJQPn2yEdprS9ApnBAq5eo63zYlauodvZCEjrcjWxO72BZBwJDBlNJzIZD	2017-02-08 10:54:28.131223
43a26053-1613-4f3b-af2d-c7443d511f56	Derek Nickell	drock1106@gmail.com	10208624725792576	EAAQDT6V6j7UBAJS9jXDrIpbF1I6gZAWHjZBs7cUsP4FxxU1tRSgIywD14TwRNv6szFXPxxK9JQo21Ceedilrf8o2S0oJjNKz2dZCSgwJnaemrPqtbehJQVU1DKe5vPQ5Ar3ZB701nWdi68cpOwGx	2017-02-08 10:01:57.084355
3d1a5ec9-8ef2-40e3-8938-2d06a2470347	Kristina Brennan	kristina.brennan@gatorgrowl.org	10202912340086496	EAAQDT6V6j7UBAJTZBdZBQWhfZCWpQunwpOekAOySuxf0ZCU90qHvOpgtOnNRnGMQwq7LsVb64xLFw2i5Pboq31diyxlInaaY0c6wMbSFg9WfvcXw375O0oKx8IEbLj1tfnrpXabKBAxHZCgBp6fx4aNtvesHsWnEZD	2017-02-08 10:44:42.737713
dc57da69-bd8f-4632-b92c-28a5318b1cd7	Maddy Lee	madisonleej@gmail.com	10210423205730209	EAAQDT6V6j7UBAPZAJyNFZAymyMAK2LadS1PVpAZBlIgXbBZA4hY9ZCfVl9yFsTAUg7ZB8KlQbWd60fMnraqn5sV7t3IjDVKvNRwT6gN6QdI1Ueb88N2eXZCx2iXEedF0C8zIJ6X6vIPZCg6KAYYuqHcI	2017-02-08 11:01:06.836296
3cba51e7-6038-4d91-8bf5-acd0c490e09e	Leah Knight	leahknight2015@gmail.com	1276758819084114	EAAQDT6V6j7UBAIulUau602PWZCOEUYHgxrrGlhdZBkT79JaUUlQn3wYQtytMwhU8jqWTmTFoJQy0XMmrnqvlZAuEarQ1mDireo6jgK2GcXYK0mtrW5ECtLPYWguuRvp0k8aodB1SVge8e3bPgkUM44GG3w8wx8ZD	2017-02-08 10:39:03.936675
cc1cf9c6-f2fd-48f5-a6df-708ee1126a9d	Hayley Samek	hayleysamek@gmail.com	10207561386145760	EAAQDT6V6j7UBAPVf95aGH20LeZAyGYCtkAHLvPaDk2RI3KKtT5xUeX72Q8Ic7WjyrUMZBG16TL2K5zk2GDZB9lw2E2DI7DlZB4ezx03veZBu4uR2afToAaJqiHI00ZACnFZA6LJhcVLTr8XDb8tFHn2	2017-02-08 10:47:33.548217
12775fb1-11df-480c-b433-dd0dea227636	Stephanie Ira	ira.stephanie@gmail.com	10212700412208955	EAAQDT6V6j7UBAAcr1IBeEROFMqhuEmZAZCOEtlS7ZChDuiDJYkZBVrlKU3TZACjNAr3uWQThp6GoXQHHZCwsiTOZAI2Pms7eIZCPQBvX51zXEVrV3h9K2f87O7XpZB1x3N9a1okqZCzJFCZAkAsLy5UirLQykpDRILj86EZD	2017-02-08 10:36:18.201447
9bad7dbb-2bc8-4d1c-9210-e2aac20b6afb	Justin Beach	beachj96@gmail.com	1338796172847436	EAAQDT6V6j7UBAOhiqgyINUtlPohtZBkS2lUopFi6MSuPIBlisVdpTDxZB3dvyVAhEfG7gHljrwJq1Y9vEy8BPZCdbh8ZC4E7fvcZAwlAjl82BQCUsptgTVcWpgShhbMBtiyjGN2IzLH30sb8Y60mOUPCFzrEC3aQZD	2017-02-08 11:02:45.008613
e6d42734-c55b-4e7c-8f87-ccf6952e6edb	Connor Schrils	cschrils@ufl.edu	10207665443506458	EAAQDT6V6j7UBAPycwP3qDGg0Tb89i0mYrGhrAZA3CWcOd3pnAhZCKirQDtaKo71otvkZCzjfbuJ0cckwjZBbmoj76WeQiLr1whY1AFvwvIlyZBrLR8XGbiV5mYO7ABrZCCsOJ5UPXIOVCcYEeKZCZBwmW1gZAJHjKZBj8ZD	2017-02-08 11:00:58.565011
67dd9f75-74aa-46ac-88f7-1d42ed6dbe77	Danielle Kripitzer	d_kripitzer@yahoo.com	10211830117491640	EAAQDT6V6j7UBAFzbMJjWg83VKZCrRoFYKUocKlEIEorzIHoUwvK9PC4bILG0eUtvS4g26AmDKRq50mkrP1TqBQlSaq8vnafsZC86yOVIfsiSUZBDsxRSauNmsEFLhEONfS2QIWR0FHhMb6g6rw8	2017-02-08 10:37:03.061558
99aabe50-e1c0-4bc4-9770-ec723dc24732	Ashlyn Sullivan	ashlynrsullivan@ufl.edu	10210179968367528	EAAQDT6V6j7UBAGlIZBZADQ7jkKZBhVu5dZBiVTDdkTp1S9Kewe72H0Qpe4uSDcKpFWwjJRHWrU5FON2VixClYrn4bM0YR7yHRBdbwyaCtBjj3WsSBinRNhUwZCZAnCDk3VomDcKbC9GZA5Au99b7Hn1fuz0Pz8kN5UZD	2017-02-08 11:01:19.919467
685fba41-719d-45fb-97e1-84fb3873f63a	Aldo Colon	aldo96@tampabay.rr.com	1285978491447723	EAAQDT6V6j7UBAP8PHPznJS0ZAeKQCj3qi1xhRc9v30iTgCtZCV6GRZAc1LoIZBDipBaUaF9qbTLTpUuKRNnqKZC40dkUmRZBWHrL4f4vbpiZCZCYTzbyGcaMGBAqKvQowUAQOPZBM5A4p9JaBYzyIZAHU4k2jkkZAZBxu2oZD	2017-02-08 10:47:55.440104
527a5915-bc20-454f-ba0d-a0a954292ba5	Andrea Newport-jones	cherrygirl1965@aol.com	10212125109141865	EAAQDT6V6j7UBAIEqz4zqTV27urEVNHwNi6WTMbttMcI4h0zxTwZBnTtpkRkh5sI6mroxVldiCfAV97vnHwOXsSSX5Tse5bPhcZBr0AbFqn5HVZCXTFC4DFDNafjXhQAucAXdtT5h8l7ogugrzZCuK6SUPf1NWZCkZD	2017-02-08 11:29:18.192989
047a54dc-8cdc-4057-a1a0-0537c49f363b	Katie Trethewey	ktreth6200@aim.com	1404146762929010	EAAQDT6V6j7UBADZBK7FK6xZCJAbhyylsr4iymWwxXF4R53LRN6ZClNGNbbD831kIXpleV8fcZBlv2t9dZBN5q9XAbRgsgXA1XCPQi35v2ki6U8L75TBoaDS5lrpr1lmaESjy8zYPI4POANDaPcdx8a4XAN8GqWsIZD	2017-02-08 11:23:24.658189
7b4afef0-3774-4e7b-8046-b04a89fb496a	Matt Hey	mhey@ufl.edu	1402204676497376	EAAQDT6V6j7UBALBGadbV66eDRDdqWkFDK5aqZBcyfoWToPDlPJgAoUNm3ZBBSIZAa64lEZAoReuYLrUeoT9w7jWgsZBmhulHexMJKSoy6E4CPIYklWYZBVwdZBMzJDvA8gOjxJvr7n10f2QlBZBY6HEj0oVAXeS89FoZD	2017-02-08 11:47:47.24928
70d004e6-b8fe-4221-9eef-5011531b4bda	Amanda Gard	gatorgard@ufl.edu	925849410879131	EAAQDT6V6j7UBAKty7cU6ku3JiuYnbHTUatQdyj7uJPGkW30HpckZCbejKc2DwQnJWQaZBcgZCjFUVF8fg9boB9uTZAF7fmjEjAhgRsiotE7LR5rtUV8af4sZCZBLVdOmiQMQpW8c55wc9MYwqnmRNZCbD8fZCXs65C8ZD	2017-02-08 11:25:08.95236
1738b116-f61f-40c1-b770-6dcc2163d402	Taylor Cavaliere	taycav96@gmail.com	1243959975688889	EAAQDT6V6j7UBAMLUXfuhGCagvJgaNRBOANmFH8sYIjbDiM99OfXlYfGaIjUrS6qqWPu2PtZBZCtdfSQwvzz69aOLxPZAN4eFgRDUYhAyEROSD9dbUstnMbqrZC0eLLGqIfqXKadJqtjJTlvaEfaaZAXzp9svVUzUZD	2017-02-08 12:09:30.181566
14563c9f-53f0-4664-b329-e91e7e90f8ed	Devyn Nathan	devynfnathan@gmail.com	10205857500195797	EAAQDT6V6j7UBABXQyhHZA9HrHfBNzkMuFd4jJbzS7V0RdLQKz2zUIZCqdZAa0KUKY2mSEZCN4ZBUu39dT7kYQfGZBBSqLAq5DDkJxNdCyW01odmTQ6XEOHCpqRMo0yJW55FAEhjdmvmFfNz9xXQ5seznJZCLK1ejDkZD	2017-02-08 11:33:56.647983
2aeda0c9-261d-4ef2-9127-8ef050a3e9a9	Amanda Marr	amandamarr4@gmail.com	1727347597594644	EAAQDT6V6j7UBAEMuhMZB1WmmqaraV6UiyQgZAQhc1DWoYEHQSMmbp440AZCBYIokhOfpVRYAH7oD832A3deAthBxeakJSccZBdQu286EkRPpdfaktSir1Ev9NDy0VeZCL3Q7JFTf2Ae8ZCGkEI0CuUH9nsDoWg6DUZD	2017-02-08 12:09:41.291193
5e5e3a33-521c-483a-99ea-8c8ad98db817	Colin Duffy	cwduffy1414@gmail.com	10210749548873044	EAAQDT6V6j7UBAOrgnu2ebZAEPUyZA8mZCuTZAfnJVHrr1aBqzzDJz9iOllhFj9ZA9t3aZBNbOHgqb02IBintq8ZBCiBjJjCyko7VuLsG6uJxvQB2rqie96BVx8ILGZAACz6ljpCJJvNzaO04Pda7I2ih	2017-02-08 11:24:02.752249
4725ad02-b46d-4ca6-ad81-6e51cfb0b748	Maddie Eouse	madisoneouse@gmail.com	10211593959715232	EAAQDT6V6j7UBAB14RooqZAIIPE8n4ZCaDZBEQgZChKFJmNrCHyAZAiJPIZBlHGLPDcouNYTuZBi0I2lL0NTu2j3PuBGlxKoEXSLuBI3mSMwF2oVnYjSh0muT3KQunOO2lL9HCKTvOWqmcuZBOiZCpXkKt	2017-02-08 11:35:29.029503
ced06b2c-1329-4549-94c9-92062e3fdf63	John Gall	john@thegalls.com	1335468556510653	EAAQDT6V6j7UBAELNatCQClZBGBMrFZC5xMJ3oGep48clTYvrGu6MTXVuPNo9QaSHxPZAMGRZAxJSXF7nZCznouCPVAZCkugR4HQoU9o5pkOuG1Ag68fZCy21Dl0RNikepC9cYXzLQx9y0fLgRxITbaHkVwZBZAKQuoLAZD	2017-02-08 10:51:37.624882
9760a699-ee8e-47fb-8015-52fd935308ab	Stephanie Elkin	stephanie.e.elkin@gmail.com	10206353763681286	EAAQDT6V6j7UBAEYgcwsE2kuY87O2UH7IZBArzMKF5M52JEDfgfZAxiqXcbvrgD9SeUMn9NiVJLeZCdsCFiFusj8UhoM8725Law59QWk1oTZAYPhI0lueO4lOr56ZB2d9PpZCuiYyMOWnzZAgHhH6J2G	2017-02-08 11:12:41.177512
096062d9-5b4e-46b3-99c0-106f4161769b	Sianne Powe	siannepowe@gmail.com	1227397357309424	EAAQDT6V6j7UBAIOnyIKFoCzZCf87GFblMQ98GXjkrZA2FTufjNjKWoJEWPXvGnJBY0w7FyhtwNHMxNPgP7savqvt509flp03uyGAhSTHc6xzypf4vKSNIfMuzdjOmbqcAuhe1ic53rejWDuKncGzilBMIVuv0ZD	2017-02-08 11:52:27.013389
3c6aa4b9-6aa4-4483-8522-0ca0b0dbd1e8	Sanchita Mukherjee	aria.avett@gmail.com	1291753310873541	EAAQDT6V6j7UBACqpZAnghfaXL70LVox26bsI6qbYvJxzPurxDESqxwzuP0VZBDTHIhiM08gtrkU08va6nldLpEUg5VvK8X3pxPBfx5FOTn18XybewsE5kUhllh9rjYXmy4lZBXT4eL72oQKcciL5xnn13usCHoZD	2017-02-08 10:51:37.3469
14d9321c-ec6f-4696-a362-e13b81b9d773	Ashli DeFina	ashlidefina@gmail.com	10206225267870053	EAAQDT6V6j7UBAKRZBKBSgXFd4Ait6LApMg9q6FRKFL5l1PXHnVGEnVmaGQ9ZCEq1HXR0pkTKatvfycljCEcTZBgLZAgI4fdus8ii8l4H3xQDC3i0AbCl36Er3cG18bZACTDn18AhQSyq7fvyNYvoU	2017-02-08 10:47:59.010782
6b54e54c-d93a-4d16-9a96-e2f39d83629f	Alex Clark	aclark2089@gmail.com	1479004912117449	EAAQDT6V6j7UBALhK6oYVRePJL5DJgrkfqf2UXMDNaN9cwBIgLBxMz4AR6zD7XY3nSGeZANs5dJrKV4ZBri49dGZC7P14AcDKBSCLXrZAF7J3laGxaX66ZBEZAg8ZCErX3YZAjILE50fpddF8EcGGmHZAlHl1Wza5FpSsZD	2017-02-08 12:05:31.773201
8aa70049-8566-40ac-96de-bfc9a994d266	Kassandra Philogene	kassandra_p@aol.com	1796438537347179	EAAQDT6V6j7UBAD6e5YGHb9QhtYO0fZBkD3325UmQdQvJymiGR541TX2HfkPVIymOtFMJjLTYGEppt557RfZC5bOmwNoiJMCw3ZBzK8LCIaWkbs6h4QeZCvfKfjLizReoHkLxGmplREKiOQcLnoNnqUwRmJKnivwZD	2017-02-08 10:53:28.71281
c3fa3ce4-07b0-4c84-b12d-4725c3e998aa	David McCaskill	gpacchampion88@gmail.com	10209511883255311	EAAQDT6V6j7UBAIIVaCHyZCMB6uWdk5X3tcR6euDbnQBbDwaEu7ppZBgQbM65lZARmq0PnNDDjo16HuO2YyRTvLaq68yTd388zNkYn55s77gBEP1pMF71PENU0jc42LEzXItUqSEonxT632hGmwhYCmUPxl4S6IZD	2017-02-08 11:40:52.14209
e8049419-7102-4092-9a38-4f51353f1d6d	Sun-Joong Kim	sjkorea94@yahoo.com	1604154829601268	EAAQDT6V6j7UBAMnTBXSmvOTkejlr6t3mZCH7fj7sfdKVfGP4Hu9ET6mPTXE5xUARdVYNPRTSYPEX7iSPKKYj2Hc5fBrZANqOFMGxJxAyXYQWDkGXWZAzRxD07SjE5f2OCEp1wtgYhzSE86Y5u9lqS7XppTmMiMZD	2017-02-08 11:14:30.795884
6d5f8147-8c4a-4909-a825-ae264ee64b87	Jacob Leuze	leuze18@embarqmail.com	10207775757821258	EAAQDT6V6j7UBAGtAWYphvS4VZB2vhoOAThPB8w2ZA275X86swVgjtxuZBZBZCuvoWw6m9lKAhF0UUHxCZCjPTbPMNRor2Ak30TMNqZCZBuFf4eGx4cZB2LzAnoxZBVPSZArsxZCRvJaJi4nUnnRyixK0EZCXQ	2017-02-08 12:07:55.108236
75b30434-813c-4196-8ed5-138df4794377	Haley Grasty	hgrasty23@yahoo.com	1451433071568207	EAAQDT6V6j7UBAICoHWTDO2xwTVkOEAi4ZAIqJnvJPg0rJFlxZAV9ZCQdlHhhJtPW7BwhviuKCZAt008KQ15ZCiRvyORtmUlNQZC4yuNTSjt7q1TGh0RF4Tnij7WfZCeTeKNOf2DmlNzlXEWtrijwZCFibdwKnUwfB8MZD	2017-02-08 11:42:42.679969
07ff0908-8f8c-4984-8f01-ac0aedea2b9d	Noel Fundora	nfundora2@gmail.com	1844541249167272	EAAQDT6V6j7UBAIlXC9ZBulNZBBgZAm1IOSbZBWX9lIt3wdb0dqIJ4rJkE3g4ETAUmShs1etbYwxL2lbQvozV9EX3AKukiSVXzTBKhtYM0ML55rQN8tyzBoXnLucm8Qg5PKJpoqZBzUiNmT1QvG7wpsX7ECZBK1WHgZD	2017-02-08 12:05:14.822037
394f9809-075f-400f-a35c-6164f6e4a2ed	Jamie Wolfe	jamiewolfee@gmail.com	10211496667234240	EAAQDT6V6j7UBAESaZATKOB3N6pcxOLZCHLQOOM3ludW7ZCFpZAEuXMiaUqENdMhErO4LDxeV7uQfZBvVqJU9b9zdbhKkiKIglKiAwoGZBpqHduv6xQl9DwfDakakicJz0D3BCiemoLlt7rAaYFlwkQ	2017-02-08 09:48:34.618195
722de95e-7aa0-4a30-bb65-d843e68da141	Sean Smith	seansmith2014@gmail.com	1215311051910498	EAAQDT6V6j7UBAAdqMiW2xtQqHnqVOB4wJPBoZBZCZBEjaNrAAcy3ohpGhVzvT2vhQe8tMwoS2BFZCk8tuUgUKZB3pwhX39JG2dZCfmoVjYkw1wYFZBtWwKcVLGO1KMgoNlmouotYdKZBjtBgHqS44xriOErkvXCiN5MZD	2017-02-08 11:31:58.151676
705ffdaf-2d88-407f-8e98-8e40833b2694	Kristina Sencion	kristinasencion4@gmail.com	10206593333910453	EAAQDT6V6j7UBANdo7rTXbrSMTOgypqW8EX4pZAnKf2lfZBUeM7yoZAhUcvZBgqOJdeOolJM9eDUbIfADEXQnXd0pSME57SxeJIpNHdlzrg6AADdJfGYq3L3zd148MXH4w14WEjrSsdhPXiiOWhk1GmmSiCYs9M0ZD	2017-02-08 11:35:19.454876
c6e99b77-f089-436b-b49b-b949c5b74c65	Cait Carn	carnahan007@gmail.com	10154617699418929	EAAQDT6V6j7UBAEA78RrTruQiStVifxrKSU5pZA6R30WfNnwLOSIN8ly7MDMeOHgtTBPxVEhpCZBkr3ExiVuj8Se00dgpXeGfNEeD8oSldW5YMHVTVRaQM0V5P140d8EYliAQJpJIzKUP6s7ruGqst61qtKWyYZD	2017-02-08 11:30:02.849469
247e25c3-186d-45c2-968b-b2335d7de262	Gabriel Rojas	gabrielerojas@yahoo.com	1445395195470549	EAAQDT6V6j7UBABvh9nB8CSXk5CFnZBCzqOQ2T5V6SgfXmmKvbu4xPmj8UmssiMXeKpI8bdwNQYROP6ZAPtD4mIdLP1xeVSH6Vo9HXyd8o2GIu0OJS9NHMbIcTzu4ThYSNDb95Xv2oMxuyJQXAaAaAr0Q7j82wZD	2017-02-08 11:48:44.271912
00599e6f-de86-43ac-b30e-5f7697781409	Meredith Kalhor	meredith.kalhor@gmail.com	10212026548398709	EAAQDT6V6j7UBAFhAYp4RCDRFZAwE6ayOxZCILl6KL8uuZCoIdD8P12Qkb9TTZA77hdabWjq2RmfmgdOp8V6nhtxsgMi2DO3wZAR6E4ZBWLQZBkxwUvy3KiftIZC8XZB83bwuSRSh9Xwf5gIKl5FbawDwZC	2017-02-08 12:14:32.303226
f35992ee-8e01-422f-b291-7ef7d7ac672a	Brawn Nelson	brawnnelson@outlook.com 	1509387622427954	EAAQDT6V6j7UBAD00TRqZAcoBjVwypuKIGvmgcbd7ZBCqXZAc5KoClMIT4LjjszG7rntV84SPLCjLeRzUva2D8HvjUidjGIg1MCrB3nYoqO1KVLSdRs1nBElgDGLT8uVmWC2AKPzENLPLp3ZCs2k7sQut1ivJWMAZD	2017-02-08 12:36:33.691443
0701a351-4cf2-4494-b2ab-03d429bb2ec5	Lynh Nguyen	Lynh.nguyen14@gmail.com	1708968969118157	EAAQDT6V6j7UBACRrpIyHBAwJvMfP2HiBbIZAmQ9JGX57olrgJ3Pfl1gcIwHfBMsSJ7AcPWzTjoZBQKtYKhSfOoywvGvmliYF4WVTyTZAolbmGJj4goeogT3hqmQgsarXwPQlwfigcarxoIMIbQ5Er0ZCC0tABVoZD	2017-02-08 12:12:41.581282
ebffae00-4db8-470e-8cd3-d1115e7bf716	Amanda Idinge	amandaidinge@gmail.com	1365276110203956	EAAQDT6V6j7UBAIbNpBZC8Fzoxft60aaf4GDSOs3hlHdYdX20IMPgIzlQbHAQNU3GgoaZCsZCMHboaJowgvNZCOAjArnHA7rBZB4FV0bZARXxcnOEPkD9UgNggmsBWtizNtTy9z5rFdmkoBNDxqXOn4T2fBns5sO2oZD	2017-02-08 13:18:54.618268
439c5f59-6e1d-4c06-aeaa-a3db85bee0d8	Monica Koehler	mkoehler3136@gmail.com	1398876900177991	EAAQDT6V6j7UBANhIagFG2bq0xc764aBQdPNBkZBwF9DgRyosZAFStGZCm1pXlqd562NavgcmbCYnaiS930eCZBT6k1pUZBjcABQFxIRCgId05AaZBTCZAhpk6AMoqZBoODZCJ4Ck4dI9YAFrM39wazukPSdfUJY1ZAALoZD	2017-02-08 13:14:32.272953
baaabefa-010f-4656-881d-f951dd245db9	Hunter Waters	huntergwaters@gmail.com	1792747387654198	EAAQDT6V6j7UBAL98RPt6AvjG8n94GnVW2IZCikQ7UZAn8Pfe0YbIElcviuIOsubckHRSdGUFCtK4WSFhmirorkG33JALZBvjpyzcXJMLWAGtdECEnKpa2xbeCm8ZCAqJvtI0b8vhb9h7u6TIXqcySa9Ea8xVu4MZD	2017-02-08 13:15:56.773545
5e1dc988-b37e-42f0-9d05-820c36110b99	Paras Mehta	parasisme@gmail.com	1423567444360427	EAAQDT6V6j7UBAMV3dIMDEguZA57KE5CZB3TaYmsSJy1Nm42sCViZAWqeSpDHN7ZBIsyuhCJPCdhOcg9VZAQjJPdS3tqOsWHb6PNAU49MOBIDjMeUsJcg3cTZBZChKTyzewEnvLV8a6UMMBlPwTZAAZCtoO9OPLNfAutMZD	2017-02-08 11:28:15.517461
63b244c6-4bea-470e-9675-4f402f1a02ac	Kayla Henrie	none-provided@playassassins.com	1414231538639672	EAAQDT6V6j7UBAJvYqcTzeMG3xWAy9k1ZBhOR98ff3DXiz8zZCgJrAA4ZBZAMZA7cIWoDlEVfHr9jRI7783rNhbNG0WU9AYzobqRUAOYrnO6QAQbxLHC1ToiG7hGOwgrEhWYajEDu02S9iIoce4Ke1zKASrCwkYJEZD	2017-02-08 12:56:49.404253
55d85251-51db-4732-ad30-44d8c5042243	Cole Fiedler	colerfiedler@gmail.com	1394377597250179	EAAQDT6V6j7UBAI4RDn8o0EXzHZBvHvgM1E976yrwIGsPsSRCJybcJllcbcDEnKQRbwaic5og2huZBUKcg5wgbda3wQMOBr7QZAKmBGl9bXwrckeknoS0ejRxzpTHZBoRAtgwve2rpXZC7CDYXRTui7ZB83JYKVklcZD	2017-02-08 15:07:53.534274
9994cfcc-e3a1-4e56-a490-221305c455fd	Annie Criser	anniecriser@gmail.com	1061212410678866	EAAQDT6V6j7UBAHGTGQq1aeCyzzhaJ0lsZCUZBS8BPtVSvrq1AX62ZCblSJZB2VmZBqKjgHQAiQVeRXCJUmGJQaZAWFnF3Kff8TyF2qcyM8p2jHU2lmGeiwYuU5ItlTQSSFo9y1VKLZBr5Ia3z3QZCVYBciIqTZB4ocKUZD	2017-02-08 14:06:54.787056
aa51a2e0-9f74-460c-8b1b-e8294d5301ce	Sarah Byres	sarahbyres@ufl.edu	10210927732943811	EAAQDT6V6j7UBAAPZCUYMPgTHyDg4BGNtZB4KsmkVzPpulVl37BgZBu1PjS7F5VEZCiCpwD40lYyQnc4do2RRZCtjVnmUvlcBRQlMOMQ6LOVEMZBz3qHzTnXkkxrUJDkcazoZB0mtwgRWr2zozHFFpeO9Mk4YA7LhC8ZD	2017-02-08 14:38:59.042736
63a60da6-b08c-4b57-9344-8cb41a14caa5	Grace Murray	graciem.2016@gmail.com	403130243366926	EAAQDT6V6j7UBAMbWyNRNdFLcLZCEZBI0riBhWi1nchBaeRb5qeJLKimBzrlCKOkZBDsupjtSi1L10spc9IB2TYJDeEDvJfTiLKKxK69rtMYqJpZAkK0wrZB70ensjqIGfbYrrju8BQzQTWnqBS6PsMycAoVkDWGkZD	2017-02-08 14:16:56.19128
1cbc2a10-7b8c-4197-a0f4-fb5e40e95ba6	Lacy Rubloff	lfrubloff@yahoo.com	1423006284376173	EAAQDT6V6j7UBAPqxrZBBVJg12kmfWLEJS4TqYmTpK5ZBz61FS1UWqpj17pXzoS0xfZC30FTo1QRAZAuAsqUYglIZBvSZAXPn93DfAw23FDfZAtYMQ2FrKiApBsx3sG7P3c62QdqOiZAQSi5WMR5QXDZAwurxDBnjb0mEZD	2017-02-08 12:51:05.616531
b554c5d8-191d-4a1f-9b5a-df3482b17d8f	Maddy Tighe	none-provided@playassassins.com	689952474518686	EAAQDT6V6j7UBAJ4dSZBxTKTJpKSTmaupbWUKKFpSkqmtfcggAOP1PDNAOC7Jxj9UPUPslGUZCEdcdzEePt4FLr2unwKeRyOmN7FYht7sau2n8I3gQT9nOt9wFcyWCNHaXjcyzcWc9aZBK3BfqpkcVotxNHX8WEZD	2017-02-08 14:43:50.425889
e2e50bf7-914a-4dfb-bd57-2d88f6d18f9e	Rachel Cohen	rmcohen12@ufl.edu	10211483465337687	EAAQDT6V6j7UBAHR2r2ytAYdaAgCgUvzZBBMeG5SGZCyoTmQLqEIig5Qg8a6g8yaFOVeo9SNMzZCUjFWwndIYe5Q28v67VyBNYZCO9jGT8NyobBHVgeLWLmRRPhg4zst7SUJlADnCi3t5DgKnvWZCYAf2n5KmiTPYZD	2017-02-08 14:03:45.416914
ddcd8a7d-eda6-4e0b-9f71-f4c5e9a71970	Stephanie Kinchla	none-provided@playassassins.com	10212482235635710	EAAQDT6V6j7UBAIs1qDBGSK3DGGNOZBfoRWs4jjphkjso1JMB4b55ow291lMLx1JsXU7KOZAGDpl3Uv2vLMN5ZCDwc1k7Jmoaa1JYrrUEnIZBxVZAs3vIU4ZAmerZCjChXILZCHDd7mVohCs23W3m7SmO	2017-02-08 15:04:58.206157
9b6dd072-7c42-4f0b-a1f2-19a01bb10e29	Sullivan Henry	sullivan.a.henry@gmail.com	1409424619109524	EAAQDT6V6j7UBAAKBZCfv4S0FAqpo0eDfYEVDZA9aZCnOJBfAaZBvIDX0UcxSb1zuNPBu0nrhFQakFZByvWcoEWXISl9SJnkW3bWZAbK0FmQNbPEZB6qtZAPEY6X0YzkvOTRZAHqqYrSzADubZBHThPxEZCTW4jATE801P4ZD	2017-02-08 12:33:50.479355
9423406c-de4b-4193-bdc8-9c9b00db7604	Julia O'Connor	joconnor1023@ufl.edu	1207483836038870	EAAQDT6V6j7UBAEQ0E1vOZAlXxhyRDtDilEOJpkaWn8MQ1a3K3BYyLKRixlnZAontGHMHU1jJ1T8ZC9YZAzmwki4y5UKFZBrc0on221NbRlQBHLPLQ0FRZCgiAoO1ZBFsf28qMMNPPeREPXbYpKPfE4eaRITk9EssMkZD	2017-02-08 12:50:34.801617
ca268aef-8997-4636-bce4-9152784a9e33	Ashley Fisher	ashkfisher@gmail.com	1034430686662949	EAAQDT6V6j7UBAP7azJ7PCpk0WtZCO5I6tieQ7pHXVuGZACy8BVZABT7ylbLEf3wRkuMu49cOCMvMN5cGXLszAEXUGOuZC776kmp4BjZBOSKtBw6lwcZBqnnkolMCZCoVGv1xX0uxKQ3mrowcZBbZBVblGTBmtrOEZCBJQZD	2017-02-08 15:02:19.600635
2ec3766a-deaf-4231-b6ed-b05755ad9a5b	Victoria Arguelles	varuglles114@ufl.edu	10206715373601477	EAAQDT6V6j7UBAEzOaar7OP9stamf4fAJHy873wJr0ulJxBkZAv8sQMw6Bz3qhVwhjn6LuwhjXj7nZBfXnnBpQG2gv3PCgde92cD8MZCK2fx4O2MZBqQCgFhexZBVAOAYZB8cn38f4plB7bOO3ZAm0pc	2017-02-08 12:48:05.301196
7259e5d8-be01-4b84-a663-8fada2af0825	Maddy Schmidt	maddyschmidt23@gmail.com	359794367741128	EAAQDT6V6j7UBAKoZBXbwcawxySYe6LZCnxNrdTi1S78UDykuKjgGnXrnrTvcF2oBH3V5aTRgnpJo59P2rJNXPHhOB4wcLJu2DkfJcMdmGfbB7Ph3iV3hF5XluHLlXQemd2a7LZANEBtRgr7oxZBwHcJgJfRQ1lUZD	2017-02-08 13:10:28.368986
8f646e2e-6d1d-464b-b831-384c41f5a174	Natalie Chebi	nchebi@ufl.edu	923400337797296	EAAQDT6V6j7UBABPtGv0EJNg2uEYTr7UrFl72Y7ZA58cQ4jAayZBn0MnLfXQ3jZBIraNGXFXvA45TZCl2v3KN7FZARP3xiio5OTqHBFzpD1vuZAcVaZC7Tx09UxirgJXOz2N3qoIz2jd8KjPeKz0Kj3zexJKMZAT2pzQZD	2017-02-08 13:02:35.329265
312bb888-d6a2-49aa-80f0-a5f167958465	Jon Le	jonathan.bt.le@gmail.com	10211879498892587	EAAQDT6V6j7UBAM5EMT2CVfIzCpZB3BRvJexmMxPVSTr8j4oNuyC6ZA8ok7cSGFKqjMjUEMNQlkyVLhyuCJER2jBxCZCgVgM9HZAEbBmriVWNCMnercNdpku66KkYs8hLiWu0FIFVC6GqZByxfEgmu	2017-02-08 14:42:16.190115
febee2be-4c07-43f5-b57e-c4ec21cd3a30	Amanda Sarbey	amandasarbey@gmail.com	1426422567390903	EAAQDT6V6j7UBAIdkpsc6RgEexJtMVVuMm0yaor70yTZA95Q1ZBGH3lHdiTcZB04avpK4hGuMUN0jcFus6jfjj135SdZC2UgZC0uRf8QYaWJgZAOCXHc3DpS53LYOLWoncZCLsNPZCxfNZCsP7t4db3fjOPt8ZCESlVgOgZD	2017-02-08 14:23:30.193101
342b6e50-99fd-4ba9-87be-57f12168c89c	Michael Backstrand	mbackstrand13@aol.com	1222034327846289	EAAQDT6V6j7UBABvUGB6woBa38SZCwH67TVQhJILsq6rXsRyaYTTymHQTlKR5WCvQMrgwyYQfzBmYQJfMEFYwZBlZBr9bRmbyBitFkUISmLQF2B7ZBUfHmZAbrPng0ftyo13yxgyZAmBXaAo6ufVK449md1gokTsQAZD	2017-02-08 14:24:08.106881
4b491bbc-e94f-44fc-aa88-ad52ffeb7a91	Kylie Paul	paulk9@tampabay.rr.com	10210252345678214	EAAQDT6V6j7UBAFpTAce3dZC8r7vU8sOyiE8gexMkU5bD9eq3YHX1ZCMhMNHZBQZBhfulOb4XDBBgwXXIuv9C5qBaarGdvhEERQ3T94ZAtXaZBd07mCABHCKIlCpTlQlOhCuWrEXZCBSvsQWK3uPFxNS	2017-02-08 13:28:53.493659
9b1a5d54-ef14-4f84-9874-f5441f0545c9	Lexi Leitman	leitmanlexi@gmail.com	1420113451333021	EAAQDT6V6j7UBAMGrFDnDSQkVfbZBazlwEumsTCjs5jrcc8eeXMdliaKc7StPTru6auCTF4ozb0dMIN61loEg4TQCHuZByZC4B4s4d7qheYm8RstvlTKKT9XUPyiZAeZCtagy7ahBoj4KiWaqxMGMA8gaG8l4SCYMZD	2017-02-08 11:38:29.677597
0786d6d3-c70b-4abb-a6ad-21c0fc487b9a	Tori Bates	batesvi@ufl.edu	10203102698203652	EAAQDT6V6j7UBAGkdC6jHWTZBq0LNZAeIaPNlKDzFnwpzBSIIwAaYjsUmPpihxJ4z91zMewsypjxPgpclwKkuK3f25z2phPvtPHj5c6V86mTB0PhVEQprZCe5ZCZCFkpM1xLeC2vr2ZBW7JsPpTQUBe	2017-02-08 13:09:16.348526
40e3e37c-21ae-4532-aac2-1fc73f4d896a	Robbie Reed	r.reed1795@ufl.edu	10209595022609634	EAAQDT6V6j7UBAMiPZBehdxQA9BwIw0WIOMEwUjA95bAulfrqa0dLaBUZBEw0btnmaL55W0tV4kJUYthY0H9c1ZAVD2fJ9ojsslungfuhcHFVNbZCWD1XaMePUmj3WVKBypglgaXr4WvP7cXCNva3	2017-02-08 14:05:09.430565
2b540b9d-4cd0-4b39-8170-8b714cea311d	Patricia Wojtowicz	patricia.ptt@hotmail.com	1554463387901901	EAAQDT6V6j7UBAF6ZCbd9Bp64VtHEXJhcM1rGwobjuEutLpaoofBHURKDpqiT42G5jVk5i0Q5AFpUjbyizEtm2zEkUXaRQLPj6eb2ojZCdcg3zVeQPBP2LNXjOKVXTp38uhmXruB3sHv8H7xnqhlbViBaYiXwgZD	2017-02-08 14:56:56.138526
f9d9e97d-b3d5-4955-a63e-456099a01ab7	Nick Scianna	none-provided@playassassins.com	1348659945176830	EAAQDT6V6j7UBAF7gZCn8UbBTwjWRjGbjtvoRmsZA6vE5DNnDr2UyjlOgubo1AZCDAEpZAyfH7PuKkrkp5KSmwOvrK63HnMZBCjC9Xla5fr7H0xT99MyScxGyfAwObWCGdEj2fC5d6jzMHZAea0doc1oZAgCoqncY3IZD	2017-02-08 13:07:27.547944
9ca22649-2f29-45a4-801f-3fd278b4c1c0	Conrad Ager	conradager@gmail.com	1528902430472002	EAAQDT6V6j7UBACLIQ0msp0GZCZA1XIxTNa0xGaKuLDLjdjbgwHi6X9yosXp7oZAr7wW8ZBN8rndEMeD6waa2mm90Le7aiv5ZBKgaRT3w8MN0UganzZBldJKaRxoHDFez8mWdEmChiR2ervqZCLGYTObebf0ucRZAohsZD	2017-02-08 14:33:23.057958
e9a42fe5-bf14-4900-aad5-141fee2e0387	Jenny Vasiloff	jennythefenny@gmail.com	1419918774705016	EAAQDT6V6j7UBABwx0KOD3ciVplApyRd79XKQy949HCq1smG4hmEvsOHU3rtfhjJ5zhqG0YUBCBZAvg5F2qF6Dpn9ZBeMd2zDgRLMWfi4CvxoWsfyFN38oP3cKlHerM1YvxoP7GVDhfsWkn1PFbzbMYT5L39d0ZD	2017-02-08 14:53:31.744115
f8299f1d-e9c7-4513-9977-9c4c25b10d41	Connor Miller	con917@gmail.com	10208436560090822	EAAQDT6V6j7UBANM4XgZC4cALm8zEWwcrdosAxEWuEZBf3aU82gSzhNKuLg6tEygpTupZC4WEdiBOFOiTFDPunNZAT6kzIw50lccYYxbDb7ES6XfbHtMdxObJilf0CPZBzEBfjkxvGZCBXarRBZCGNXpyM0a2pz2ZCCwZD	2017-02-08 12:15:57.904129
a1c9ad72-be97-44a2-a263-f22a8e25f08a	Grace Caswell	gracecaswell@comcast.net	10211421311629745	EAAQDT6V6j7UBAAwZAs4zqQzqFZAOpTnziJ7MxYr7dtOh9Evd1SOVy2VQk3PD2RsiNbIzSO44GXegthFPPI0AZBSmC6t1ChrZCXoccbe1r5EGjXzhEfFnbARSO8JV4AprMBGmFY5hjPqdhtOCpI4REXaCzrWSa6cZD	2017-02-08 14:49:25.267967
b61c57c9-6051-498c-811b-852dd6ef4ae6	Mary Hanvey	marhanvey@gmail.com	1583957544954203	EAAQDT6V6j7UBAKXySm6l9spIUSPsyd3YNNP7S8wZAcuvpqZBdqGvjCD4Or0HcJKiTd2Q9rGEhVDlVB7x8KEhWsv58pqT7whCKfZAUqZAz4fc4Lq2TBNTrUrhypwZCG9y9KVS4xFZAsLHUjMBMDe6A4hpJ9DR5Fvo8ZD	2017-02-08 22:53:17.302937
07a86a61-7de8-411b-b138-64d4aace9811	Bella Perkins	sphs25@gmail.com	1393881850684868	EAAQDT6V6j7UBAKew0ls0J5Bz91WNorTh44DOerBtqZBvHWAVzMcZAhNynU24inODGKB3Os91aLGrtIeBdfZCkAKOQ6MktlCgHgDWxh6PPNdRB6GFjouNXLaeCnVVSAmc5v4afP63AQ3l3ZA93H92wPodswEvpMsZD	2017-02-08 22:57:08.283046
b5e9c4cb-3d36-4959-b355-63a35b3b9fbb	Samantha Regula	samantharegula@yahoo.com	10206197091005701	EAAQDT6V6j7UBAMU840LCEJEWAiG6SMR0RxbFZB47aUwSdn2DFAchn84yrxLUvvtR5v6AwKp0LrPftmFpZC379woOquPIds98XXF3NGcaPbh4MjlAP1MI3N2jDnNbpFnsENe86ijbUlNaZBcCG2n	2017-02-08 15:33:42.803225
6cbfb64c-aa72-403c-af29-2d33424b11cc	Madison Grasty	madisonmgrasty@gmail.com	10207253886339847	EAAQDT6V6j7UBAKnyCRENplKZAXrSi39szUtKLL0Ex5ZAhyjVV7RgqZAovhnJJg1K0GcPC8ossCqaNwZCDT7cItaquA4OnHOHkgrUzwKxIZC7LjKXvDRB2vTYXfBenvfIRvpfZCZCqYmCRVQZAAOPSl0ubmgHKcyYNyYZD	2017-02-08 18:48:04.49188
90ff79f2-252f-47aa-9dbc-8d433103e772	Meredith Marshall	meredithm59@ufl.edu	1553417168021564	EAAQDT6V6j7UBALHOej1y0d5ZBZA0VWfpZA4eKjrZCl2rRzCbhUyJlonovzqgrrKMGH3ZAeNPBBqlrleZCdyzvGlO6WEXwhzO4mDRghJTMONlZAyAxjiRgZAijv3FZBl2FZBXTZCkZB4typIEwnpLtUrNYL4GRN58wdkjZBs0ZD	2017-02-08 12:53:44.68594
b79e039f-ba72-47f9-bec7-29ce24df6650	Carlie Yent	yentcar@gmail.com	1346965502031329	EAAQDT6V6j7UBAE152vWKHwyirRaqufWyKv13f5ccOnQPYoXqZAg7UseYHzqzO6BGZBgnuC5E6o05jwg9ZCf5hbIGJa6ZBqUYyGJhPyDsZAYfAZBms58SEZA91REYxsNx4J3dRh4jcptNNtOwYdC2glfhBINVYgnLn4ZD	2017-02-09 01:43:29.432929
eebbedbb-eb62-4f11-901e-966d3a11cd7a	Drew Carlton	dcarlton@floridadm.org 	1439347169410087	EAAQDT6V6j7UBADsyHF6FTPVfA6glizYUZCgzlCQ1mjZBQLBpQDkp6HffWTf1elrliZBYy5a0dPZBZAPkueNaGlJVzYL5JJIW5C3GgTCao4EJePpy74zq9rETZCNp9iZAWJO4di6YnJ9pndGbNh0lA86OcYO0AWfOrEZD	2017-02-08 21:31:39.331483
5acc17ab-6c7a-499d-bbd2-5a275f78382b	Thomas Raleigh	t.ral23@yahoo.com	10210416611723518	EAAQDT6V6j7UBAKxiCZA82LZBKa03HrsbJvgpGgL61ialk9KDXZAmvSog92j6HKWWaJDWqtaFHtybMydes4HuYG8Ptbdh7DrC8qm68b7A2o2mtWZC48f1AS5dfUkCHL6EwiCNciWdjSC53xjmWWjjwGkz1Efh75UZD	2017-02-08 18:13:41.921046
fe03af15-debc-431d-b0fa-0015ee1448f2	Adam Lassley	adam_5473@yahoo.com	10202507852653377	EAAQDT6V6j7UBAAh56gCK1RuxZB4rt1KH9DSLTLqHInwTwBfwQTKHm0QRy7378c92FBqk8qZB0E2WWeOu0udGK3v6tQt64vNZBQWHgs48QuZBnpihqdBkXPLQnLEB8K4fE8VyB3JWvZAxLB01kXkEgqZCyXPktEw9wZD	2017-02-08 23:49:12.457637
e8526afb-55fd-42d2-a892-186958de9bc7	Christine Joseph	christinejoseph1230@yahoo.com	1380313365324962	EAAQDT6V6j7UBAFXVYZBs0ku1JX9ycFbjHwNQIjTZCvUdNq3Xe5gqHKzjxuSHR9UOmgvLQaOn7tZAqUBw9EcR4lT0iv9t54Sa10sBISc5zVmiF3EaZBNJvZAfH2ZCkXCMMXOrVvjX1PY9Rggv6Sjwv20DB2ybBqulEZD	2017-02-08 17:40:54.056626
3a5ae02f-6193-4c73-9c5b-e76ac0ca996b	Sara Brenner	sbpugsley@msn.com	1605789436102256	EAAQDT6V6j7UBAIpFZC89Aq2ZAVhZA9ZAxMohibNn2ZCtD2dgk45SKmOyvvbM6fXAbA4prmg4ZBPY99cHZAI9ezn9pensIns2TFHOpcJfzlc1sMg92WZBCH4kkqFEnp8GyWx3aV8zHQNaRKZBiwZAvaZAxWVIhZAN36F1DxcZD	2017-02-08 20:33:57.985029
2106f0ec-ca4d-4f32-bae3-19caae3ff69e	Alyssa Skryd	alyssaskryd17@verizon.net	1543308315699003	EAAQDT6V6j7UBAP6yctfa1B5qJfzWiSxYdyMhZAG4B8bXs94vU1YgM7i8NPZBst01ummmwMarIA8PDOfMPC8cymNfZBk8FJCUejzXBQ1adU4QnbgiQ1wwZCZAcTK7MVZAUwDuMkeABVscHjrnLmnDULHCMmmBtFvxsZD	2017-02-08 20:30:59.625792
6d3c8d08-025a-4e29-9c2e-d05dd910d3b2	Ronnie Heinkel	gogators1125@gmail.com	1618392311509466	EAAQDT6V6j7UBADKjlIArqqSph9FMGDogAkOPP36irgBEcZAHvmAEZACZBi5NUUjC2aOxj6mOH6TszxPmKp3jSv819egPzr9IAwfIPRYKEfyzOt8Jse5rlmzydAT3tGT1xa1wPLl3w9eZBLX6kRNvR2zqQ42ZAzUYZD	2017-02-08 15:31:34.980906
661af839-f34b-4d85-ab6d-dd7aeb6c8c62	Mary Beth Campbell	mbm491@aol.com	1758810687477944	EAAQDT6V6j7UBAAesb30dvnWRklUZBObHvpTscvanPbWXhoQTedVnXU605N2ZAKFH10rJv0JQcV9kgYXZAMJchNBJMVXaaIORzdV1x6ZB8SSOD9mnkLg4i7ZAjGTQ1uEmJ97FI7jJ5tJZBnNUkiZBdU1fpVbLlkmQZCgZD	2017-02-08 15:09:14.774732
293262a5-1834-4910-a1cf-a3b1fb667141	Ana Gabrielle	wagner.analiese@gmail.com	1328281057218878	EAAQDT6V6j7UBADWGR7yJtJhOOquIyKPwY8sF56hZAUXd3hzIBQeduCAZBELNKQZBh4afWTo0lIRrsRySpWu7VkZC4gtXZBhDLXpDmHJdgwZA8VSZAi1SNmMccBUHggm1RWoN036efwOeeT68MTKiNL9SsS2se6U7jwZD	2017-02-08 19:38:21.393828
25c4532f-b113-439a-8ff5-5e05d66ea33f	Jewelia Stevens	jstevens95@ufl.edu	10206732003453741	EAAQDT6V6j7UBAPG4KRR9ubKn5ZCMVk6BWEVZCpKxBiDhw4OqrAE8ZAGVB8CbEdYRBQ7zaVCZCRFQhQdDbIW4RGNn5i2CW9r9ZCUeHTxqd55ieCVCZB6eDdXJgSYEu1ZAzw1twN9Bw2jut64CMnj94eCgudK1QdtpRwZD	2017-02-08 19:09:32.264887
f2adc628-13a0-4748-9516-42e364f0b7fc	Robyn Cotney	cotneyr@ufl.edu	1510713158957481	EAAQDT6V6j7UBALM8Q7jQ1ziEIZBOnKFbsnaEjn14TONecGke9wMq3SEaHZAxWU0fJMoJNiQFabmgQA8b0HkMJZB1AqZCwwPT6ba7SawZAQEZCstnYhZBvkhhKObUNcvSZCiwvUPvuEAcoL3cQdyzBMvhZBhEh3QMBFIgZD	2017-02-09 00:17:03.331349
6081748a-1434-4361-96b8-613aa5a6f9ed	Andrew Jensen	diverkid_25@juno.com	1548124608548928	EAAQDT6V6j7UBACNycso7n28XcJZBSNJAbo6GUTTCb6tMbiHZBJKaYN7ZBsqaLQZBUGgRAZACpjxRSvsZCEJcw3GCQtcT7cR8u5cGovSnhB7XEiX9cd9YEaNLawG2y7aUYaQCILB0eeBaUsvZCFgVhHxmRUlAiadDAcZD	2017-02-08 21:03:02.03644
ad28c7a6-4230-4e53-80c6-4ba5dbf39007	Lizzee Lohmann	llohmann@ufl.edu	1612779985415283	EAAQDT6V6j7UBALQRDnRO0GR3PJU8ZBVGpenAvOTdAlldMqOww9FbOtTm55iMPLtvF4GIbNyP2TR4cJ3M9S3g3dM25zFICZCdNOrpZAcS02F8WalsQj4WqFyDIfdPfrVCv3m9ZA5gFtYGtufRJrYTgRg6pDDOoswZD	2017-02-08 18:50:59.723366
0e3328a4-1f2b-4a66-a270-af7fd6929cda	Rachel Auld	auldr13@ufl.edu	10211631018749515	EAAQDT6V6j7UBAJ44ZCLSIs6ZAXBc8sLJhif6TvMRpJ0ZBd3SW3eRZAPKr0LDDC142tZBlHkGki1xnOUQNJA1eadiZAwtaFCyE4OobzgxuwShaMXPlSpazTXK5EZCjHIeasoVVmEEY6ahPVakZAxaf0x2DeAXCNULOaEZD	2017-02-08 21:33:10.466697
b30e5a76-c6a0-426d-8cd6-07a1e15b8ee6	Bobby Finigan	finiganr@gmail.com	10210285003073463	EAAQDT6V6j7UBAIPUFMZC9HP01CZCFoY3yPpTMPYcYc6ZCZAN13qjBjNWNToeKUtmNeYgljZAYfZBRrlJTiElqdgPAkpIzRCKwCoa7JjdjdvY4oWZAFe3Qa3CL65H2kEViuvDllIaC2Bs8OeOtBa6Est	2017-02-08 23:35:49.101092
07f05cc9-d4b5-4fb8-9dd2-e929e7b35dd8	Rachel Carter	carter0221@yahoo.com	1551311324885280	EAAQDT6V6j7UBABYCQ4S7FABskyc4TH4B0Pbm7XXL8pl12jUZBpvmzmw3B3SrrlfjaGFrGZATz4lTOp9LpBNwB3zudhoS59pKPS0LjfYOGuTOImPrBpHP4yMLZA6I9AUrHE5YfpPuZAFWV3MpnPDZA43gCqDgptPkZD	2017-02-08 21:47:07.215948
85dda92a-6bd8-45ef-b300-c5037fe9d43b	Katie Kimsey	katiek2697@gmail.com	1588255391187975	EAAQDT6V6j7UBALJGpGUkEIC0dvz6v8uwZB92m2azO2J2VSEy2ZBUKUldn7AO39sbHnxvZBuws4ZAPArcZBalPn5uTXpQUL6FJBmAqQQQt2ZCLWKiWlNFUEFTxYdjLTO2HvrR3iuc9mNI7A25QdOHSwwIaTscUMxhwZD	2017-02-08 15:14:58.185988
a2145206-ceb7-480d-b4d7-68e44ccfa803	Spencer Kane	spencerkanee@gmail.com	10208244601527912	EAAQDT6V6j7UBAPdZC0d4B6NIZAkzWOVBMhU1oxCz2Y9amEYtM9PLzGrmXjRGZAZBaL0uh7WtPEZCOex7ojHd0kHk833a05AxxaGZCYclrBuZCVZCSSVZCdkXdCXTcBJWOnx5yCDS6ELc0fHxCvJhjH0Iw	2017-02-08 22:59:36.49757
5d2cedc2-bb6c-4f29-a535-6d38ad7b77e0	Masyn McMillin	masyn1818@gmail.com	10211935162077690	EAAQDT6V6j7UBABmnUk2L2YXKFEuFv2FGTKqcs7jDCjesZAaTHT2ufCyihZCSVUVaVZAxTC27i0ohDLzbfSWIAjIMSlLDKfI04PaSdiZCFEkZAm8gc3iFpgMNkpZBqzj0K2Vi7MLe3Ioy18vLBKk8kZAr1LOYzL4uxUZD	2017-02-08 23:50:23.001804
0dc60f0c-6087-4544-8231-7b10fd78faf5	Chloe Burgess	chloeburgess1@gmail.com	10208831333484570	EAAQDT6V6j7UBAKZACGio14q7s8oKWciZA6iQdaZC0kSjV00puCy6HIUV9V8uP1w9kiGbYuaZCvjl7TV4BZBG4u8Oe64MAtNLkw8cpjwZC9PggNDcp22GGCTVSnQ8XrVqxy0266qogNrD2ZBFCUJQsIi	2017-02-08 21:13:55.996447
1c160c9a-3843-42da-bb2a-2f479a3dc898	Katie McGuinness	none-provided@playassassins.com	1805052509820572	EAAQDT6V6j7UBAG75lpzRVChGzKV5JrSpM4xIWubTKKHGVCaOCcPJn2oESdWrztMNmUNOLnVG45OV0XBq50ejBtyOJTXwZANpD2vOnHR6VH5tOdbmLu9W76vb4TzYZBK8rI6oqRNwqoiaHat7HMI5kI01GyULEZD	2017-02-09 00:23:58.206575
fe6d3acf-bbbf-4c96-af82-a78eee9cc0fc	Lauren Meaney	lmeaney@ufl.edu	10212270897671611	EAAQDT6V6j7UBAGD0OmxEvESGZC3faag7Dk0DRZCUDQz9ocDfyCzwrm5MLWsU9PhUMjH0d8DzwRu750nBDFlDLCGbRd1rfSs14kSqcTbZBoUpA9SGUTPa4ojZAzjCervbOe6eTwKnqiB5tUgNGh2ZA	2017-02-08 22:38:38.341061
a5e76010-573c-480c-b886-d70d2a207d66	Jamie Fash	jamiefash@ufl.edu	10209931615224739	EAAQDT6V6j7UBAMtQCxFoZAZBYNMVybvZBmAlBFFJOnLZC5CZCj8WgnplmIt7XvLGDnZBhn1qKRoK361GDff2UWJocjFtz6DHneJHVnftU2uZCfk6s4ROKjLZCwoZAGNAGEaboGVbPlLhddQol9PzJscacH26PkU93TiQZD	2017-02-09 11:13:14.069579
aded8552-a875-48a6-a1d2-2f58f641c9d6	Tyler Brennan	tylerjbrennan@gmail.com	1442445795765667	EAAQDT6V6j7UBAIGjKs5J8S5txCLFwwDC7qUH6r6r0MlKs1ZCta4vu12C0HQOI9ZCZAYXZAuut1wK6vL9gxaE3HIEzZB5LBjL6iI0ifPQuCV7GMd9Qm41XiNLfRjHZBArzA5TihwbkdJaTiyVDwpCZBu5SzYRe7BZCDMZD	2017-02-14 14:30:38.863545
faf3bdb3-708c-47e7-8a5f-8dd7bda76e42	McKenna Schaar	mac.schaar@gmail.com	736736749822719	EAAQDT6V6j7UBACfhMng2O966utnD6WjlansBWQCzEUIlJEZCZAdIRCGzJ0n0ZAokneLqHtq2jSJnLThs1OoZBr8QFVlOWoZCPYlzY96ssTRQYPAlnW5Va3sa1tfFoxrm6ZAfVI93VcKnhrYRZBvHpFTXZBCej7XZCMxoZD	2017-02-09 09:42:46.876131
2f632299-9a13-47e3-901a-9b2ece7979af	Catherine Haley	catherine1234@ufl.edu	10211975538569778	EAAQDT6V6j7UBAFZCxv2EuZA2heExJVIYWJKywTWeDfS2h5tJ06R7EUuuJxqbYcXJPHviEQdKLWpschh17uZANxrmFVGFGLJwJYZBVgMjo2NFZCLOcNOHiI5FCFgLsu6j1VZCBIgrQBJIz0NNkHc6aD	2017-02-09 08:43:04.150219
6f5fb503-f209-41f4-815a-3a57c97208d0	Carter Long	carter-elizabeth@hotmail.com	1576088202407157	EAAQDT6V6j7UBAN6RwABCCfzRH3Q8SvC5yMcWbMz457XZB5sxFn8NgPtAZC1s65yKGK5wdi2XxyGJjATM2bf7c4By8WgOnYokOnNUNbx8iPzuLUS6dZAX6Kuwa4OEQV3nZAl0kyImuS6ZCfwkiVP0TtkuL6KFzZC8wZD	2017-02-09 08:29:04.254154
83bd986a-bc65-4092-8ece-ed37223ddcb3	Luke Evans	lukeevans6@yahoo.com	1403852206312643	EAAQDT6V6j7UBADHOcZBULIuvG6WEHzBVNnHpKoYoE6DZBTNmoDekTVUc1tCx9wD26PNTgMNenMsSa8hoYTqqxpQxqAnaLWGK4aeK7aygfmZA1HVC1ZB4EJgX4d4Rv9FJNLP6iIwrUQsWAXyaLpzGfnoTMhvR8vAZD	2017-02-08 22:06:40.177081
4ee71cef-2913-41ed-8b3a-7548780401be	Nat Cheb	nchebi@icloud.com	118414878679540	EAAQDT6V6j7UBACMP6yWi4c01W91Etg6JT2z9lmlC6eghlHtzwIYsFghYtNZAth8EP9JCbUtEtAcRYH7ELLoLZAMIQU1Xigf93rwg3k5crcr9wG2qESnLPFwYGs5fyDI6t9z5hAQF2LsnhYNoW8RZAIeINPZBTOkZD	2017-02-16 12:35:38.920552
abc38c16-0f4f-43aa-8531-4d79c090800d	Becca Ngo	beccango12@gmail.com	1730461737283703	EAAQDT6V6j7UBAJ0crNKUo7msxW34peswGICnfca2HSw5DGZAclnJtoxTrZAxX163kh8y73CZBHefcsjjZCIgom6Kc3PxxwMalhRABW4kiETLZBZATGVPvaVyphGcdzrQ5oZBz8SsnCHDXxMlIgZABih0bp5ZCDYvf0jYZD	2017-02-16 12:46:59.67382
e9f43146-d7fa-4ec6-8e8c-f1a29f7c39ea	Luke Miseyko	lukemiseyko@yahoo.com	10207861820373253	EAAQDT6V6j7UBAGoa5TjhoWuuUuUikwtHJ40fk5uGah7EFsGe73qsOZC2lDpZC0jITZAzxZBeECyPZCaZAlG5uu481RJ9URVrYuAjtJnZB9WvH36gyZAoaa7DbA2TiZAVFTtAbbGt0nZCZCBYDnt2WmqNwZAbUWPzmYx4QPAZD	2017-02-09 10:57:25.09099
797de3e3-cf98-46a7-97b7-b3d3e905c43a	Matthew Gerstman	mattgerstman@gmail.com	10155041497871913	EAAQDT6V6j7UBAPRJALbhOBD13QJdk1Xj39nZCzqsznMy0eYZCk7MUeHfrGjBhC61f2xpYBMj7eZAHEsXdcJ9ej4V8ZCNbZBE90xWenPEj1jrwvfXZCaZABSYdBR8tBNqE0LUYI8DSvBX0ZCjMfLSqPgUzCHwZAoxOGxu3Bz47B98UVgZDZD	2017-02-13 17:11:35.768999
5fc8c2fb-49dd-45f7-bf95-34ab3d9c2423	Kassidy Roberts	kasadia1115@aol.com	1296655300373427	EAAQDT6V6j7UBAFtHCU11BbGOWIluHE5yxaswCpa9UDbaXMUEeFJH8TaL1RYZAZAk8VNC9VZB6cxkSjomZBG8LfblDVjt2cQTXKqTZBZA6h54oUGDyEnO4eZCFraLyh0qFCIB6eGmS7cOCgM9qCxq3a6lpy6kzbUtpwZD	2017-02-09 08:47:09.138254
\.


--
-- Name: dm_games_pkey; Type: CONSTRAINT; Schema: public; Owner: postgres; Tablespace: 
--

ALTER TABLE ONLY dm_games
    ADD CONSTRAINT dm_games_pkey PRIMARY KEY (game_id);


--
-- Name: dm_teams_pkey; Type: CONSTRAINT; Schema: public; Owner: postgres; Tablespace: 
--

ALTER TABLE ONLY dm_teams
    ADD CONSTRAINT dm_teams_pkey PRIMARY KEY (team_id);


--
-- Name: dm_users_pkey; Type: CONSTRAINT; Schema: public; Owner: postgres; Tablespace: 
--

ALTER TABLE ONLY dm_users
    ADD CONSTRAINT dm_users_pkey PRIMARY KEY (user_id);


--
-- Name: dm_teams_game_id_team_name_idx; Type: INDEX; Schema: public; Owner: postgres; Tablespace: 
--

CREATE UNIQUE INDEX dm_teams_game_id_team_name_idx ON dm_teams USING btree (game_id, team_name);


--
-- Name: dm_user_game_mapping_game_id_idx; Type: INDEX; Schema: public; Owner: postgres; Tablespace: 
--

CREATE INDEX dm_user_game_mapping_game_id_idx ON dm_user_game_mapping USING btree (game_id);


--
-- Name: dm_user_game_mapping_user_id_game_id_idx; Type: INDEX; Schema: public; Owner: postgres; Tablespace: 
--

CREATE UNIQUE INDEX dm_user_game_mapping_user_id_game_id_idx ON dm_user_game_mapping USING btree (user_id, game_id);


--
-- Name: dm_user_properties_user_id_key_idx; Type: INDEX; Schema: public; Owner: postgres; Tablespace: 
--

CREATE UNIQUE INDEX dm_user_properties_user_id_key_idx ON dm_user_properties USING btree (user_id, key);


--
-- Name: dm_user_targets_game_id_idx; Type: INDEX; Schema: public; Owner: postgres; Tablespace: 
--

CREATE INDEX dm_user_targets_game_id_idx ON dm_user_targets USING btree (game_id);


--
-- Name: dm_user_targets_target_id_game_id_idx; Type: INDEX; Schema: public; Owner: postgres; Tablespace: 
--

CREATE UNIQUE INDEX dm_user_targets_target_id_game_id_idx ON dm_user_targets USING btree (target_id, game_id);


--
-- Name: dm_user_targets_user_id_game_id_idx; Type: INDEX; Schema: public; Owner: postgres; Tablespace: 
--

CREATE UNIQUE INDEX dm_user_targets_user_id_game_id_idx ON dm_user_targets USING btree (user_id, game_id);


--
-- Name: dm_users_email_idx; Type: INDEX; Schema: public; Owner: postgres; Tablespace: 
--

CREATE UNIQUE INDEX dm_users_email_idx ON dm_users USING btree (username);


--
-- Name: dm_users_facebook_id_idx; Type: INDEX; Schema: public; Owner: postgres; Tablespace: 
--

CREATE UNIQUE INDEX dm_users_facebook_id_idx ON dm_users USING btree (facebook_id);


--
-- Name: single_kill_timer; Type: INDEX; Schema: public; Owner: postgres; Tablespace: 
--

CREATE UNIQUE INDEX single_kill_timer ON dm_kill_timers USING btree (game_id);


--
-- Name: unique_game_name; Type: INDEX; Schema: public; Owner: postgres; Tablespace: 
--

CREATE UNIQUE INDEX unique_game_name ON dm_games USING btree (lower((game_name)::text));


--
-- Name: dm_game_properties_game_id_fkey; Type: FK CONSTRAINT; Schema: public; Owner: postgres
--

ALTER TABLE ONLY dm_game_properties
    ADD CONSTRAINT dm_game_properties_game_id_fkey FOREIGN KEY (game_id) REFERENCES dm_games(game_id) ON DELETE CASCADE;


--
-- Name: dm_kill_timers_game_id_fkey; Type: FK CONSTRAINT; Schema: public; Owner: postgres
--

ALTER TABLE ONLY dm_kill_timers
    ADD CONSTRAINT dm_kill_timers_game_id_fkey FOREIGN KEY (game_id) REFERENCES dm_games(game_id) ON DELETE CASCADE;


--
-- Name: dm_teams_game_id_fkey; Type: FK CONSTRAINT; Schema: public; Owner: postgres
--

ALTER TABLE ONLY dm_teams
    ADD CONSTRAINT dm_teams_game_id_fkey FOREIGN KEY (game_id) REFERENCES dm_games(game_id) ON DELETE CASCADE;


--
-- Name: dm_user_game_mapping_game_id_fkey; Type: FK CONSTRAINT; Schema: public; Owner: postgres
--

ALTER TABLE ONLY dm_user_game_mapping
    ADD CONSTRAINT dm_user_game_mapping_game_id_fkey FOREIGN KEY (game_id) REFERENCES dm_games(game_id) ON DELETE CASCADE;


--
-- Name: dm_user_game_mapping_team_fkey; Type: FK CONSTRAINT; Schema: public; Owner: postgres
--

ALTER TABLE ONLY dm_user_game_mapping
    ADD CONSTRAINT dm_user_game_mapping_team_fkey FOREIGN KEY (team_id) REFERENCES dm_teams(team_id);


--
-- Name: dm_user_game_mapping_user_id_fkey; Type: FK CONSTRAINT; Schema: public; Owner: postgres
--

ALTER TABLE ONLY dm_user_game_mapping
    ADD CONSTRAINT dm_user_game_mapping_user_id_fkey FOREIGN KEY (user_id) REFERENCES dm_users(user_id) ON DELETE CASCADE;


--
-- Name: dm_user_properties_user_id_fkey; Type: FK CONSTRAINT; Schema: public; Owner: postgres
--

ALTER TABLE ONLY dm_user_properties
    ADD CONSTRAINT dm_user_properties_user_id_fkey FOREIGN KEY (user_id) REFERENCES dm_users(user_id) ON DELETE CASCADE;


--
-- Name: dm_user_targets_game_id_fkey; Type: FK CONSTRAINT; Schema: public; Owner: postgres
--

ALTER TABLE ONLY dm_user_targets
    ADD CONSTRAINT dm_user_targets_game_id_fkey FOREIGN KEY (game_id) REFERENCES dm_games(game_id) ON DELETE CASCADE;


--
-- Name: dm_user_targets_target_id_fkey; Type: FK CONSTRAINT; Schema: public; Owner: postgres
--

ALTER TABLE ONLY dm_user_targets
    ADD CONSTRAINT dm_user_targets_target_id_fkey FOREIGN KEY (target_id) REFERENCES dm_users(user_id) ON DELETE CASCADE;


--
-- Name: dm_user_targets_user_id_fkey; Type: FK CONSTRAINT; Schema: public; Owner: postgres
--

ALTER TABLE ONLY dm_user_targets
    ADD CONSTRAINT dm_user_targets_user_id_fkey FOREIGN KEY (user_id) REFERENCES dm_users(user_id) ON DELETE CASCADE;


--
-- Name: public; Type: ACL; Schema: -; Owner: postgres
--

REVOKE ALL ON SCHEMA public FROM PUBLIC;
REVOKE ALL ON SCHEMA public FROM postgres;
GRANT ALL ON SCHEMA public TO postgres;
GRANT ALL ON SCHEMA public TO PUBLIC;


--
-- PostgreSQL database dump complete
--

